INFO: [Common 17-3922] A valid Vivado Design Suite BASIC license has been detected. Your current license is active and will expire on 08-aug-2027.
#-----------------------------------------------------------
# Vivado v2026.1 (64-bit)
# SW Build 6511674 on Tue Jun 16 11:01:26 MDT 2026
# IP Build 6504888 on Tue Jun 09 09:05:25 MDT 2026
# SharedData Build 6501428 on Mon Jun 08 17:34:18 MDT 2026
# Start of session at: Sun Aug  9 20:27:51 2026
# Process ID         : 12368
# Current directory  : /home/alexander-armitage/Documents/GitHub/AURA-FPGA
# Command line       : vivado -mode batch -source Vivado/scripts/Build.tcl
# Log file           : /home/alexander-armitage/Documents/GitHub/AURA-FPGA/vivado.log
# Journal file       : /home/alexander-armitage/Documents/GitHub/AURA-FPGA/vivado.jou
# Running On         : alexander-armitage-XPS-9320
# Platform           : Ubuntu
# Operating System   : Ubuntu 26.04 LTS
# Processor Detail   : 13th Gen Intel(R) Core(TM) i7-1360P
# CPU Frequency      : 611.624 MHz
# CPU Physical cores : 12
# CPU Logical cores  : 16
# Host memory        : 32703 MB
# Swap memory        : 8589 MB
# Total Virtual      : 41293 MB
# Available Virtual  : 38697 MB
#-----------------------------------------------------------
source Vivado/scripts/Build.tcl
# set project_name "System_Design"
# set part "xc7a35tftg256-2"
# set jobs 8
# set script_dir [file dirname [file normalize [info script]]]
# set vivado_dir [file normalize "$script_dir/.."]
# set root_dir [file normalize "$vivado_dir/.."]
# set build_dir "$vivado_dir/build"
# set rtl_dir         "$root_dir/rtl"
# set constraints_dir "$vivado_dir/constraints"
# set bd_script       "$vivado_dir/bd/System.tcl"
# puts ""

# puts "============================================================"
============================================================
# puts " Vivado Build"
 Vivado Build
# puts "============================================================"
============================================================
# puts ""

# puts "Project:       $project_name"
Project:       System_Design
# puts "Part:          $part"
Part:          xc7a35tftg256-2
# puts ""

# puts "Repository:    $root_dir"
Repository:    /home/alexander-armitage/Documents/GitHub/AURA-FPGA
# puts "Vivado:        $vivado_dir"
Vivado:        /home/alexander-armitage/Documents/GitHub/AURA-FPGA/Vivado
# puts "RTL:           $rtl_dir"
RTL:           /home/alexander-armitage/Documents/GitHub/AURA-FPGA/rtl
# puts "Constraints:   $constraints_dir"
Constraints:   /home/alexander-armitage/Documents/GitHub/AURA-FPGA/Vivado/constraints
# puts "Block Design:  $bd_script"
Block Design:  /home/alexander-armitage/Documents/GitHub/AURA-FPGA/Vivado/bd/System.tcl
# puts "Build:         $build_dir"
Build:         /home/alexander-armitage/Documents/GitHub/AURA-FPGA/Vivado/build
# puts ""

# puts "============================================================"
============================================================
# puts ""

# if {![file exists $rtl_dir]} {
#     error "RTL directory does not exist: $rtl_dir"
# }
# if {![file exists $constraints_dir]} {
#     error "Constraints directory does not exist: $constraints_dir"
# }
# if {![file exists $bd_script]} {
#     error "Block Design script does not exist: $bd_script"
# }
# puts "Cleaning previous build..."
Cleaning previous build...
# if {[file exists $build_dir]} {
#     file delete -force $build_dir
# }
# file mkdir $build_dir
# puts ""

# puts "Creating Vivado project..."
Creating Vivado project...
# create_project \
#     $project_name \
#     "$build_dir/$project_name" \
#     -part $part \
#     -force
# puts ""

# puts "Adding RTL..."
Adding RTL...
# set rtl_files [glob -nocomplain \
#     -directory $rtl_dir \
#     -types f \
#     *]
# foreach file $rtl_files {
#     puts "  Adding RTL: $file"
#     add_files -norecurse $file
# }
# puts ""

# puts "Adding constraints..."
Adding constraints...
# set constraint_files [glob -nocomplain \
#     -directory $constraints_dir \
#     -types f \
#     *]
# foreach file $constraint_files {
#     puts "  Adding constraint: $file"
#     add_files \
#         -fileset constrs_1 \
#         -norecurse \
#         $file
# }
  Adding constraint: /home/alexander-armitage/Documents/GitHub/AURA-FPGA/Vivado/constraints/System.xdc
# puts ""

# puts "Creating Block Design from:"
Creating Block Design from:
# puts "  $bd_script"
  /home/alexander-armitage/Documents/GitHub/AURA-FPGA/Vivado/bd/System.tcl
# puts ""

# source $bd_script
## namespace eval _tcl {
## proc get_script_folder {} {
##    set script_path [file normalize [info script]]
##    set script_folder [file dirname $script_path]
##    return $script_folder
## }
## }
## variable script_folder
## set script_folder [_tcl::get_script_folder]
## set scripts_vivado_version 2026.1
## set current_vivado_version [version -short]
## if { [string first $scripts_vivado_version $current_vivado_version] == -1 } {
##    puts ""
##    if { [string compare $scripts_vivado_version $current_vivado_version] > 0 } {
##       catch {common::send_gid_msg -ssname BD::TCL -id 2042 -severity "ERROR" " This script was generated using Vivado <$scripts_vivado_version> and is being run in <$current_vivado_version> of Vivado. Sourcing the script failed since it was created with a future version of Vivado."}
## 
##    } else {
##      catch {common::send_gid_msg -ssname BD::TCL -id 2041 -severity "ERROR" "This script was generated using Vivado <$scripts_vivado_version> and is being run in <$current_vivado_version> of Vivado. Please run the script in Vivado <$scripts_vivado_version> then open the design in Vivado <$current_vivado_version>. Upgrade the design by running \"Tools => Report => Report IP Status...\", then run write_bd_tcl to create an updated script."}
## 
##    }
## 
##    return 1
## }
## set list_projs [get_projects -quiet]
## if { $list_projs eq "" } {
##    create_project project_1 myproj -part xc7a35tftg256-2
## }
## variable design_name
## set design_name System
## set errMsg ""
## set nRet 0
## set cur_design [current_bd_design -quiet]
## set list_cells [get_bd_cells -quiet]
## if { ${design_name} eq "" } {
##    # USE CASES:
##    #    1) Design_name not set
## 
##    set errMsg "Please set the variable <design_name> to a non-empty value."
##    set nRet 1
## 
## } elseif { ${cur_design} ne "" && ${list_cells} eq "" } {
##    # USE CASES:
##    #    2): Current design opened AND is empty AND names same.
##    #    3): Current design opened AND is empty AND names diff; design_name NOT in project.
##    #    4): Current design opened AND is empty AND names diff; design_name exists in project.
## 
##    if { $cur_design ne $design_name } {
##       common::send_gid_msg -ssname BD::TCL -id 2001 -severity "INFO" "Changing value of <design_name> from <$design_name> to <$cur_design> since current design is empty."
##       set design_name [get_property NAME $cur_design]
##    }
##    common::send_gid_msg -ssname BD::TCL -id 2002 -severity "INFO" "Constructing design in IPI design <$cur_design>..."
## 
## } elseif { ${cur_design} ne "" && $list_cells ne "" && $cur_design eq $design_name } {
##    # USE CASES:
##    #    5) Current design opened AND has components AND same names.
## 
##    set errMsg "Design <$design_name> already exists in your project, please set the variable <design_name> to another value."
##    set nRet 1
## } elseif { [get_files -quiet ${design_name}.bd] ne "" } {
##    # USE CASES: 
##    #    6) Current opened design, has components, but diff names, design_name exists in project.
##    #    7) No opened design, design_name exists in project.
## 
##    set errMsg "Design <$design_name> already exists in your project, please set the variable <design_name> to another value."
##    set nRet 2
## 
## } else {
##    # USE CASES:
##    #    8) No opened design, design_name not in project.
##    #    9) Current opened design, has components, but diff names, design_name not in project.
## 
##    common::send_gid_msg -ssname BD::TCL -id 2003 -severity "INFO" "Currently there is no design <$design_name> in project, so creating one..."
## 
##    create_bd_design $design_name
## 
##    common::send_gid_msg -ssname BD::TCL -id 2004 -severity "INFO" "Making design <$design_name> as current_bd_design."
##    current_bd_design $design_name
## 
## }
INFO: [BD::TCL 103-2003] Currently there is no design <System> in project, so creating one...
Wrote  : </home/alexander-armitage/Documents/GitHub/AURA-FPGA/Vivado/build/System_Design/System_Design.srcs/sources_1/bd/System/System.bd> 
INFO: [BD::TCL 103-2004] Making design <System> as current_bd_design.
## common::send_gid_msg -ssname BD::TCL -id 2005 -severity "INFO" "Currently the variable <design_name> is equal to \"$design_name\"."
INFO: [BD::TCL 103-2005] Currently the variable <design_name> is equal to "System".
## if { $nRet != 0 } {
##    catch {common::send_gid_msg -ssname BD::TCL -id 2006 -severity "ERROR" $errMsg}
##    return $nRet
## }
## set bCheckIPsPassed 1
## set bCheckIPs 1
## if { $bCheckIPs == 1 } {
##    set list_check_ips "\ 
## xilinx.com:ip:clk_wiz:6.0\
## xilinx.com:ip:mig_7series:4.2\
## xilinx.com:ip:microblaze:11.0\
## xilinx.com:ip:axi_intc:4.1\
## xilinx.com:ip:xlconcat:2.1\
## xilinx.com:ip:mdm:3.2\
## xilinx.com:ip:proc_sys_reset:5.0\
## xilinx.com:ip:axi_gpio:2.0\
## xilinx.com:ip:axi_uartlite:2.0\
## xilinx.com:ip:axi_quad_spi:3.2\
## xilinx.com:ip:axi_timer:2.0\
## xilinx.com:ip:xlconstant:1.1\
## xilinx.com:ip:axi_ethernetlite:3.0\
## xilinx.com:ip:lmb_v10:3.0\
## xilinx.com:ip:lmb_bram_if_cntlr:4.0\
## xilinx.com:ip:blk_mem_gen:8.4\
## "
## 
##    set list_ips_missing ""
##    common::send_gid_msg -ssname BD::TCL -id 2011 -severity "INFO" "Checking if the following IPs exist in the project's IP catalog: $list_check_ips ."
## 
##    foreach ip_vlnv $list_check_ips {
##       set ip_obj [get_ipdefs -all $ip_vlnv]
##       if { $ip_obj eq "" } {
##          lappend list_ips_missing $ip_vlnv
##       }
##    }
## 
##    if { $list_ips_missing ne "" } {
##       catch {common::send_gid_msg -ssname BD::TCL -id 2012 -severity "ERROR" "The following IPs are not found in the IP Catalog:\n  $list_ips_missing\n\nResolution: Please add the repository containing the IP(s) to the project." }
##       set bCheckIPsPassed 0
##    }
## 
## }
INFO: [BD::TCL 103-2011] Checking if the following IPs exist in the project's IP catalog:  
xilinx.com:ip:clk_wiz:6.0 xilinx.com:ip:mig_7series:4.2 xilinx.com:ip:microblaze:11.0 xilinx.com:ip:axi_intc:4.1 xilinx.com:ip:xlconcat:2.1 xilinx.com:ip:mdm:3.2 xilinx.com:ip:proc_sys_reset:5.0 xilinx.com:ip:axi_gpio:2.0 xilinx.com:ip:axi_uartlite:2.0 xilinx.com:ip:axi_quad_spi:3.2 xilinx.com:ip:axi_timer:2.0 xilinx.com:ip:xlconstant:1.1 xilinx.com:ip:axi_ethernetlite:3.0 xilinx.com:ip:lmb_v10:3.0 xilinx.com:ip:lmb_bram_if_cntlr:4.0 xilinx.com:ip:blk_mem_gen:8.4  .
## if { $bCheckIPsPassed != 1 } {
##   common::send_gid_msg -ssname BD::TCL -id 2023 -severity "WARNING" "Will not continue with creation of design due to the error(s) above."
##   return 3
## }
## proc write_mig_file_System_mig_7series_0_0 { str_mig_prj_filepath } {
## 
##    file mkdir [ file dirname "$str_mig_prj_filepath" ]
##    set mig_prj_file [open $str_mig_prj_filepath  w+]
## 
##    puts $mig_prj_file {﻿<?xml version="1.0" encoding="UTF-8" standalone="no" ?>}
##    puts $mig_prj_file {<Project NoOfControllers="1">}
##    puts $mig_prj_file {  }
##    puts $mig_prj_file {<!-- IMPORTANT: This is an internal file that has been generated by the MIG software. Any direct editing or changes made to this file may result in unpredictable behavior or data corruption. It is strongly advised that users do not edit the contents of this file. Re-run the MIG GUI with the required settings if any of the options provided below need to be altered. -->}
##    puts $mig_prj_file {  <ModuleName>System_mig_7series_0_0</ModuleName>}
##    puts $mig_prj_file {  <dci_inouts_inputs>1</dci_inouts_inputs>}
##    puts $mig_prj_file {  <dci_inputs>1</dci_inputs>}
##    puts $mig_prj_file {  <Debug_En>OFF</Debug_En>}
##    puts $mig_prj_file {  <DataDepth_En>1024</DataDepth_En>}
##    puts $mig_prj_file {  <LowPower_En>ON</LowPower_En>}
##    puts $mig_prj_file {  <XADC_En>Enabled</XADC_En>}
##    puts $mig_prj_file {  <TargetFPGA>xc7a35t-ftg256/-2</TargetFPGA>}
##    puts $mig_prj_file {  <Version>4.2</Version>}
##    puts $mig_prj_file {  <SystemClock>No Buffer</SystemClock>}
##    puts $mig_prj_file {  <ReferenceClock>Use System Clock</ReferenceClock>}
##    puts $mig_prj_file {  <SysResetPolarity>ACTIVE LOW</SysResetPolarity>}
##    puts $mig_prj_file {  <BankSelectionFlag>FALSE</BankSelectionFlag>}
##    puts $mig_prj_file {  <InternalVref>1</InternalVref>}
##    puts $mig_prj_file {  <dci_hr_inouts_inputs>50 Ohms</dci_hr_inouts_inputs>}
##    puts $mig_prj_file {  <dci_cascade>0</dci_cascade>}
##    puts $mig_prj_file {  <Controller number="0">}
##    puts $mig_prj_file {    <MemoryDevice>DDR3_SDRAM/Components/MT41K128M16XX-15E</MemoryDevice>}
##    puts $mig_prj_file {    <TimePeriod>2500</TimePeriod>}
##    puts $mig_prj_file {    <VccAuxIO>1.8V</VccAuxIO>}
##    puts $mig_prj_file {    <PHYRatio>4:1</PHYRatio>}
##    puts $mig_prj_file {    <InputClkFreq>200</InputClkFreq>}
##    puts $mig_prj_file {    <UIExtraClocks>0</UIExtraClocks>}
##    puts $mig_prj_file {    <MMCM_VCO>800</MMCM_VCO>}
##    puts $mig_prj_file {    <MMCMClkOut0> 1.000</MMCMClkOut0>}
##    puts $mig_prj_file {    <MMCMClkOut1>1</MMCMClkOut1>}
##    puts $mig_prj_file {    <MMCMClkOut2>1</MMCMClkOut2>}
##    puts $mig_prj_file {    <MMCMClkOut3>1</MMCMClkOut3>}
##    puts $mig_prj_file {    <MMCMClkOut4>1</MMCMClkOut4>}
##    puts $mig_prj_file {    <DataWidth>16</DataWidth>}
##    puts $mig_prj_file {    <DeepMemory>1</DeepMemory>}
##    puts $mig_prj_file {    <DataMask>1</DataMask>}
##    puts $mig_prj_file {    <ECC>Disabled</ECC>}
##    puts $mig_prj_file {    <Ordering>Strict</Ordering>}
##    puts $mig_prj_file {    <BankMachineCnt>4</BankMachineCnt>}
##    puts $mig_prj_file {    <CustomPart>FALSE</CustomPart>}
##    puts $mig_prj_file {    <NewPartName/>}
##    puts $mig_prj_file {    <RowAddress>14</RowAddress>}
##    puts $mig_prj_file {    <ColAddress>10</ColAddress>}
##    puts $mig_prj_file {    <BankAddress>3</BankAddress>}
##    puts $mig_prj_file {    <MemoryVoltage>1.35V</MemoryVoltage>}
##    puts $mig_prj_file {    <C0_MEM_SIZE>268435456</C0_MEM_SIZE>}
##    puts $mig_prj_file {    <UserMemoryAddressMap>BANK_ROW_COLUMN</UserMemoryAddressMap>}
##    puts $mig_prj_file {    <PinSelection>}
##    puts $mig_prj_file {      <Pin IN_TERM="" IOSTANDARD="SSTL135" PADName="D10" SLEW="" VCCAUX_IO="" name="ddr3_addr[0]"/>}
##    puts $mig_prj_file {      <Pin IN_TERM="" IOSTANDARD="SSTL135" PADName="C12" SLEW="" VCCAUX_IO="" name="ddr3_addr[10]"/>}
##    puts $mig_prj_file {      <Pin IN_TERM="" IOSTANDARD="SSTL135" PADName="A8" SLEW="" VCCAUX_IO="" name="ddr3_addr[11]"/>}
##    puts $mig_prj_file {      <Pin IN_TERM="" IOSTANDARD="SSTL135" PADName="C13" SLEW="" VCCAUX_IO="" name="ddr3_addr[12]"/>}
##    puts $mig_prj_file {      <Pin IN_TERM="" IOSTANDARD="SSTL135" PADName="B10" SLEW="" VCCAUX_IO="" name="ddr3_addr[13]"/>}
##    puts $mig_prj_file {      <Pin IN_TERM="" IOSTANDARD="SSTL135" PADName="C14" SLEW="" VCCAUX_IO="" name="ddr3_addr[1]"/>}
##    puts $mig_prj_file {      <Pin IN_TERM="" IOSTANDARD="SSTL135" PADName="D13" SLEW="" VCCAUX_IO="" name="ddr3_addr[2]"/>}
##    puts $mig_prj_file {      <Pin IN_TERM="" IOSTANDARD="SSTL135" PADName="A15" SLEW="" VCCAUX_IO="" name="ddr3_addr[3]"/>}
##    puts $mig_prj_file {      <Pin IN_TERM="" IOSTANDARD="SSTL135" PADName="A12" SLEW="" VCCAUX_IO="" name="ddr3_addr[4]"/>}
##    puts $mig_prj_file {      <Pin IN_TERM="" IOSTANDARD="SSTL135" PADName="B15" SLEW="" VCCAUX_IO="" name="ddr3_addr[5]"/>}
##    puts $mig_prj_file {      <Pin IN_TERM="" IOSTANDARD="SSTL135" PADName="B11" SLEW="" VCCAUX_IO="" name="ddr3_addr[6]"/>}
##    puts $mig_prj_file {      <Pin IN_TERM="" IOSTANDARD="SSTL135" PADName="B16" SLEW="" VCCAUX_IO="" name="ddr3_addr[7]"/>}
##    puts $mig_prj_file {      <Pin IN_TERM="" IOSTANDARD="SSTL135" PADName="A9" SLEW="" VCCAUX_IO="" name="ddr3_addr[8]"/>}
##    puts $mig_prj_file {      <Pin IN_TERM="" IOSTANDARD="SSTL135" PADName="C16" SLEW="" VCCAUX_IO="" name="ddr3_addr[9]"/>}
##    puts $mig_prj_file {      <Pin IN_TERM="" IOSTANDARD="SSTL135" PADName="B14" SLEW="" VCCAUX_IO="" name="ddr3_ba[0]"/>}
##    puts $mig_prj_file {      <Pin IN_TERM="" IOSTANDARD="SSTL135" PADName="B12" SLEW="" VCCAUX_IO="" name="ddr3_ba[1]"/>}
##    puts $mig_prj_file {      <Pin IN_TERM="" IOSTANDARD="SSTL135" PADName="D9" SLEW="" VCCAUX_IO="" name="ddr3_ba[2]"/>}
##    puts $mig_prj_file {      <Pin IN_TERM="" IOSTANDARD="SSTL135" PADName="A13" SLEW="" VCCAUX_IO="" name="ddr3_cas_n"/>}
##    puts $mig_prj_file {      <Pin IN_TERM="" IOSTANDARD="DIFF_SSTL135" PADName="A10" SLEW="" VCCAUX_IO="" name="ddr3_ck_n[0]"/>}
##    puts $mig_prj_file {      <Pin IN_TERM="" IOSTANDARD="DIFF_SSTL135" PADName="B9" SLEW="" VCCAUX_IO="" name="ddr3_ck_p[0]"/>}
##    puts $mig_prj_file {      <Pin IN_TERM="" IOSTANDARD="SSTL135" PADName="C11" SLEW="" VCCAUX_IO="" name="ddr3_cke[0]"/>}
##    puts $mig_prj_file {      <Pin IN_TERM="" IOSTANDARD="SSTL135" PADName="A14" SLEW="" VCCAUX_IO="" name="ddr3_cs_n[0]"/>}
##    puts $mig_prj_file {      <Pin IN_TERM="" IOSTANDARD="SSTL135" PADName="F15" SLEW="" VCCAUX_IO="" name="ddr3_dm[0]"/>}
##    puts $mig_prj_file {      <Pin IN_TERM="" IOSTANDARD="SSTL135" PADName="G16" SLEW="" VCCAUX_IO="" name="ddr3_dm[1]"/>}
##    puts $mig_prj_file {      <Pin IN_TERM="" IOSTANDARD="SSTL135" PADName="D11" SLEW="" VCCAUX_IO="" name="ddr3_dq[0]"/>}
##    puts $mig_prj_file {      <Pin IN_TERM="" IOSTANDARD="SSTL135" PADName="G12" SLEW="" VCCAUX_IO="" name="ddr3_dq[10]"/>}
##    puts $mig_prj_file {      <Pin IN_TERM="" IOSTANDARD="SSTL135" PADName="H11" SLEW="" VCCAUX_IO="" name="ddr3_dq[11]"/>}
##    puts $mig_prj_file {      <Pin IN_TERM="" IOSTANDARD="SSTL135" PADName="G15" SLEW="" VCCAUX_IO="" name="ddr3_dq[12]"/>}
##    puts $mig_prj_file {      <Pin IN_TERM="" IOSTANDARD="SSTL135" PADName="J15" SLEW="" VCCAUX_IO="" name="ddr3_dq[13]"/>}
##    puts $mig_prj_file {      <Pin IN_TERM="" IOSTANDARD="SSTL135" PADName="H12" SLEW="" VCCAUX_IO="" name="ddr3_dq[14]"/>}
##    puts $mig_prj_file {      <Pin IN_TERM="" IOSTANDARD="SSTL135" PADName="J16" SLEW="" VCCAUX_IO="" name="ddr3_dq[15]"/>}
##    puts $mig_prj_file {      <Pin IN_TERM="" IOSTANDARD="SSTL135" PADName="D16" SLEW="" VCCAUX_IO="" name="ddr3_dq[1]"/>}
##    puts $mig_prj_file {      <Pin IN_TERM="" IOSTANDARD="SSTL135" PADName="E11" SLEW="" VCCAUX_IO="" name="ddr3_dq[2]"/>}
##    puts $mig_prj_file {      <Pin IN_TERM="" IOSTANDARD="SSTL135" PADName="F13" SLEW="" VCCAUX_IO="" name="ddr3_dq[3]"/>}
##    puts $mig_prj_file {      <Pin IN_TERM="" IOSTANDARD="SSTL135" PADName="E13" SLEW="" VCCAUX_IO="" name="ddr3_dq[4]"/>}
##    puts $mig_prj_file {      <Pin IN_TERM="" IOSTANDARD="SSTL135" PADName="E15" SLEW="" VCCAUX_IO="" name="ddr3_dq[5]"/>}
##    puts $mig_prj_file {      <Pin IN_TERM="" IOSTANDARD="SSTL135" PADName="F12" SLEW="" VCCAUX_IO="" name="ddr3_dq[6]"/>}
##    puts $mig_prj_file {      <Pin IN_TERM="" IOSTANDARD="SSTL135" PADName="E16" SLEW="" VCCAUX_IO="" name="ddr3_dq[7]"/>}
##    puts $mig_prj_file {      <Pin IN_TERM="" IOSTANDARD="SSTL135" PADName="H13" SLEW="" VCCAUX_IO="" name="ddr3_dq[8]"/>}
##    puts $mig_prj_file {      <Pin IN_TERM="" IOSTANDARD="SSTL135" PADName="H16" SLEW="" VCCAUX_IO="" name="ddr3_dq[9]"/>}
##    puts $mig_prj_file {      <Pin IN_TERM="" IOSTANDARD="DIFF_SSTL135" PADName="D15" SLEW="" VCCAUX_IO="" name="ddr3_dqs_n[0]"/>}
##    puts $mig_prj_file {      <Pin IN_TERM="" IOSTANDARD="DIFF_SSTL135" PADName="F14" SLEW="" VCCAUX_IO="" name="ddr3_dqs_n[1]"/>}
##    puts $mig_prj_file {      <Pin IN_TERM="" IOSTANDARD="DIFF_SSTL135" PADName="D14" SLEW="" VCCAUX_IO="" name="ddr3_dqs_p[0]"/>}
##    puts $mig_prj_file {      <Pin IN_TERM="" IOSTANDARD="DIFF_SSTL135" PADName="G14" SLEW="" VCCAUX_IO="" name="ddr3_dqs_p[1]"/>}
##    puts $mig_prj_file {      <Pin IN_TERM="" IOSTANDARD="SSTL135" PADName="C8" SLEW="" VCCAUX_IO="" name="ddr3_odt[0]"/>}
##    puts $mig_prj_file {      <Pin IN_TERM="" IOSTANDARD="SSTL135" PADName="D8" SLEW="" VCCAUX_IO="" name="ddr3_ras_n"/>}
##    puts $mig_prj_file {      <Pin IN_TERM="" IOSTANDARD="SSTL135" PADName="E12" SLEW="" VCCAUX_IO="" name="ddr3_reset_n"/>}
##    puts $mig_prj_file {      <Pin IN_TERM="" IOSTANDARD="SSTL135" PADName="C9" SLEW="" VCCAUX_IO="" name="ddr3_we_n"/>}
##    puts $mig_prj_file {    </PinSelection>}
##    puts $mig_prj_file {    <System_Control>}
##    puts $mig_prj_file {      <Pin Bank="Select Bank" PADName="No connect" name="sys_rst"/>}
##    puts $mig_prj_file {      <Pin Bank="14" PADName="M14" name="init_calib_complete"/>}
##    puts $mig_prj_file {      <Pin Bank="Select Bank" PADName="No connect" name="tg_compare_error"/>}
##    puts $mig_prj_file {    </System_Control>}
##    puts $mig_prj_file {    <TimingParameters>}
##    puts $mig_prj_file {      <Parameters tcke="5.625" tfaw="45" tras="36" trcd="13.5" trefi="7.8" trfc="160" trp="13.5" trrd="7.5" trtp="7.5" twtr="7.5"/>}
##    puts $mig_prj_file {    </TimingParameters>}
##    puts $mig_prj_file {    <mrBurstLength name="Burst Length">8 - Fixed</mrBurstLength>}
##    puts $mig_prj_file {    <mrBurstType name="Read Burst Type and Length">Sequential</mrBurstType>}
##    puts $mig_prj_file {    <mrCasLatency name="CAS Latency">6</mrCasLatency>}
##    puts $mig_prj_file {    <mrMode name="Mode">Normal</mrMode>}
##    puts $mig_prj_file {    <mrDllReset name="DLL Reset">No</mrDllReset>}
##    puts $mig_prj_file {    <mrPdMode name="DLL control for precharge PD">Slow Exit</mrPdMode>}
##    puts $mig_prj_file {    <emrDllEnable name="DLL Enable">Enable</emrDllEnable>}
##    puts $mig_prj_file {    <emrOutputDriveStrength name="Output Driver Impedance Control">RZQ/7</emrOutputDriveStrength>}
##    puts $mig_prj_file {    <emrMirrorSelection name="Address Mirroring">Disable</emrMirrorSelection>}
##    puts $mig_prj_file {    <emrCSSelection name="Controller Chip Select Pin">Enable</emrCSSelection>}
##    puts $mig_prj_file {    <emrRTT name="RTT (nominal) - On Die Termination (ODT)">RZQ/6</emrRTT>}
##    puts $mig_prj_file {    <emrPosted name="Additive Latency (AL)">0</emrPosted>}
##    puts $mig_prj_file {    <emrOCD name="Write Leveling Enable">Disabled</emrOCD>}
##    puts $mig_prj_file {    <emrDQS name="TDQS enable">Enabled</emrDQS>}
##    puts $mig_prj_file {    <emrRDQS name="Qoff">Output Buffer Enabled</emrRDQS>}
##    puts $mig_prj_file {    <mr2PartialArraySelfRefresh name="Partial-Array Self Refresh">Full Array</mr2PartialArraySelfRefresh>}
##    puts $mig_prj_file {    <mr2CasWriteLatency name="CAS write latency">5</mr2CasWriteLatency>}
##    puts $mig_prj_file {    <mr2AutoSelfRefresh name="Auto Self Refresh">Enabled</mr2AutoSelfRefresh>}
##    puts $mig_prj_file {    <mr2SelfRefreshTempRange name="High Temparature Self Refresh Rate">Normal</mr2SelfRefreshTempRange>}
##    puts $mig_prj_file {    <mr2RTTWR name="RTT_WR - Dynamic On Die Termination (ODT)">Dynamic ODT off</mr2RTTWR>}
##    puts $mig_prj_file {    <PortInterface>AXI</PortInterface>}
##    puts $mig_prj_file {    <AXIParameters>}
##    puts $mig_prj_file {      <C0_C_RD_WR_ARB_ALGORITHM>RD_PRI_REG</C0_C_RD_WR_ARB_ALGORITHM>}
##    puts $mig_prj_file {      <C0_S_AXI_ADDR_WIDTH>28</C0_S_AXI_ADDR_WIDTH>}
##    puts $mig_prj_file {      <C0_S_AXI_DATA_WIDTH>32</C0_S_AXI_DATA_WIDTH>}
##    puts $mig_prj_file {      <C0_S_AXI_ID_WIDTH>3</C0_S_AXI_ID_WIDTH>}
##    puts $mig_prj_file {      <C0_S_AXI_SUPPORTS_NARROW_BURST>1</C0_S_AXI_SUPPORTS_NARROW_BURST>}
##    puts $mig_prj_file {    </AXIParameters>}
##    puts $mig_prj_file {  </Controller>}
##    puts $mig_prj_file {</Project>}
## 
##    close $mig_prj_file
## }
## proc create_hier_cell_microblaze_0_local_memory { parentCell nameHier } {
## 
##   variable script_folder
## 
##   if { $parentCell eq "" || $nameHier eq "" } {
##      catch {common::send_gid_msg -ssname BD::TCL -id 2092 -severity "ERROR" "create_hier_cell_microblaze_0_local_memory() - Empty argument(s)!"}
##      return
##   }
## 
##   # Get object for parentCell
##   set parentObj [get_bd_cells $parentCell]
##   if { $parentObj == "" } {
##      catch {common::send_gid_msg -ssname BD::TCL -id 2090 -severity "ERROR" "Unable to find parent cell <$parentCell>!"}
##      return
##   }
## 
##   # Make sure parentObj is hier blk
##   set parentType [get_property TYPE $parentObj]
##   if { $parentType ne "hier" } {
##      catch {common::send_gid_msg -ssname BD::TCL -id 2091 -severity "ERROR" "Parent <$parentObj> has TYPE = <$parentType>. Expected to be <hier>."}
##      return
##   }
## 
##   # Save current instance; Restore later
##   set oldCurInst [current_bd_instance .]
## 
##   # Set parent object as current
##   current_bd_instance $parentObj
## 
##   # Create cell and set as current instance
##   set hier_obj [create_bd_cell -type hier $nameHier]
##   current_bd_instance $hier_obj
## 
##   # Create interface pins
##   create_bd_intf_pin -mode MirroredMaster -vlnv xilinx.com:interface:lmb_rtl:1.0 DLMB
## 
##   create_bd_intf_pin -mode MirroredMaster -vlnv xilinx.com:interface:lmb_rtl:1.0 ILMB
## 
## 
##   # Create pins
##   create_bd_pin -dir I -type clk LMB_Clk
##   create_bd_pin -dir I -type rst SYS_Rst
## 
##   # Create instance: dlmb_v10, and set properties
##   set dlmb_v10 [ create_bd_cell -type ip -vlnv xilinx.com:ip:lmb_v10:3.0 dlmb_v10 ]
## 
##   # Create instance: ilmb_v10, and set properties
##   set ilmb_v10 [ create_bd_cell -type ip -vlnv xilinx.com:ip:lmb_v10:3.0 ilmb_v10 ]
## 
##   # Create instance: dlmb_bram_if_cntlr, and set properties
##   set dlmb_bram_if_cntlr [ create_bd_cell -type ip -vlnv xilinx.com:ip:lmb_bram_if_cntlr:4.0 dlmb_bram_if_cntlr ]
##   set_property CONFIG.C_ECC {0} $dlmb_bram_if_cntlr
## 
## 
##   # Create instance: ilmb_bram_if_cntlr, and set properties
##   set ilmb_bram_if_cntlr [ create_bd_cell -type ip -vlnv xilinx.com:ip:lmb_bram_if_cntlr:4.0 ilmb_bram_if_cntlr ]
##   set_property CONFIG.C_ECC {0} $ilmb_bram_if_cntlr
## 
## 
##   # Create instance: lmb_bram, and set properties
##   set lmb_bram [ create_bd_cell -type ip -vlnv xilinx.com:ip:blk_mem_gen:8.4 lmb_bram ]
##   set_property -dict [list \
##     CONFIG.Memory_Type {True_Dual_Port_RAM} \
##     CONFIG.use_bram_block {BRAM_Controller} \
##   ] $lmb_bram
## 
## 
##   # Create interface connections
##   connect_bd_intf_net -intf_net microblaze_0_dlmb [get_bd_intf_pins dlmb_v10/LMB_M] [get_bd_intf_pins DLMB]
##   connect_bd_intf_net -intf_net microblaze_0_dlmb_bus [get_bd_intf_pins dlmb_v10/LMB_Sl_0] [get_bd_intf_pins dlmb_bram_if_cntlr/SLMB]
##   connect_bd_intf_net -intf_net microblaze_0_dlmb_cntlr [get_bd_intf_pins dlmb_bram_if_cntlr/BRAM_PORT] [get_bd_intf_pins lmb_bram/BRAM_PORTA]
##   connect_bd_intf_net -intf_net microblaze_0_ilmb [get_bd_intf_pins ilmb_v10/LMB_M] [get_bd_intf_pins ILMB]
##   connect_bd_intf_net -intf_net microblaze_0_ilmb_bus [get_bd_intf_pins ilmb_v10/LMB_Sl_0] [get_bd_intf_pins ilmb_bram_if_cntlr/SLMB]
##   connect_bd_intf_net -intf_net microblaze_0_ilmb_cntlr [get_bd_intf_pins ilmb_bram_if_cntlr/BRAM_PORT] [get_bd_intf_pins lmb_bram/BRAM_PORTB]
## 
##   # Create port connections
##   connect_bd_net -net SYS_Rst_1  [get_bd_pins SYS_Rst] \
##   [get_bd_pins dlmb_v10/SYS_Rst] \
##   [get_bd_pins dlmb_bram_if_cntlr/LMB_Rst] \
##   [get_bd_pins ilmb_v10/SYS_Rst] \
##   [get_bd_pins ilmb_bram_if_cntlr/LMB_Rst]
##   connect_bd_net -net microblaze_0_Clk  [get_bd_pins LMB_Clk] \
##   [get_bd_pins dlmb_v10/LMB_Clk] \
##   [get_bd_pins dlmb_bram_if_cntlr/LMB_Clk] \
##   [get_bd_pins ilmb_v10/LMB_Clk] \
##   [get_bd_pins ilmb_bram_if_cntlr/LMB_Clk]
## 
##   # Restore current instance
##   current_bd_instance $oldCurInst
## }
## proc create_root_design { parentCell } {
## 
##   variable script_folder
##   variable design_name
## 
##   if { $parentCell eq "" } {
##      set parentCell [get_bd_cells /]
##   }
## 
##   # Get object for parentCell
##   set parentObj [get_bd_cells $parentCell]
##   if { $parentObj == "" } {
##      catch {common::send_gid_msg -ssname BD::TCL -id 2090 -severity "ERROR" "Unable to find parent cell <$parentCell>!"}
##      return
##   }
## 
##   # Make sure parentObj is hier blk
##   set parentType [get_property TYPE $parentObj]
##   if { $parentType ne "hier" } {
##      catch {common::send_gid_msg -ssname BD::TCL -id 2091 -severity "ERROR" "Parent <$parentObj> has TYPE = <$parentType>. Expected to be <hier>."}
##      return
##   }
## 
##   # Save current instance; Restore later
##   set oldCurInst [current_bd_instance .]
## 
##   # Set parent object as current
##   current_bd_instance $parentObj
## 
## 
##   # Create interface ports
##   set DDR3_0 [ create_bd_intf_port -mode Master -vlnv xilinx.com:interface:ddrx_rtl:1.0 DDR3_0 ]
## 
##   set GPIO_0 [ create_bd_intf_port -mode Master -vlnv xilinx.com:interface:gpio_rtl:1.0 GPIO_0 ]
## 
##   set UART_0 [ create_bd_intf_port -mode Master -vlnv xilinx.com:interface:uart_rtl:1.0 UART_0 ]
## 
##   set SPI_0_0 [ create_bd_intf_port -mode Master -vlnv xilinx.com:interface:spi_rtl:1.0 SPI_0_0 ]
## 
##   set MII_1 [ create_bd_intf_port -mode Master -vlnv xilinx.com:interface:mii_rtl:1.0 MII_1 ]
## 
##   set MII_0 [ create_bd_intf_port -mode Master -vlnv xilinx.com:interface:mii_rtl:1.0 MII_0 ]
## 
##   set MDIO_0 [ create_bd_intf_port -mode Master -vlnv xilinx.com:interface:mdio_rtl:1.0 MDIO_0 ]
## 
## 
##   # Create ports
##   set sys_clk [ create_bd_port -dir I -type clk sys_clk ]
##   set reset [ create_bd_port -dir I -type rst reset ]
## 
##   # Create instance: clk_wiz_0, and set properties
##   set clk_wiz_0 [ create_bd_cell -type ip -vlnv xilinx.com:ip:clk_wiz:6.0 clk_wiz_0 ]
##   set_property -dict [list \
##     CONFIG.CLKOUT2_DRIVES {BUFG} \
##     CONFIG.CLKOUT2_JITTER {114.829} \
##     CONFIG.CLKOUT2_PHASE_ERROR {98.575} \
##     CONFIG.CLKOUT2_REQUESTED_OUT_FREQ {200} \
##     CONFIG.CLKOUT2_USED {true} \
##     CONFIG.CLKOUT3_JITTER {175.402} \
##     CONFIG.CLKOUT3_PHASE_ERROR {98.575} \
##     CONFIG.CLKOUT3_REQUESTED_OUT_FREQ {25} \
##     CONFIG.CLKOUT3_USED {false} \
##     CONFIG.CLKOUT4_REQUESTED_OUT_FREQ {125} \
##     CONFIG.CLKOUT4_USED {false} \
##     CONFIG.MMCM_CLKOUT1_DIVIDE {5} \
##     CONFIG.MMCM_CLKOUT2_DIVIDE {1} \
##     CONFIG.MMCM_CLKOUT3_DIVIDE {1} \
##     CONFIG.NUM_OUT_CLKS {2} \
##     CONFIG.RESET_PORT {resetn} \
##     CONFIG.RESET_TYPE {ACTIVE_LOW} \
##     CONFIG.USE_LOCKED {false} \
##   ] $clk_wiz_0
## 
## 
##   # Create instance: mig_7series_0, and set properties
##   set mig_7series_0 [ create_bd_cell -type ip -vlnv xilinx.com:ip:mig_7series:4.2 mig_7series_0 ]
## 
##   # Generate the PRJ File for MIG
##   set str_mig_folder [get_property IP_DIR [ get_ips [ get_property CONFIG.Component_Name $mig_7series_0 ] ] ]
##   set str_mig_file_name mig_b.prj
##   set str_mig_file_path ${str_mig_folder}/${str_mig_file_name}
##   write_mig_file_System_mig_7series_0_0 $str_mig_file_path
## 
##   set_property -dict [list \
##     CONFIG.BOARD_MIG_PARAM {Custom} \
##     CONFIG.MIG_DONT_TOUCH_PARAM {Custom} \
##     CONFIG.RESET_BOARD_INTERFACE {Custom} \
##     CONFIG.XML_INPUT_FILE {mig_b.prj} \
##   ] $mig_7series_0
## 
## 
##   # Create instance: microblaze_0, and set properties
##   set microblaze_0 [ create_bd_cell -type ip -vlnv xilinx.com:ip:microblaze:11.0 microblaze_0 ]
##   set_property -dict [list \
##     CONFIG.C_DEBUG_ENABLED {1} \
##     CONFIG.C_D_AXI {1} \
##     CONFIG.C_D_LMB {1} \
##     CONFIG.C_ENABLE_CONVERSION {0} \
##     CONFIG.C_I_LMB {1} \
##     CONFIG.G_TEMPLATE_LIST {4} \
##   ] $microblaze_0
## 
## 
##   # Create instance: microblaze_0_local_memory
##   create_hier_cell_microblaze_0_local_memory [current_bd_instance .] microblaze_0_local_memory
## 
##   # Create instance: microblaze_0_axi_periph, and set properties
##   set microblaze_0_axi_periph [ create_bd_cell -type ip -vlnv xilinx.com:ip:axi_interconnect:2.1 microblaze_0_axi_periph ]
##   set_property -dict [list \
##     CONFIG.NUM_MI {8} \
##     CONFIG.NUM_SI {6} \
##   ] $microblaze_0_axi_periph
## 
## 
##   # Create instance: microblaze_0_axi_intc, and set properties
##   set microblaze_0_axi_intc [ create_bd_cell -type ip -vlnv xilinx.com:ip:axi_intc:4.1 microblaze_0_axi_intc ]
##   set_property CONFIG.C_HAS_FAST {1} $microblaze_0_axi_intc
## 
## 
##   # Create instance: microblaze_0_xlconcat, and set properties
##   set microblaze_0_xlconcat [ create_bd_cell -type ip -vlnv xilinx.com:ip:xlconcat:2.1 microblaze_0_xlconcat ]
##   set_property CONFIG.NUM_PORTS {6} $microblaze_0_xlconcat
## 
## 
##   # Create instance: mdm_1, and set properties
##   set mdm_1 [ create_bd_cell -type ip -vlnv xilinx.com:ip:mdm:3.2 mdm_1 ]
## 
##   # Create instance: rst_mig_7series_0_100M, and set properties
##   set rst_mig_7series_0_100M [ create_bd_cell -type ip -vlnv xilinx.com:ip:proc_sys_reset:5.0 rst_mig_7series_0_100M ]
## 
##   # Create instance: axi_gpio_0, and set properties
##   set axi_gpio_0 [ create_bd_cell -type ip -vlnv xilinx.com:ip:axi_gpio:2.0 axi_gpio_0 ]
##   set_property -dict [list \
##     CONFIG.C_GPIO_WIDTH {1} \
##     CONFIG.C_INTERRUPT_PRESENT {1} \
##   ] $axi_gpio_0
## 
## 
##   # Create instance: axi_uartlite_0, and set properties
##   set axi_uartlite_0 [ create_bd_cell -type ip -vlnv xilinx.com:ip:axi_uartlite:2.0 axi_uartlite_0 ]
## 
##   # Create instance: axi_quad_spi_0, and set properties
##   set axi_quad_spi_0 [ create_bd_cell -type ip -vlnv xilinx.com:ip:axi_quad_spi:3.2 axi_quad_spi_0 ]
##   set_property CONFIG.Master_mode {0} $axi_quad_spi_0
## 
## 
##   # Create instance: axi_timer_0, and set properties
##   set axi_timer_0 [ create_bd_cell -type ip -vlnv xilinx.com:ip:axi_timer:2.0 axi_timer_0 ]
## 
##   # Create instance: rst_clk_wiz_0_100M, and set properties
##   set rst_clk_wiz_0_100M [ create_bd_cell -type ip -vlnv xilinx.com:ip:proc_sys_reset:5.0 rst_clk_wiz_0_100M ]
## 
##   # Create instance: xlconstant_0, and set properties
##   set xlconstant_0 [ create_bd_cell -type ip -vlnv xilinx.com:ip:xlconstant:1.1 xlconstant_0 ]
## 
##   # Create instance: axi_ethernetlite_0, and set properties
##   set axi_ethernetlite_0 [ create_bd_cell -type ip -vlnv xilinx.com:ip:axi_ethernetlite:3.0 axi_ethernetlite_0 ]
##   set_property -dict [list \
##     CONFIG.C_INCLUDE_MDIO {1} \
##     CONFIG.C_S_AXI_ID_WIDTH {32} \
##     CONFIG.C_S_AXI_PROTOCOL {AXI4} \
##   ] $axi_ethernetlite_0
## 
## 
##   # Create instance: axi_ethernetlite_1, and set properties
##   set axi_ethernetlite_1 [ create_bd_cell -type ip -vlnv xilinx.com:ip:axi_ethernetlite:3.0 axi_ethernetlite_1 ]
##   set_property -dict [list \
##     CONFIG.C_INCLUDE_INTERNAL_LOOPBACK {0} \
##     CONFIG.C_INCLUDE_MDIO {0} \
##     CONFIG.C_S_AXI_ID_WIDTH {32} \
##     CONFIG.C_S_AXI_PROTOCOL {AXI4} \
##   ] $axi_ethernetlite_1
## 
## 
##   # Create interface connections
##   connect_bd_intf_net -intf_net axi_ethernetlite_0_MDIO [get_bd_intf_ports MDIO_0] [get_bd_intf_pins axi_ethernetlite_0/MDIO]
##   connect_bd_intf_net -intf_net axi_ethernetlite_0_MII [get_bd_intf_ports MII_0] [get_bd_intf_pins axi_ethernetlite_0/MII]
##   connect_bd_intf_net -intf_net axi_ethernetlite_1_MII [get_bd_intf_ports MII_1] [get_bd_intf_pins axi_ethernetlite_1/MII]
##   connect_bd_intf_net -intf_net axi_gpio_0_GPIO [get_bd_intf_ports GPIO_0] [get_bd_intf_pins axi_gpio_0/GPIO]
##   connect_bd_intf_net -intf_net axi_quad_spi_0_SPI_0 [get_bd_intf_ports SPI_0_0] [get_bd_intf_pins axi_quad_spi_0/SPI_0]
##   connect_bd_intf_net -intf_net axi_uartlite_0_UART [get_bd_intf_ports UART_0] [get_bd_intf_pins axi_uartlite_0/UART]
##   connect_bd_intf_net -intf_net microblaze_0_M_AXI_DC [get_bd_intf_pins microblaze_0/M_AXI_DC] [get_bd_intf_pins microblaze_0_axi_periph/S01_AXI]
##   connect_bd_intf_net -intf_net microblaze_0_M_AXI_IC [get_bd_intf_pins microblaze_0/M_AXI_IC] [get_bd_intf_pins microblaze_0_axi_periph/S02_AXI]
##   connect_bd_intf_net -intf_net microblaze_0_axi_dp [get_bd_intf_pins microblaze_0_axi_periph/S00_AXI] [get_bd_intf_pins microblaze_0/M_AXI_DP]
##   connect_bd_intf_net -intf_net microblaze_0_axi_periph_M01_AXI [get_bd_intf_pins microblaze_0_axi_periph/M01_AXI] [get_bd_intf_pins mig_7series_0/S_AXI]
##   connect_bd_intf_net -intf_net microblaze_0_axi_periph_M02_AXI [get_bd_intf_pins microblaze_0_axi_periph/M02_AXI] [get_bd_intf_pins axi_ethernetlite_0/S_AXI]
##   connect_bd_intf_net -intf_net microblaze_0_axi_periph_M03_AXI [get_bd_intf_pins microblaze_0_axi_periph/M03_AXI] [get_bd_intf_pins axi_ethernetlite_1/S_AXI]
##   connect_bd_intf_net -intf_net microblaze_0_axi_periph_M04_AXI [get_bd_intf_pins microblaze_0_axi_periph/M04_AXI] [get_bd_intf_pins axi_gpio_0/S_AXI]
##   connect_bd_intf_net -intf_net microblaze_0_axi_periph_M05_AXI [get_bd_intf_pins microblaze_0_axi_periph/M05_AXI] [get_bd_intf_pins axi_quad_spi_0/AXI_LITE]
##   connect_bd_intf_net -intf_net microblaze_0_axi_periph_M06_AXI [get_bd_intf_pins microblaze_0_axi_periph/M06_AXI] [get_bd_intf_pins axi_timer_0/S_AXI]
##   connect_bd_intf_net -intf_net microblaze_0_axi_periph_M07_AXI [get_bd_intf_pins microblaze_0_axi_periph/M07_AXI] [get_bd_intf_pins axi_uartlite_0/S_AXI]
##   connect_bd_intf_net -intf_net microblaze_0_debug [get_bd_intf_pins mdm_1/MBDEBUG_0] [get_bd_intf_pins microblaze_0/DEBUG]
##   connect_bd_intf_net -intf_net microblaze_0_dlmb_1 [get_bd_intf_pins microblaze_0/DLMB] [get_bd_intf_pins microblaze_0_local_memory/DLMB]
##   connect_bd_intf_net -intf_net microblaze_0_ilmb_1 [get_bd_intf_pins microblaze_0/ILMB] [get_bd_intf_pins microblaze_0_local_memory/ILMB]
##   connect_bd_intf_net -intf_net microblaze_0_intc_axi [get_bd_intf_pins microblaze_0_axi_periph/M00_AXI] [get_bd_intf_pins microblaze_0_axi_intc/s_axi]
##   connect_bd_intf_net -intf_net microblaze_0_interrupt [get_bd_intf_pins microblaze_0_axi_intc/interrupt] [get_bd_intf_pins microblaze_0/INTERRUPT]
##   connect_bd_intf_net -intf_net mig_7series_0_DDR3 [get_bd_intf_ports DDR3_0] [get_bd_intf_pins mig_7series_0/DDR3]
## 
##   # Create port connections
##   connect_bd_net -net Net  [get_bd_pins clk_wiz_0/clk_out1] \
##   [get_bd_pins rst_clk_wiz_0_100M/slowest_sync_clk] \
##   [get_bd_pins microblaze_0_axi_periph/S03_ACLK] \
##   [get_bd_pins microblaze_0_axi_periph/S04_ACLK] \
##   [get_bd_pins microblaze_0_axi_periph/S05_ACLK]
##   connect_bd_net -net axi_ethernetlite_0_ip2intc_irpt  [get_bd_pins axi_ethernetlite_0/ip2intc_irpt] \
##   [get_bd_pins microblaze_0_xlconcat/In0]
##   connect_bd_net -net axi_ethernetlite_1_ip2intc_irpt  [get_bd_pins axi_ethernetlite_1/ip2intc_irpt] \
##   [get_bd_pins microblaze_0_xlconcat/In1]
##   connect_bd_net -net axi_gpio_0_ip2intc_irpt  [get_bd_pins axi_gpio_0/ip2intc_irpt] \
##   [get_bd_pins microblaze_0_xlconcat/In2]
##   connect_bd_net -net axi_quad_spi_0_ip2intc_irpt  [get_bd_pins axi_quad_spi_0/ip2intc_irpt] \
##   [get_bd_pins microblaze_0_xlconcat/In5]
##   connect_bd_net -net axi_timer_0_interrupt  [get_bd_pins axi_timer_0/interrupt] \
##   [get_bd_pins microblaze_0_xlconcat/In4]
##   connect_bd_net -net axi_uartlite_0_interrupt  [get_bd_pins axi_uartlite_0/interrupt] \
##   [get_bd_pins microblaze_0_xlconcat/In3]
##   connect_bd_net -net clk_in1_0_1  [get_bd_ports sys_clk] \
##   [get_bd_pins clk_wiz_0/clk_in1]
##   connect_bd_net -net clk_wiz_0_clk_out2  [get_bd_pins clk_wiz_0/clk_out2] \
##   [get_bd_pins mig_7series_0/sys_clk_i]
##   connect_bd_net -net mdm_1_debug_sys_rst  [get_bd_pins mdm_1/Debug_SYS_Rst] \
##   [get_bd_pins rst_mig_7series_0_100M/mb_debug_sys_rst]
##   connect_bd_net -net microblaze_0_Clk  [get_bd_pins mig_7series_0/ui_clk] \
##   [get_bd_pins microblaze_0/Clk] \
##   [get_bd_pins microblaze_0_axi_periph/ACLK] \
##   [get_bd_pins microblaze_0_axi_periph/S00_ACLK] \
##   [get_bd_pins microblaze_0_axi_periph/M00_ACLK] \
##   [get_bd_pins microblaze_0_axi_intc/s_axi_aclk] \
##   [get_bd_pins microblaze_0_axi_intc/processor_clk] \
##   [get_bd_pins microblaze_0_local_memory/LMB_Clk] \
##   [get_bd_pins rst_mig_7series_0_100M/slowest_sync_clk] \
##   [get_bd_pins microblaze_0_axi_periph/S01_ACLK] \
##   [get_bd_pins microblaze_0_axi_periph/S02_ACLK] \
##   [get_bd_pins microblaze_0_axi_periph/M01_ACLK] \
##   [get_bd_pins microblaze_0_axi_periph/M02_ACLK] \
##   [get_bd_pins microblaze_0_axi_periph/M03_ACLK] \
##   [get_bd_pins axi_gpio_0/s_axi_aclk] \
##   [get_bd_pins microblaze_0_axi_periph/M04_ACLK] \
##   [get_bd_pins axi_quad_spi_0/s_axi_aclk] \
##   [get_bd_pins microblaze_0_axi_periph/M05_ACLK] \
##   [get_bd_pins axi_quad_spi_0/ext_spi_clk] \
##   [get_bd_pins axi_timer_0/s_axi_aclk] \
##   [get_bd_pins microblaze_0_axi_periph/M06_ACLK] \
##   [get_bd_pins axi_uartlite_0/s_axi_aclk] \
##   [get_bd_pins microblaze_0_axi_periph/M07_ACLK] \
##   [get_bd_pins axi_ethernetlite_0/s_axi_aclk] \
##   [get_bd_pins axi_ethernetlite_1/s_axi_aclk]
##   connect_bd_net -net microblaze_0_intr  [get_bd_pins microblaze_0_xlconcat/dout] \
##   [get_bd_pins microblaze_0_axi_intc/intr]
##   connect_bd_net -net mig_7series_0_mmcm_locked  [get_bd_pins mig_7series_0/mmcm_locked] \
##   [get_bd_pins rst_mig_7series_0_100M/dcm_locked]
##   connect_bd_net -net mig_7series_0_ui_clk_sync_rst  [get_bd_pins mig_7series_0/ui_clk_sync_rst] \
##   [get_bd_pins rst_mig_7series_0_100M/ext_reset_in]
##   connect_bd_net -net resetn_0_1  [get_bd_ports reset] \
##   [get_bd_pins clk_wiz_0/resetn] \
##   [get_bd_pins mig_7series_0/sys_rst] \
##   [get_bd_pins rst_clk_wiz_0_100M/ext_reset_in]
##   connect_bd_net -net rst_clk_wiz_0_100M_peripheral_aresetn  [get_bd_pins rst_clk_wiz_0_100M/peripheral_aresetn] \
##   [get_bd_pins microblaze_0_axi_periph/S03_ARESETN] \
##   [get_bd_pins microblaze_0_axi_periph/S04_ARESETN] \
##   [get_bd_pins microblaze_0_axi_periph/S05_ARESETN]
##   connect_bd_net -net rst_mig_7series_0_100M_bus_struct_reset  [get_bd_pins rst_mig_7series_0_100M/bus_struct_reset] \
##   [get_bd_pins microblaze_0_local_memory/SYS_Rst]
##   connect_bd_net -net rst_mig_7series_0_100M_mb_reset  [get_bd_pins rst_mig_7series_0_100M/mb_reset] \
##   [get_bd_pins microblaze_0/Reset] \
##   [get_bd_pins microblaze_0_axi_intc/processor_rst]
##   connect_bd_net -net rst_mig_7series_0_100M_peripheral_aresetn  [get_bd_pins rst_mig_7series_0_100M/peripheral_aresetn] \
##   [get_bd_pins microblaze_0_axi_periph/ARESETN] \
##   [get_bd_pins microblaze_0_axi_periph/S00_ARESETN] \
##   [get_bd_pins microblaze_0_axi_periph/M00_ARESETN] \
##   [get_bd_pins microblaze_0_axi_intc/s_axi_aresetn] \
##   [get_bd_pins microblaze_0_axi_periph/S01_ARESETN] \
##   [get_bd_pins microblaze_0_axi_periph/S02_ARESETN] \
##   [get_bd_pins mig_7series_0/aresetn] \
##   [get_bd_pins microblaze_0_axi_periph/M01_ARESETN] \
##   [get_bd_pins microblaze_0_axi_periph/M02_ARESETN] \
##   [get_bd_pins microblaze_0_axi_periph/M03_ARESETN] \
##   [get_bd_pins axi_gpio_0/s_axi_aresetn] \
##   [get_bd_pins microblaze_0_axi_periph/M04_ARESETN] \
##   [get_bd_pins axi_quad_spi_0/s_axi_aresetn] \
##   [get_bd_pins microblaze_0_axi_periph/M05_ARESETN] \
##   [get_bd_pins axi_timer_0/s_axi_aresetn] \
##   [get_bd_pins microblaze_0_axi_periph/M06_ARESETN] \
##   [get_bd_pins axi_uartlite_0/s_axi_aresetn] \
##   [get_bd_pins microblaze_0_axi_periph/M07_ARESETN] \
##   [get_bd_pins axi_ethernetlite_0/s_axi_aresetn] \
##   [get_bd_pins axi_ethernetlite_1/s_axi_aresetn]
##   connect_bd_net -net xlconstant_0_dout  [get_bd_pins xlconstant_0/dout] \
##   [get_bd_pins axi_quad_spi_0/spisel]
## 
##   # Create address segments
##   assign_bd_address -offset 0x40E00000 -range 0x00010000 -target_address_space [get_bd_addr_spaces microblaze_0/Data] [get_bd_addr_segs axi_ethernetlite_0/S_AXI/Reg] -force
##   assign_bd_address -offset 0x40E10000 -range 0x00010000 -target_address_space [get_bd_addr_spaces microblaze_0/Data] [get_bd_addr_segs axi_ethernetlite_1/S_AXI/Reg] -force
##   assign_bd_address -offset 0x40000000 -range 0x00010000 -target_address_space [get_bd_addr_spaces microblaze_0/Data] [get_bd_addr_segs axi_gpio_0/S_AXI/Reg] -force
##   assign_bd_address -offset 0x44A20000 -range 0x00010000 -target_address_space [get_bd_addr_spaces microblaze_0/Data] [get_bd_addr_segs axi_quad_spi_0/AXI_LITE/Reg] -force
##   assign_bd_address -offset 0x41C00000 -range 0x00010000 -target_address_space [get_bd_addr_spaces microblaze_0/Data] [get_bd_addr_segs axi_timer_0/S_AXI/Reg] -force
##   assign_bd_address -offset 0x40600000 -range 0x00010000 -target_address_space [get_bd_addr_spaces microblaze_0/Data] [get_bd_addr_segs axi_uartlite_0/S_AXI/Reg] -force
##   assign_bd_address -offset 0x00000000 -range 0x00010000 -target_address_space [get_bd_addr_spaces microblaze_0/Data] [get_bd_addr_segs microblaze_0_local_memory/dlmb_bram_if_cntlr/SLMB/Mem] -force
##   assign_bd_address -offset 0x41200000 -range 0x00010000 -target_address_space [get_bd_addr_spaces microblaze_0/Data] [get_bd_addr_segs microblaze_0_axi_intc/S_AXI/Reg] -force
##   assign_bd_address -offset 0x80000000 -range 0x10000000 -target_address_space [get_bd_addr_spaces microblaze_0/Data] [get_bd_addr_segs mig_7series_0/memmap/memaddr] -force
##   assign_bd_address -offset 0x40E00000 -range 0x00010000 -target_address_space [get_bd_addr_spaces microblaze_0/Instruction] [get_bd_addr_segs axi_ethernetlite_0/S_AXI/Reg] -force
##   assign_bd_address -offset 0x40E10000 -range 0x00010000 -target_address_space [get_bd_addr_spaces microblaze_0/Instruction] [get_bd_addr_segs axi_ethernetlite_1/S_AXI/Reg] -force
##   assign_bd_address -offset 0x40000000 -range 0x00010000 -target_address_space [get_bd_addr_spaces microblaze_0/Instruction] [get_bd_addr_segs axi_gpio_0/S_AXI/Reg] -force
##   assign_bd_address -offset 0x44A20000 -range 0x00010000 -target_address_space [get_bd_addr_spaces microblaze_0/Instruction] [get_bd_addr_segs axi_quad_spi_0/AXI_LITE/Reg] -force
##   assign_bd_address -offset 0x41C00000 -range 0x00010000 -target_address_space [get_bd_addr_spaces microblaze_0/Instruction] [get_bd_addr_segs axi_timer_0/S_AXI/Reg] -force
##   assign_bd_address -offset 0x40600000 -range 0x00010000 -target_address_space [get_bd_addr_spaces microblaze_0/Instruction] [get_bd_addr_segs axi_uartlite_0/S_AXI/Reg] -force
##   assign_bd_address -offset 0x00000000 -range 0x00010000 -target_address_space [get_bd_addr_spaces microblaze_0/Instruction] [get_bd_addr_segs microblaze_0_local_memory/ilmb_bram_if_cntlr/SLMB/Mem] -force
##   assign_bd_address -offset 0x41200000 -range 0x00010000 -target_address_space [get_bd_addr_spaces microblaze_0/Instruction] [get_bd_addr_segs microblaze_0_axi_intc/S_AXI/Reg] -force
##   assign_bd_address -offset 0x80000000 -range 0x10000000 -target_address_space [get_bd_addr_spaces microblaze_0/Instruction] [get_bd_addr_segs mig_7series_0/memmap/memaddr] -force
## 
## 
##   # Restore current instance
##   current_bd_instance $oldCurInst
## 
##   validate_bd_design
##   save_bd_design
## }
## create_root_design ""
WARNING: [BD 5-670] It is required to provide a frequency value for a user created input clock port. Please use the <-freq_hz $freq_val> argument of the create_bd_port command. ie create_bd_port -dir I -type clk -freq_hz 100000000 clkin
INFO: [Device 21-403] Loading part xc7a35tftg256-2
WARNING: [IP_Flow 19-3374] An attempt to modify the value of disabled parameter 'CLKOUT3_REQUESTED_OUT_FREQ' from '100.000' to '25' has been ignored for IP 'clk_wiz_0'
WARNING: [IP_Flow 19-3374] An attempt to modify the value of disabled parameter 'CLKOUT4_REQUESTED_OUT_FREQ' from '100.000' to '125' has been ignored for IP 'clk_wiz_0'
INFO: [BD 5-1043] It is recommended to use inline hdl version xilinx.com:inline_hdl:ilconcat:1.0 for the IP type xilinx.com:ip:xlconcat:2.1 for improved performance and reduced disk space. IPs with VLNV xilinx.com:ip:xlconcat:2.1 will not be supported from release 2025.2. More information on inline hdl IP is available in UG994 
INFO: [BD 5-1043] It is recommended to use inline hdl version xilinx.com:inline_hdl:ilconstant:1.0 for the IP type xilinx.com:ip:xlconstant:1.1 for improved performance and reduced disk space. IPs with VLNV xilinx.com:ip:xlconstant:1.1 will not be supported from release 2025.2. More information on inline hdl IP is available in UG994 
WARNING: [BD 41-1306] The connection to interface pin </axi_quad_spi_0/spisel> is being overridden by the user with net <xlconstant_0_dout>. This pin will not be connected as a part of interface connection <SPI_0>, and might not recreate the connectivity as expected using the writ_bd_tcl command.
Slave segment '/axi_ethernetlite_0/S_AXI/Reg' is being assigned into address space '/microblaze_0/Data' at <0x40E0_0000 [ 64K ]>.
Slave segment '/axi_ethernetlite_1/S_AXI/Reg' is being assigned into address space '/microblaze_0/Data' at <0x40E1_0000 [ 64K ]>.
Slave segment '/axi_gpio_0/S_AXI/Reg' is being assigned into address space '/microblaze_0/Data' at <0x4000_0000 [ 64K ]>.
Slave segment '/axi_quad_spi_0/AXI_LITE/Reg' is being assigned into address space '/microblaze_0/Data' at <0x44A2_0000 [ 64K ]>.
Slave segment '/axi_timer_0/S_AXI/Reg' is being assigned into address space '/microblaze_0/Data' at <0x41C0_0000 [ 64K ]>.
Slave segment '/axi_uartlite_0/S_AXI/Reg' is being assigned into address space '/microblaze_0/Data' at <0x4060_0000 [ 64K ]>.
Slave segment '/microblaze_0_local_memory/dlmb_bram_if_cntlr/SLMB/Mem' is being assigned into address space '/microblaze_0/Data' at <0x0000_0000 [ 64K ]>.
Slave segment '/microblaze_0_axi_intc/S_AXI/Reg' is being assigned into address space '/microblaze_0/Data' at <0x4120_0000 [ 64K ]>.
Slave segment '/mig_7series_0/memmap/memaddr' is being assigned into address space '/microblaze_0/Data' at <0x8000_0000 [ 256M ]>.
Slave segment '/axi_ethernetlite_0/S_AXI/Reg' is being assigned into address space '/microblaze_0/Instruction' at <0x40E0_0000 [ 64K ]>.
Slave segment '/axi_ethernetlite_1/S_AXI/Reg' is being assigned into address space '/microblaze_0/Instruction' at <0x40E1_0000 [ 64K ]>.
Slave segment '/axi_gpio_0/S_AXI/Reg' is being assigned into address space '/microblaze_0/Instruction' at <0x4000_0000 [ 64K ]>.
Slave segment '/axi_quad_spi_0/AXI_LITE/Reg' is being assigned into address space '/microblaze_0/Instruction' at <0x44A2_0000 [ 64K ]>.
Slave segment '/axi_timer_0/S_AXI/Reg' is being assigned into address space '/microblaze_0/Instruction' at <0x41C0_0000 [ 64K ]>.
Slave segment '/axi_uartlite_0/S_AXI/Reg' is being assigned into address space '/microblaze_0/Instruction' at <0x4060_0000 [ 64K ]>.
Slave segment '/microblaze_0_local_memory/ilmb_bram_if_cntlr/SLMB/Mem' is being assigned into address space '/microblaze_0/Instruction' at <0x0000_0000 [ 64K ]>.
Slave segment '/microblaze_0_axi_intc/S_AXI/Reg' is being assigned into address space '/microblaze_0/Instruction' at <0x4120_0000 [ 64K ]>.
Slave segment '/mig_7series_0/memmap/memaddr' is being assigned into address space '/microblaze_0/Instruction' at <0x8000_0000 [ 256M ]>.
WARNING: [BD 5-699] No address segments matched 'get_bd_addr_segs -addressed -of_object /microblaze_0_axi_periph/S03_AXI'
WARNING: [BD 5-699] No address segments matched 'get_bd_addr_segs -addressable -of_object /microblaze_0_axi_periph/S03_AXI'
WARNING: [BD 5-699] No address segments matched 'get_bd_addr_segs -addressing -of_object /microblaze_0_axi_periph/S03_AXI'
WARNING: [BD 5-699] No address segments matched 'get_bd_addr_segs -addressed -of_object /microblaze_0_axi_periph/S04_AXI'
WARNING: [BD 5-699] No address segments matched 'get_bd_addr_segs -addressable -of_object /microblaze_0_axi_periph/S04_AXI'
WARNING: [BD 5-699] No address segments matched 'get_bd_addr_segs -addressing -of_object /microblaze_0_axi_periph/S04_AXI'
WARNING: [BD 5-699] No address segments matched 'get_bd_addr_segs -addressed -of_object /microblaze_0_axi_periph/S05_AXI'
WARNING: [BD 5-699] No address segments matched 'get_bd_addr_segs -addressable -of_object /microblaze_0_axi_periph/S05_AXI'
WARNING: [BD 5-699] No address segments matched 'get_bd_addr_segs -addressing -of_object /microblaze_0_axi_periph/S05_AXI'
INFO: [xilinx.com:ip:clk_wiz:6.0-1] /clk_wiz_0 clk_wiz propagate
INFO: [xilinx.com:ip:microblaze:11.0-16] /microblaze_0: Setting D-cache cacheable area base address C_DCACHE_BASEADDR to 0x80000000 and high address C_DCACHE_HIGHADDR to 0x8FFFFFFF.
INFO: [xilinx.com:ip:microblaze:11.0-16] /microblaze_0: Setting I-cache cacheable area base address C_ICACHE_BASEADDR to 0x80000000 and high address C_ICACHE_HIGHADDR to 0x8FFFFFFF.
INFO: [xilinx.com:ip:microblaze:11.0-9] /microblaze_0: Setting C_BASE_VECTORS to 0x00000000.
INFO: [xilinx.com:ip:axi_intc:4.1-1] /microblaze_0_axi_intc: The AXI INTC core has been configured to operate with synchronous clocks.
INFO: [xilinx.com:ip:axi_quad_spi:3.2-1] /axi_quad_spi_0 
                   #######################################################################################
                   INFO: AXI Quad SPI core's AXI Lite Clock and EXT SPI CLK are synchronous to each other.
                   ########################################################################################
Wrote  : </home/alexander-armitage/Documents/GitHub/AURA-FPGA/Vivado/build/System_Design/System_Design.srcs/sources_1/bd/System/System.bd> 
# puts ""

# puts "Locating Block Design..."
Locating Block Design...
# set bd_files [get_files -quiet "*.bd"]
# if {[llength $bd_files] == 0} {
#     error "No Block Design was created."
# }
# if {[llength $bd_files] > 1} {
#     error "More than one Block Design was found: $bd_files"
# }
# set bd_file [lindex $bd_files 0]
# puts "Block Design:"
Block Design:
# puts "  $bd_file"
  /home/alexander-armitage/Documents/GitHub/AURA-FPGA/Vivado/build/System_Design/System_Design.srcs/sources_1/bd/System/System.bd
# puts ""

# puts "Generating Block Design output products..."
Generating Block Design output products...
# generate_target all $bd_file
INFO: [BD 41-1662] The design 'System.bd' is already validated. Therefore parameter propagation will not be re-run.
WARNING: [BD 41-2384] Width mismatch when connecting pin: '/microblaze_0_axi_periph/xbar/s_axi_awid'(3) to pin: '/microblaze_0_axi_periph/s01_couplers/M_AXI_awid'(1) - Only lower order bits will be connected.
WARNING: [BD 41-2384] Width mismatch when connecting pin: '/microblaze_0_axi_periph/xbar/s_axi_arid'(3) to pin: '/microblaze_0_axi_periph/s01_couplers/M_AXI_arid'(1) - Only lower order bits will be connected.
WARNING: [BD 41-2384] Width mismatch when connecting pin: '/microblaze_0_axi_periph/xbar/s_axi_awid'(3) to pin: '/microblaze_0_axi_periph/s02_couplers/M_AXI_awid'(1) - Only lower order bits will be connected.
WARNING: [BD 41-2384] Width mismatch when connecting pin: '/microblaze_0_axi_periph/xbar/s_axi_arid'(3) to pin: '/microblaze_0_axi_periph/s02_couplers/M_AXI_arid'(1) - Only lower order bits will be connected.
WARNING: [BD 41-2384] Width mismatch when connecting pin: '/microblaze_0_axi_periph/xbar/m_axi_rid'(3) to pin: '/microblaze_0_axi_periph/m02_couplers/S_AXI_rid'(32) - Only lower order bits will be connected.
WARNING: [BD 41-2384] Width mismatch when connecting pin: '/microblaze_0_axi_periph/xbar/m_axi_bid'(3) to pin: '/microblaze_0_axi_periph/m02_couplers/S_AXI_bid'(32) - Only lower order bits will be connected.
WARNING: [BD 41-2384] Width mismatch when connecting pin: '/microblaze_0_axi_periph/xbar/m_axi_rid'(3) to pin: '/microblaze_0_axi_periph/m03_couplers/S_AXI_rid'(32) - Only lower order bits will be connected.
WARNING: [BD 41-2384] Width mismatch when connecting pin: '/microblaze_0_axi_periph/xbar/m_axi_bid'(3) to pin: '/microblaze_0_axi_periph/m03_couplers/S_AXI_bid'(32) - Only lower order bits will be connected.
WARNING: [BD 41-2384] Width mismatch when connecting pin: '/microblaze_0/M_AXI_DC_RID'(1) to pin: '/microblaze_0_axi_periph/S01_AXI_rid'(3) - Only lower order bits will be connected.
WARNING: [BD 41-2384] Width mismatch when connecting pin: '/microblaze_0/M_AXI_DC_BID'(1) to pin: '/microblaze_0_axi_periph/S01_AXI_bid'(3) - Only lower order bits will be connected.
WARNING: [BD 41-2384] Width mismatch when connecting pin: '/microblaze_0/M_AXI_IC_RID'(1) to pin: '/microblaze_0_axi_periph/S02_AXI_rid'(3) - Only lower order bits will be connected.
WARNING: [BD 41-2384] Width mismatch when connecting pin: '/microblaze_0/M_AXI_IC_BID'(1) to pin: '/microblaze_0_axi_periph/S02_AXI_bid'(3) - Only lower order bits will be connected.
WARNING: [BD 41-2384] Width mismatch when connecting pin: '/axi_ethernetlite_0/s_axi_awid'(32) to pin: '/microblaze_0_axi_periph/M02_AXI_awid'(3) - Only lower order bits will be connected.
WARNING: [BD 41-2384] Width mismatch when connecting pin: '/axi_ethernetlite_0/s_axi_arid'(32) to pin: '/microblaze_0_axi_periph/M02_AXI_arid'(3) - Only lower order bits will be connected.
WARNING: [BD 41-2384] Width mismatch when connecting pin: '/axi_ethernetlite_1/s_axi_awid'(32) to pin: '/microblaze_0_axi_periph/M03_AXI_awid'(3) - Only lower order bits will be connected.
WARNING: [BD 41-2384] Width mismatch when connecting pin: '/axi_ethernetlite_1/s_axi_arid'(32) to pin: '/microblaze_0_axi_periph/M03_AXI_arid'(3) - Only lower order bits will be connected.
Verilog Output written to : /home/alexander-armitage/Documents/GitHub/AURA-FPGA/Vivado/build/System_Design/System_Design.gen/sources_1/bd/System/synth/System.v
WARNING: [BD 41-2384] Width mismatch when connecting pin: '/microblaze_0_axi_periph/xbar/s_axi_awid'(3) to pin: '/microblaze_0_axi_periph/s01_couplers/M_AXI_awid'(1) - Only lower order bits will be connected.
WARNING: [BD 41-2384] Width mismatch when connecting pin: '/microblaze_0_axi_periph/xbar/s_axi_arid'(3) to pin: '/microblaze_0_axi_periph/s01_couplers/M_AXI_arid'(1) - Only lower order bits will be connected.
WARNING: [BD 41-2384] Width mismatch when connecting pin: '/microblaze_0_axi_periph/xbar/s_axi_awid'(3) to pin: '/microblaze_0_axi_periph/s02_couplers/M_AXI_awid'(1) - Only lower order bits will be connected.
WARNING: [BD 41-2384] Width mismatch when connecting pin: '/microblaze_0_axi_periph/xbar/s_axi_arid'(3) to pin: '/microblaze_0_axi_periph/s02_couplers/M_AXI_arid'(1) - Only lower order bits will be connected.
WARNING: [BD 41-2384] Width mismatch when connecting pin: '/microblaze_0_axi_periph/xbar/m_axi_rid'(3) to pin: '/microblaze_0_axi_periph/m02_couplers/S_AXI_rid'(32) - Only lower order bits will be connected.
WARNING: [BD 41-2384] Width mismatch when connecting pin: '/microblaze_0_axi_periph/xbar/m_axi_bid'(3) to pin: '/microblaze_0_axi_periph/m02_couplers/S_AXI_bid'(32) - Only lower order bits will be connected.
WARNING: [BD 41-2384] Width mismatch when connecting pin: '/microblaze_0_axi_periph/xbar/m_axi_rid'(3) to pin: '/microblaze_0_axi_periph/m03_couplers/S_AXI_rid'(32) - Only lower order bits will be connected.
WARNING: [BD 41-2384] Width mismatch when connecting pin: '/microblaze_0_axi_periph/xbar/m_axi_bid'(3) to pin: '/microblaze_0_axi_periph/m03_couplers/S_AXI_bid'(32) - Only lower order bits will be connected.
WARNING: [BD 41-2384] Width mismatch when connecting pin: '/microblaze_0/M_AXI_DC_RID'(1) to pin: '/microblaze_0_axi_periph/S01_AXI_rid'(3) - Only lower order bits will be connected.
WARNING: [BD 41-2384] Width mismatch when connecting pin: '/microblaze_0/M_AXI_DC_BID'(1) to pin: '/microblaze_0_axi_periph/S01_AXI_bid'(3) - Only lower order bits will be connected.
WARNING: [BD 41-2384] Width mismatch when connecting pin: '/microblaze_0/M_AXI_IC_RID'(1) to pin: '/microblaze_0_axi_periph/S02_AXI_rid'(3) - Only lower order bits will be connected.
WARNING: [BD 41-2384] Width mismatch when connecting pin: '/microblaze_0/M_AXI_IC_BID'(1) to pin: '/microblaze_0_axi_periph/S02_AXI_bid'(3) - Only lower order bits will be connected.
WARNING: [BD 41-2384] Width mismatch when connecting pin: '/axi_ethernetlite_0/s_axi_awid'(32) to pin: '/microblaze_0_axi_periph/M02_AXI_awid'(3) - Only lower order bits will be connected.
WARNING: [BD 41-2384] Width mismatch when connecting pin: '/axi_ethernetlite_0/s_axi_arid'(32) to pin: '/microblaze_0_axi_periph/M02_AXI_arid'(3) - Only lower order bits will be connected.
WARNING: [BD 41-2384] Width mismatch when connecting pin: '/axi_ethernetlite_1/s_axi_awid'(32) to pin: '/microblaze_0_axi_periph/M03_AXI_awid'(3) - Only lower order bits will be connected.
WARNING: [BD 41-2384] Width mismatch when connecting pin: '/axi_ethernetlite_1/s_axi_arid'(32) to pin: '/microblaze_0_axi_periph/M03_AXI_arid'(3) - Only lower order bits will be connected.
Verilog Output written to : /home/alexander-armitage/Documents/GitHub/AURA-FPGA/Vivado/build/System_Design/System_Design.gen/sources_1/bd/System/sim/System.v
Verilog Output written to : /home/alexander-armitage/Documents/GitHub/AURA-FPGA/Vivado/build/System_Design/System_Design.gen/sources_1/bd/System/hdl/System_wrapper.v
INFO: [BD 41-1029] Generation completed for the IP Integrator block clk_wiz_0 .
INFO: [BD 41-1029] Generation completed for the IP Integrator block mig_7series_0 .
INFO: [BD 41-1029] Generation completed for the IP Integrator block microblaze_0 .
INFO: [BD 41-1029] Generation completed for the IP Integrator block microblaze_0_local_memory/dlmb_v10 .
INFO: [BD 41-1029] Generation completed for the IP Integrator block microblaze_0_local_memory/ilmb_v10 .
INFO: [BD 41-1029] Generation completed for the IP Integrator block microblaze_0_local_memory/dlmb_bram_if_cntlr .
INFO: [BD 41-1029] Generation completed for the IP Integrator block microblaze_0_local_memory/ilmb_bram_if_cntlr .
INFO: [BD 41-1029] Generation completed for the IP Integrator block microblaze_0_local_memory/lmb_bram .
INFO: [BD 41-1029] Generation completed for the IP Integrator block microblaze_0_axi_periph/xbar .
WARNING: [IP_Flow 19-4994] Overwriting existing constraint file '/home/alexander-armitage/Documents/GitHub/AURA-FPGA/Vivado/build/System_Design/System_Design.gen/sources_1/bd/System/ip/System_microblaze_0_axi_periph_imp_auto_pc_5/System_microblaze_0_axi_periph_imp_auto_pc_5_ooc.xdc'
INFO: [BD 41-1029] Generation completed for the IP Integrator block microblaze_0_axi_periph/s00_couplers/auto_pc .
WARNING: [IP_Flow 19-4994] Overwriting existing constraint file '/home/alexander-armitage/Documents/GitHub/AURA-FPGA/Vivado/build/System_Design/System_Design.gen/sources_1/bd/System/ip/System_microblaze_0_axi_periph_imp_auto_pc_0/System_microblaze_0_axi_periph_imp_auto_pc_0_ooc.xdc'
INFO: [BD 41-1029] Generation completed for the IP Integrator block microblaze_0_axi_periph/m00_couplers/auto_pc .
WARNING: [IP_Flow 19-4994] Overwriting existing constraint file '/home/alexander-armitage/Documents/GitHub/AURA-FPGA/Vivado/build/System_Design/System_Design.gen/sources_1/bd/System/ip/System_microblaze_0_axi_periph_imp_auto_pc_1/System_microblaze_0_axi_periph_imp_auto_pc_1_ooc.xdc'
INFO: [BD 41-1029] Generation completed for the IP Integrator block microblaze_0_axi_periph/m04_couplers/auto_pc .
WARNING: [IP_Flow 19-4994] Overwriting existing constraint file '/home/alexander-armitage/Documents/GitHub/AURA-FPGA/Vivado/build/System_Design/System_Design.gen/sources_1/bd/System/ip/System_microblaze_0_axi_periph_imp_auto_pc_2/System_microblaze_0_axi_periph_imp_auto_pc_2_ooc.xdc'
INFO: [BD 41-1029] Generation completed for the IP Integrator block microblaze_0_axi_periph/m05_couplers/auto_pc .
WARNING: [IP_Flow 19-4994] Overwriting existing constraint file '/home/alexander-armitage/Documents/GitHub/AURA-FPGA/Vivado/build/System_Design/System_Design.gen/sources_1/bd/System/ip/System_microblaze_0_axi_periph_imp_auto_pc_3/System_microblaze_0_axi_periph_imp_auto_pc_3_ooc.xdc'
INFO: [BD 41-1029] Generation completed for the IP Integrator block microblaze_0_axi_periph/m06_couplers/auto_pc .
WARNING: [IP_Flow 19-4994] Overwriting existing constraint file '/home/alexander-armitage/Documents/GitHub/AURA-FPGA/Vivado/build/System_Design/System_Design.gen/sources_1/bd/System/ip/System_microblaze_0_axi_periph_imp_auto_pc_4/System_microblaze_0_axi_periph_imp_auto_pc_4_ooc.xdc'
INFO: [BD 41-1029] Generation completed for the IP Integrator block microblaze_0_axi_periph/m07_couplers/auto_pc .
INFO: [BD 41-1029] Generation completed for the IP Integrator block microblaze_0_axi_intc .
INFO: [BD 41-1029] Generation completed for the IP Integrator block microblaze_0_xlconcat .
INFO: [BD 41-1029] Generation completed for the IP Integrator block mdm_1 .
INFO: [BD 41-1029] Generation completed for the IP Integrator block rst_mig_7series_0_100M .
INFO: [BD 41-1029] Generation completed for the IP Integrator block axi_gpio_0 .
WARNING: [IP_Flow 19-4994] Overwriting existing constraint file '/home/alexander-armitage/Documents/GitHub/AURA-FPGA/Vivado/build/System_Design/System_Design.gen/sources_1/bd/System/ip/System_axi_uartlite_0_0/System_axi_uartlite_0_0_ooc.xdc'
INFO: [BD 41-1029] Generation completed for the IP Integrator block axi_uartlite_0 .
INFO: [BD 41-1029] Generation completed for the IP Integrator block axi_quad_spi_0 .
WARNING: [IP_Flow 19-4994] Overwriting existing constraint file '/home/alexander-armitage/Documents/GitHub/AURA-FPGA/Vivado/build/System_Design/System_Design.gen/sources_1/bd/System/ip/System_axi_timer_0_0/System_axi_timer_0_0_ooc.xdc'
INFO: [BD 41-1029] Generation completed for the IP Integrator block axi_timer_0 .
INFO: [BD 41-1029] Generation completed for the IP Integrator block rst_clk_wiz_0_100M .
INFO: [BD 41-1029] Generation completed for the IP Integrator block xlconstant_0 .
INFO: [BD 41-1029] Generation completed for the IP Integrator block axi_ethernetlite_0 .
INFO: [BD 41-1029] Generation completed for the IP Integrator block axi_ethernetlite_1 .
Exporting to file /home/alexander-armitage/Documents/GitHub/AURA-FPGA/Vivado/build/System_Design/System_Design.gen/sources_1/bd/System/hw_handoff/System.hwh
Generated Hardware Definition File /home/alexander-armitage/Documents/GitHub/AURA-FPGA/Vivado/build/System_Design/System_Design.gen/sources_1/bd/System/synth/System.hwdef
INFO: [BD 41-3262] Generated VHDL Instantiation Template file /home/alexander-armitage/Documents/GitHub/AURA-FPGA/Vivado/build/System_Design/System_Design.gen/sources_1/bd/System/System.vho
INFO: [BD 41-3262] Generated Verilog Instantiation Template file /home/alexander-armitage/Documents/GitHub/AURA-FPGA/Vivado/build/System_Design/System_Design.gen/sources_1/bd/System/System.veo
INFO: [BD 41-3262] Generated System Verilog Instantiation Template file /home/alexander-armitage/Documents/GitHub/AURA-FPGA/Vivado/build/System_Design/System_Design.gen/sources_1/bd/System/System_sv.sveo
generate_target: Time (s): cpu = 00:00:31 ; elapsed = 00:00:31 . Memory (MB): peak = 2457.699 ; gain = 267.844 ; free physical = 22561 ; free virtual = 35716
# puts ""

# puts "Creating HDL wrapper..."
Creating HDL wrapper...
# set wrapper_file [make_wrapper \
#     -files $bd_file \
#     -top]
# puts "Wrapper:"
Wrapper:
# puts "  $wrapper_file"
  /home/alexander-armitage/Documents/GitHub/AURA-FPGA/Vivado/build/System_Design/System_Design.gen/sources_1/bd/System/hdl/System_wrapper.v
# add_files -norecurse $wrapper_file
# set_property top System_wrapper [current_fileset]
# puts ""

# puts "Updating compile order..."
Updating compile order...
# update_compile_order -fileset sources_1
# puts ""

# puts "Validating Block Design..."
Validating Block Design...
# validate_bd_design
INFO: [BD 5-320] Validate design is not run, since the design is already validated.
# puts ""

# puts "Block Design validation passed."
Block Design validation passed.
# puts ""

# puts "============================================================"
============================================================
# puts " Starting synthesis"
 Starting synthesis
# puts "============================================================"
============================================================
# puts ""

# launch_runs synth_1 -jobs $jobs
[Sun Aug  9 20:28:53 2026] Launched System_microblaze_0_0_synth_1, System_ilmb_bram_if_cntlr_0_synth_1, System_clk_wiz_0_0_synth_1, System_lmb_bram_0_synth_1, System_ilmb_v10_0_synth_1, System_dlmb_bram_if_cntlr_0_synth_1, System_dlmb_v10_0_synth_1, System_microblaze_0_axi_periph_imp_auto_pc_4_synth_1, System_microblaze_0_axi_periph_imp_auto_pc_3_synth_1, System_microblaze_0_axi_periph_imp_auto_pc_2_synth_1, System_microblaze_0_axi_periph_imp_auto_pc_1_synth_1, System_microblaze_0_axi_periph_imp_auto_pc_0_synth_1, System_microblaze_0_axi_periph_imp_auto_pc_5_synth_1, System_axi_gpio_0_0_synth_1, System_rst_mig_7series_0_100M_0_synth_1, System_axi_uartlite_0_0_synth_1, System_microblaze_0_axi_periph_imp_xbar_0_synth_1, System_microblaze_0_axi_intc_0_synth_1, System_axi_quad_spi_0_0_synth_1, System_axi_timer_0_0_synth_1, System_mdm_1_0_synth_1, System_axi_ethernetlite_0_0_synth_1, System_rst_clk_wiz_0_100M_0_synth_1, System_axi_ethernetlite_1_0_synth_1, System_mig_7series_0_0_synth_1...
Run output will be captured here:
System_microblaze_0_0_synth_1: /home/alexander-armitage/Documents/GitHub/AURA-FPGA/Vivado/build/System_Design/System_Design.runs/System_microblaze_0_0_synth_1/runme.log
System_ilmb_bram_if_cntlr_0_synth_1: /home/alexander-armitage/Documents/GitHub/AURA-FPGA/Vivado/build/System_Design/System_Design.runs/System_ilmb_bram_if_cntlr_0_synth_1/runme.log
System_clk_wiz_0_0_synth_1: /home/alexander-armitage/Documents/GitHub/AURA-FPGA/Vivado/build/System_Design/System_Design.runs/System_clk_wiz_0_0_synth_1/runme.log
System_lmb_bram_0_synth_1: /home/alexander-armitage/Documents/GitHub/AURA-FPGA/Vivado/build/System_Design/System_Design.runs/System_lmb_bram_0_synth_1/runme.log
System_ilmb_v10_0_synth_1: /home/alexander-armitage/Documents/GitHub/AURA-FPGA/Vivado/build/System_Design/System_Design.runs/System_ilmb_v10_0_synth_1/runme.log
System_dlmb_bram_if_cntlr_0_synth_1: /home/alexander-armitage/Documents/GitHub/AURA-FPGA/Vivado/build/System_Design/System_Design.runs/System_dlmb_bram_if_cntlr_0_synth_1/runme.log
System_dlmb_v10_0_synth_1: /home/alexander-armitage/Documents/GitHub/AURA-FPGA/Vivado/build/System_Design/System_Design.runs/System_dlmb_v10_0_synth_1/runme.log
System_microblaze_0_axi_periph_imp_auto_pc_4_synth_1: /home/alexander-armitage/Documents/GitHub/AURA-FPGA/Vivado/build/System_Design/System_Design.runs/System_microblaze_0_axi_periph_imp_auto_pc_4_synth_1/runme.log
System_microblaze_0_axi_periph_imp_auto_pc_3_synth_1: /home/alexander-armitage/Documents/GitHub/AURA-FPGA/Vivado/build/System_Design/System_Design.runs/System_microblaze_0_axi_periph_imp_auto_pc_3_synth_1/runme.log
System_microblaze_0_axi_periph_imp_auto_pc_2_synth_1: /home/alexander-armitage/Documents/GitHub/AURA-FPGA/Vivado/build/System_Design/System_Design.runs/System_microblaze_0_axi_periph_imp_auto_pc_2_synth_1/runme.log
System_microblaze_0_axi_periph_imp_auto_pc_1_synth_1: /home/alexander-armitage/Documents/GitHub/AURA-FPGA/Vivado/build/System_Design/System_Design.runs/System_microblaze_0_axi_periph_imp_auto_pc_1_synth_1/runme.log
System_microblaze_0_axi_periph_imp_auto_pc_0_synth_1: /home/alexander-armitage/Documents/GitHub/AURA-FPGA/Vivado/build/System_Design/System_Design.runs/System_microblaze_0_axi_periph_imp_auto_pc_0_synth_1/runme.log
System_microblaze_0_axi_periph_imp_auto_pc_5_synth_1: /home/alexander-armitage/Documents/GitHub/AURA-FPGA/Vivado/build/System_Design/System_Design.runs/System_microblaze_0_axi_periph_imp_auto_pc_5_synth_1/runme.log
System_axi_gpio_0_0_synth_1: /home/alexander-armitage/Documents/GitHub/AURA-FPGA/Vivado/build/System_Design/System_Design.runs/System_axi_gpio_0_0_synth_1/runme.log
System_rst_mig_7series_0_100M_0_synth_1: /home/alexander-armitage/Documents/GitHub/AURA-FPGA/Vivado/build/System_Design/System_Design.runs/System_rst_mig_7series_0_100M_0_synth_1/runme.log
System_axi_uartlite_0_0_synth_1: /home/alexander-armitage/Documents/GitHub/AURA-FPGA/Vivado/build/System_Design/System_Design.runs/System_axi_uartlite_0_0_synth_1/runme.log
System_microblaze_0_axi_periph_imp_xbar_0_synth_1: /home/alexander-armitage/Documents/GitHub/AURA-FPGA/Vivado/build/System_Design/System_Design.runs/System_microblaze_0_axi_periph_imp_xbar_0_synth_1/runme.log
System_microblaze_0_axi_intc_0_synth_1: /home/alexander-armitage/Documents/GitHub/AURA-FPGA/Vivado/build/System_Design/System_Design.runs/System_microblaze_0_axi_intc_0_synth_1/runme.log
System_axi_quad_spi_0_0_synth_1: /home/alexander-armitage/Documents/GitHub/AURA-FPGA/Vivado/build/System_Design/System_Design.runs/System_axi_quad_spi_0_0_synth_1/runme.log
System_axi_timer_0_0_synth_1: /home/alexander-armitage/Documents/GitHub/AURA-FPGA/Vivado/build/System_Design/System_Design.runs/System_axi_timer_0_0_synth_1/runme.log
System_mdm_1_0_synth_1: /home/alexander-armitage/Documents/GitHub/AURA-FPGA/Vivado/build/System_Design/System_Design.runs/System_mdm_1_0_synth_1/runme.log
System_axi_ethernetlite_0_0_synth_1: /home/alexander-armitage/Documents/GitHub/AURA-FPGA/Vivado/build/System_Design/System_Design.runs/System_axi_ethernetlite_0_0_synth_1/runme.log
System_rst_clk_wiz_0_100M_0_synth_1: /home/alexander-armitage/Documents/GitHub/AURA-FPGA/Vivado/build/System_Design/System_Design.runs/System_rst_clk_wiz_0_100M_0_synth_1/runme.log
System_axi_ethernetlite_1_0_synth_1: /home/alexander-armitage/Documents/GitHub/AURA-FPGA/Vivado/build/System_Design/System_Design.runs/System_axi_ethernetlite_1_0_synth_1/runme.log
System_mig_7series_0_0_synth_1: /home/alexander-armitage/Documents/GitHub/AURA-FPGA/Vivado/build/System_Design/System_Design.runs/System_mig_7series_0_0_synth_1/runme.log
[Sun Aug  9 20:28:53 2026] Launched synth_1...
Run output will be captured here: /home/alexander-armitage/Documents/GitHub/AURA-FPGA/Vivado/build/System_Design/System_Design.runs/synth_1/runme.log
# wait_on_run synth_1
[Sun Aug  9 20:28:53 2026] Waiting for synth_1 to finish...

*** Running vivado
    with args -log System_wrapper.vds -m64 -product Vivado -mode batch -messageDb vivado.pb -notrace -source System_wrapper.tcl

INFO: [Common 17-3922] A valid Vivado Design Suite BASIC license has been detected. Your current license is active and will expire on 08-aug-2027.
#-----------------------------------------------------------
# Vivado v2026.1 (64-bit)
# SW Build 6511674 on Tue Jun 16 11:01:26 MDT 2026
# IP Build 6504888 on Tue Jun 09 09:05:25 MDT 2026
# SharedData Build 6501428 on Mon Jun 08 17:34:18 MDT 2026
# Start of session at: Sun Aug  9 20:34:04 2026
# Process ID         : 22277
# Current directory  : /home/alexander-armitage/Documents/GitHub/AURA-FPGA/Vivado/build/System_Design/System_Design.runs/synth_1
# Command line       : vivado -log System_wrapper.vds -product Vivado -mode batch -messageDb vivado.pb -notrace -source System_wrapper.tcl
# Log file           : /home/alexander-armitage/Documents/GitHub/AURA-FPGA/Vivado/build/System_Design/System_Design.runs/synth_1/System_wrapper.vds
# Journal file       : /home/alexander-armitage/Documents/GitHub/AURA-FPGA/Vivado/build/System_Design/System_Design.runs/synth_1/vivado.jou
# Running On         : alexander-armitage-XPS-9320
# Platform           : Ubuntu
# Operating System   : Ubuntu 26.04 LTS
# Processor Detail   : 13th Gen Intel(R) Core(TM) i7-1360P
# CPU Frequency      : 400.161 MHz
# CPU Physical cores : 12
# CPU Logical cores  : 16
# Host memory        : 32703 MB
# Swap memory        : 8589 MB
# Total Virtual      : 41293 MB
# Available Virtual  : 37214 MB
#-----------------------------------------------------------

****** Vivado v2026.1 (64-bit)
  **** SW Build 6511674 on Tue Jun 16 11:01:26 MDT 2026
  **** IP Build 6504888 on Tue Jun 09 09:05:25 MDT 2026
  **** SharedData Build 6501428 on Mon Jun 08 17:34:18 MDT 2026
  **** Start of session at: Sun Aug  9 20:34:04 2026
    ** Copyright 1986-2022 Xilinx, Inc. All Rights Reserved.
    ** Copyright 2022-2026 Advanced Micro Devices, Inc. All Rights Reserved.

source System_wrapper.tcl -notrace
INFO: [IP_Flow 19-234] Refreshing IP repositories
INFO: [IP_Flow 19-1704] No user IP repositories specified
INFO: [IP_Flow 19-2313] Loaded Vivado IP repository '/home/Vivado/2026.1/data/ip'.
INFO: [Project 1-5698] Found the below utility IPs instantiated in block design /home/alexander-armitage/Documents/GitHub/AURA-FPGA/Vivado/build/System_Design/System_Design.srcs/sources_1/bd/System/System.bd which have equivalent inline hdl with improved performance and reduced diskspace.
It is recommended to migrate these utility IPs to inline hdl  using the command upgrade_project -migrate_to_inline_hdl.  The utility IPs may be deprecated in future releases.
More information on inline hdl is available in UG994.
Utility IP Component Instances:
 System_microblaze_0_xlconcat_0
System_xlconstant_0_0
Command: synth_design -top System_wrapper -part xc7a35tftg256-2
Starting synth_design
Attempting to get a license for feature 'Vivado_Synthesis' and/or device 'xc7a35t'
INFO: [Common 17-349] Got license for feature 'Vivado_Synthesis' and/or device 'xc7a35t'
INFO: [Device 21-403] Loading part xc7a35tftg256-2
INFO: [Designutils 20-5008] Incremental synthesis strategy default
INFO: [Synth 8-7079] Multithreading enabled for synth_design using a maximum of 7 processes.
INFO: [Synth 8-7078] Launching helper process for spawning children vivado processes
INFO: [Synth 8-7075] Helper process launched with PID 22349
---------------------------------------------------------------------------------
Starting RTL Elaboration : Time (s): cpu = 00:00:03 ; elapsed = 00:00:03 . Memory (MB): peak = 2419.246 ; gain = 387.609 ; free physical = 20487 ; free virtual = 34107
---------------------------------------------------------------------------------
INFO: [Synth 8-6157] synthesizing module 'System_wrapper' [/home/alexander-armitage/Documents/GitHub/AURA-FPGA/Vivado/build/System_Design/System_Design.gen/sources_1/bd/System/hdl/System_wrapper.v:13]
INFO: [Synth 8-6157] synthesizing module 'IOBUF' [/home/Vivado/2026.1/Vivado/scripts/rt/data/unisim_comp.v:87508]
INFO: [Synth 8-6155] done synthesizing module 'IOBUF' (0#1) [/home/Vivado/2026.1/Vivado/scripts/rt/data/unisim_comp.v:87508]
INFO: [Synth 8-6157] synthesizing module 'System' [/home/alexander-armitage/Documents/GitHub/AURA-FPGA/Vivado/build/System_Design/System_Design.gen/sources_1/bd/System/synth/System.v:13]
INFO: [Synth 8-6157] synthesizing module 'System_axi_ethernetlite_0_0' [/home/alexander-armitage/Documents/GitHub/AURA-FPGA/Vivado/build/System_Design/System_Design.runs/synth_1/.Xil/Vivado-22277-alexander-armitage-XPS-9320/realtime/System_axi_ethernetlite_0_0_stub.v:6]
INFO: [Synth 8-6155] done synthesizing module 'System_axi_ethernetlite_0_0' (0#1) [/home/alexander-armitage/Documents/GitHub/AURA-FPGA/Vivado/build/System_Design/System_Design.runs/synth_1/.Xil/Vivado-22277-alexander-armitage-XPS-9320/realtime/System_axi_ethernetlite_0_0_stub.v:6]
INFO: [Synth 8-6157] synthesizing module 'System_axi_ethernetlite_1_0' [/home/alexander-armitage/Documents/GitHub/AURA-FPGA/Vivado/build/System_Design/System_Design.runs/synth_1/.Xil/Vivado-22277-alexander-armitage-XPS-9320/realtime/System_axi_ethernetlite_1_0_stub.v:6]
INFO: [Synth 8-6155] done synthesizing module 'System_axi_ethernetlite_1_0' (0#1) [/home/alexander-armitage/Documents/GitHub/AURA-FPGA/Vivado/build/System_Design/System_Design.runs/synth_1/.Xil/Vivado-22277-alexander-armitage-XPS-9320/realtime/System_axi_ethernetlite_1_0_stub.v:6]
INFO: [Synth 8-6157] synthesizing module 'System_axi_gpio_0_0' [/home/alexander-armitage/Documents/GitHub/AURA-FPGA/Vivado/build/System_Design/System_Design.runs/synth_1/.Xil/Vivado-22277-alexander-armitage-XPS-9320/realtime/System_axi_gpio_0_0_stub.v:6]
INFO: [Synth 8-6155] done synthesizing module 'System_axi_gpio_0_0' (0#1) [/home/alexander-armitage/Documents/GitHub/AURA-FPGA/Vivado/build/System_Design/System_Design.runs/synth_1/.Xil/Vivado-22277-alexander-armitage-XPS-9320/realtime/System_axi_gpio_0_0_stub.v:6]
INFO: [Synth 8-6157] synthesizing module 'System_axi_quad_spi_0_0' [/home/alexander-armitage/Documents/GitHub/AURA-FPGA/Vivado/build/System_Design/System_Design.runs/synth_1/.Xil/Vivado-22277-alexander-armitage-XPS-9320/realtime/System_axi_quad_spi_0_0_stub.v:6]
INFO: [Synth 8-6155] done synthesizing module 'System_axi_quad_spi_0_0' (0#1) [/home/alexander-armitage/Documents/GitHub/AURA-FPGA/Vivado/build/System_Design/System_Design.runs/synth_1/.Xil/Vivado-22277-alexander-armitage-XPS-9320/realtime/System_axi_quad_spi_0_0_stub.v:6]
INFO: [Synth 8-6157] synthesizing module 'System_axi_timer_0_0' [/home/alexander-armitage/Documents/GitHub/AURA-FPGA/Vivado/build/System_Design/System_Design.runs/synth_1/.Xil/Vivado-22277-alexander-armitage-XPS-9320/realtime/System_axi_timer_0_0_stub.v:6]
INFO: [Synth 8-6155] done synthesizing module 'System_axi_timer_0_0' (0#1) [/home/alexander-armitage/Documents/GitHub/AURA-FPGA/Vivado/build/System_Design/System_Design.runs/synth_1/.Xil/Vivado-22277-alexander-armitage-XPS-9320/realtime/System_axi_timer_0_0_stub.v:6]
WARNING: [Synth 8-7071] port 'generateout0' of module 'System_axi_timer_0_0' is unconnected for instance 'axi_timer_0' [/home/alexander-armitage/Documents/GitHub/AURA-FPGA/Vivado/build/System_Design/System_Design.gen/sources_1/bd/System/synth/System.v:670]
WARNING: [Synth 8-7071] port 'generateout1' of module 'System_axi_timer_0_0' is unconnected for instance 'axi_timer_0' [/home/alexander-armitage/Documents/GitHub/AURA-FPGA/Vivado/build/System_Design/System_Design.gen/sources_1/bd/System/synth/System.v:670]
WARNING: [Synth 8-7071] port 'pwm0' of module 'System_axi_timer_0_0' is unconnected for instance 'axi_timer_0' [/home/alexander-armitage/Documents/GitHub/AURA-FPGA/Vivado/build/System_Design/System_Design.gen/sources_1/bd/System/synth/System.v:670]
WARNING: [Synth 8-7023] instance 'axi_timer_0' of module 'System_axi_timer_0_0' has 26 connections declared, but only 23 given [/home/alexander-armitage/Documents/GitHub/AURA-FPGA/Vivado/build/System_Design/System_Design.gen/sources_1/bd/System/synth/System.v:670]
INFO: [Synth 8-6157] synthesizing module 'System_axi_uartlite_0_0' [/home/alexander-armitage/Documents/GitHub/AURA-FPGA/Vivado/build/System_Design/System_Design.runs/synth_1/.Xil/Vivado-22277-alexander-armitage-XPS-9320/realtime/System_axi_uartlite_0_0_stub.v:6]
INFO: [Synth 8-6155] done synthesizing module 'System_axi_uartlite_0_0' (0#1) [/home/alexander-armitage/Documents/GitHub/AURA-FPGA/Vivado/build/System_Design/System_Design.runs/synth_1/.Xil/Vivado-22277-alexander-armitage-XPS-9320/realtime/System_axi_uartlite_0_0_stub.v:6]
INFO: [Synth 8-6157] synthesizing module 'System_clk_wiz_0_0' [/home/alexander-armitage/Documents/GitHub/AURA-FPGA/Vivado/build/System_Design/System_Design.runs/synth_1/.Xil/Vivado-22277-alexander-armitage-XPS-9320/realtime/System_clk_wiz_0_0_stub.v:6]
INFO: [Synth 8-6155] done synthesizing module 'System_clk_wiz_0_0' (0#1) [/home/alexander-armitage/Documents/GitHub/AURA-FPGA/Vivado/build/System_Design/System_Design.runs/synth_1/.Xil/Vivado-22277-alexander-armitage-XPS-9320/realtime/System_clk_wiz_0_0_stub.v:6]
INFO: [Synth 8-6157] synthesizing module 'System_mdm_1_0' [/home/alexander-armitage/Documents/GitHub/AURA-FPGA/Vivado/build/System_Design/System_Design.runs/synth_1/.Xil/Vivado-22277-alexander-armitage-XPS-9320/realtime/System_mdm_1_0_stub.v:6]
INFO: [Synth 8-6155] done synthesizing module 'System_mdm_1_0' (0#1) [/home/alexander-armitage/Documents/GitHub/AURA-FPGA/Vivado/build/System_Design/System_Design.runs/synth_1/.Xil/Vivado-22277-alexander-armitage-XPS-9320/realtime/System_mdm_1_0_stub.v:6]
INFO: [Synth 8-6157] synthesizing module 'System_microblaze_0_0' [/home/alexander-armitage/Documents/GitHub/AURA-FPGA/Vivado/build/System_Design/System_Design.runs/synth_1/.Xil/Vivado-22277-alexander-armitage-XPS-9320/realtime/System_microblaze_0_0_stub.v:6]
INFO: [Synth 8-6155] done synthesizing module 'System_microblaze_0_0' (0#1) [/home/alexander-armitage/Documents/GitHub/AURA-FPGA/Vivado/build/System_Design/System_Design.runs/synth_1/.Xil/Vivado-22277-alexander-armitage-XPS-9320/realtime/System_microblaze_0_0_stub.v:6]
INFO: [Synth 8-6157] synthesizing module 'System_microblaze_0_axi_intc_0' [/home/alexander-armitage/Documents/GitHub/AURA-FPGA/Vivado/build/System_Design/System_Design.runs/synth_1/.Xil/Vivado-22277-alexander-armitage-XPS-9320/realtime/System_microblaze_0_axi_intc_0_stub.v:6]
INFO: [Synth 8-6155] done synthesizing module 'System_microblaze_0_axi_intc_0' (0#1) [/home/alexander-armitage/Documents/GitHub/AURA-FPGA/Vivado/build/System_Design/System_Design.runs/synth_1/.Xil/Vivado-22277-alexander-armitage-XPS-9320/realtime/System_microblaze_0_axi_intc_0_stub.v:6]
INFO: [Synth 8-6157] synthesizing module 'System_microblaze_0_axi_periph_0' [/home/alexander-armitage/Documents/GitHub/AURA-FPGA/Vivado/build/System_Design/System_Design.gen/sources_1/bd/System/synth/System.v:1383]
INFO: [Synth 8-6157] synthesizing module 'm00_couplers_imp_1QGUU1C' [/home/alexander-armitage/Documents/GitHub/AURA-FPGA/Vivado/build/System_Design/System_Design.gen/sources_1/bd/System/synth/System.v:4213]
INFO: [Synth 8-6157] synthesizing module 'System_microblaze_0_axi_periph_imp_auto_pc_0' [/home/alexander-armitage/Documents/GitHub/AURA-FPGA/Vivado/build/System_Design/System_Design.runs/synth_1/.Xil/Vivado-22277-alexander-armitage-XPS-9320/realtime/System_microblaze_0_axi_periph_imp_auto_pc_0_stub.v:6]
INFO: [Synth 8-6155] done synthesizing module 'System_microblaze_0_axi_periph_imp_auto_pc_0' (0#1) [/home/alexander-armitage/Documents/GitHub/AURA-FPGA/Vivado/build/System_Design/System_Design.runs/synth_1/.Xil/Vivado-22277-alexander-armitage-XPS-9320/realtime/System_microblaze_0_axi_periph_imp_auto_pc_0_stub.v:6]
WARNING: [Synth 8-7071] port 'm_axi_awprot' of module 'System_microblaze_0_axi_periph_imp_auto_pc_0' is unconnected for instance 'auto_pc' [/home/alexander-armitage/Documents/GitHub/AURA-FPGA/Vivado/build/System_Design/System_Design.gen/sources_1/bd/System/synth/System.v:4394]
WARNING: [Synth 8-7071] port 'm_axi_arprot' of module 'System_microblaze_0_axi_periph_imp_auto_pc_0' is unconnected for instance 'auto_pc' [/home/alexander-armitage/Documents/GitHub/AURA-FPGA/Vivado/build/System_Design/System_Design.gen/sources_1/bd/System/synth/System.v:4394]
WARNING: [Synth 8-7023] instance 'auto_pc' of module 'System_microblaze_0_axi_periph_imp_auto_pc_0' has 60 connections declared, but only 58 given [/home/alexander-armitage/Documents/GitHub/AURA-FPGA/Vivado/build/System_Design/System_Design.gen/sources_1/bd/System/synth/System.v:4394]
INFO: [Synth 8-6155] done synthesizing module 'm00_couplers_imp_1QGUU1C' (0#1) [/home/alexander-armitage/Documents/GitHub/AURA-FPGA/Vivado/build/System_Design/System_Design.gen/sources_1/bd/System/synth/System.v:4213]
INFO: [Synth 8-6157] synthesizing module 'm01_couplers_imp_M01I4H' [/home/alexander-armitage/Documents/GitHub/AURA-FPGA/Vivado/build/System_Design/System_Design.gen/sources_1/bd/System/synth/System.v:4455]
INFO: [Synth 8-6155] done synthesizing module 'm01_couplers_imp_M01I4H' (0#1) [/home/alexander-armitage/Documents/GitHub/AURA-FPGA/Vivado/build/System_Design/System_Design.gen/sources_1/bd/System/synth/System.v:4455]
INFO: [Synth 8-6157] synthesizing module 'm02_couplers_imp_SFZGTV' [/home/alexander-armitage/Documents/GitHub/AURA-FPGA/Vivado/build/System_Design/System_Design.gen/sources_1/bd/System/synth/System.v:4690]
INFO: [Synth 8-6155] done synthesizing module 'm02_couplers_imp_SFZGTV' (0#1) [/home/alexander-armitage/Documents/GitHub/AURA-FPGA/Vivado/build/System_Design/System_Design.gen/sources_1/bd/System/synth/System.v:4690]
INFO: [Synth 8-6157] synthesizing module 'm03_couplers_imp_1JQWZ1E' [/home/alexander-armitage/Documents/GitHub/AURA-FPGA/Vivado/build/System_Design/System_Design.gen/sources_1/bd/System/synth/System.v:4889]
INFO: [Synth 8-6155] done synthesizing module 'm03_couplers_imp_1JQWZ1E' (0#1) [/home/alexander-armitage/Documents/GitHub/AURA-FPGA/Vivado/build/System_Design/System_Design.gen/sources_1/bd/System/synth/System.v:4889]
INFO: [Synth 8-6157] synthesizing module 'm04_couplers_imp_EQ54BB' [/home/alexander-armitage/Documents/GitHub/AURA-FPGA/Vivado/build/System_Design/System_Design.gen/sources_1/bd/System/synth/System.v:5088]
INFO: [Synth 8-6157] synthesizing module 'System_microblaze_0_axi_periph_imp_auto_pc_1' [/home/alexander-armitage/Documents/GitHub/AURA-FPGA/Vivado/build/System_Design/System_Design.runs/synth_1/.Xil/Vivado-22277-alexander-armitage-XPS-9320/realtime/System_microblaze_0_axi_periph_imp_auto_pc_1_stub.v:6]
INFO: [Synth 8-6155] done synthesizing module 'System_microblaze_0_axi_periph_imp_auto_pc_1' (0#1) [/home/alexander-armitage/Documents/GitHub/AURA-FPGA/Vivado/build/System_Design/System_Design.runs/synth_1/.Xil/Vivado-22277-alexander-armitage-XPS-9320/realtime/System_microblaze_0_axi_periph_imp_auto_pc_1_stub.v:6]
WARNING: [Synth 8-7071] port 'm_axi_awprot' of module 'System_microblaze_0_axi_periph_imp_auto_pc_1' is unconnected for instance 'auto_pc' [/home/alexander-armitage/Documents/GitHub/AURA-FPGA/Vivado/build/System_Design/System_Design.gen/sources_1/bd/System/synth/System.v:5269]
WARNING: [Synth 8-7071] port 'm_axi_arprot' of module 'System_microblaze_0_axi_periph_imp_auto_pc_1' is unconnected for instance 'auto_pc' [/home/alexander-armitage/Documents/GitHub/AURA-FPGA/Vivado/build/System_Design/System_Design.gen/sources_1/bd/System/synth/System.v:5269]
WARNING: [Synth 8-7023] instance 'auto_pc' of module 'System_microblaze_0_axi_periph_imp_auto_pc_1' has 60 connections declared, but only 58 given [/home/alexander-armitage/Documents/GitHub/AURA-FPGA/Vivado/build/System_Design/System_Design.gen/sources_1/bd/System/synth/System.v:5269]
INFO: [Synth 8-6155] done synthesizing module 'm04_couplers_imp_EQ54BB' (0#1) [/home/alexander-armitage/Documents/GitHub/AURA-FPGA/Vivado/build/System_Design/System_Design.gen/sources_1/bd/System/synth/System.v:5088]
INFO: [Synth 8-6157] synthesizing module 'm05_couplers_imp_1750ZUU' [/home/alexander-armitage/Documents/GitHub/AURA-FPGA/Vivado/build/System_Design/System_Design.gen/sources_1/bd/System/synth/System.v:5330]
INFO: [Synth 8-6157] synthesizing module 'System_microblaze_0_axi_periph_imp_auto_pc_2' [/home/alexander-armitage/Documents/GitHub/AURA-FPGA/Vivado/build/System_Design/System_Design.runs/synth_1/.Xil/Vivado-22277-alexander-armitage-XPS-9320/realtime/System_microblaze_0_axi_periph_imp_auto_pc_2_stub.v:6]
INFO: [Synth 8-6155] done synthesizing module 'System_microblaze_0_axi_periph_imp_auto_pc_2' (0#1) [/home/alexander-armitage/Documents/GitHub/AURA-FPGA/Vivado/build/System_Design/System_Design.runs/synth_1/.Xil/Vivado-22277-alexander-armitage-XPS-9320/realtime/System_microblaze_0_axi_periph_imp_auto_pc_2_stub.v:6]
WARNING: [Synth 8-7071] port 'm_axi_awprot' of module 'System_microblaze_0_axi_periph_imp_auto_pc_2' is unconnected for instance 'auto_pc' [/home/alexander-armitage/Documents/GitHub/AURA-FPGA/Vivado/build/System_Design/System_Design.gen/sources_1/bd/System/synth/System.v:5511]
WARNING: [Synth 8-7071] port 'm_axi_arprot' of module 'System_microblaze_0_axi_periph_imp_auto_pc_2' is unconnected for instance 'auto_pc' [/home/alexander-armitage/Documents/GitHub/AURA-FPGA/Vivado/build/System_Design/System_Design.gen/sources_1/bd/System/synth/System.v:5511]
WARNING: [Synth 8-7023] instance 'auto_pc' of module 'System_microblaze_0_axi_periph_imp_auto_pc_2' has 60 connections declared, but only 58 given [/home/alexander-armitage/Documents/GitHub/AURA-FPGA/Vivado/build/System_Design/System_Design.gen/sources_1/bd/System/synth/System.v:5511]
INFO: [Synth 8-6155] done synthesizing module 'm05_couplers_imp_1750ZUU' (0#1) [/home/alexander-armitage/Documents/GitHub/AURA-FPGA/Vivado/build/System_Design/System_Design.gen/sources_1/bd/System/synth/System.v:5330]
INFO: [Synth 8-6157] synthesizing module 'm06_couplers_imp_1DKYWS4' [/home/alexander-armitage/Documents/GitHub/AURA-FPGA/Vivado/build/System_Design/System_Design.gen/sources_1/bd/System/synth/System.v:5572]
INFO: [Synth 8-6157] synthesizing module 'System_microblaze_0_axi_periph_imp_auto_pc_3' [/home/alexander-armitage/Documents/GitHub/AURA-FPGA/Vivado/build/System_Design/System_Design.runs/synth_1/.Xil/Vivado-22277-alexander-armitage-XPS-9320/realtime/System_microblaze_0_axi_periph_imp_auto_pc_3_stub.v:6]
INFO: [Synth 8-6155] done synthesizing module 'System_microblaze_0_axi_periph_imp_auto_pc_3' (0#1) [/home/alexander-armitage/Documents/GitHub/AURA-FPGA/Vivado/build/System_Design/System_Design.runs/synth_1/.Xil/Vivado-22277-alexander-armitage-XPS-9320/realtime/System_microblaze_0_axi_periph_imp_auto_pc_3_stub.v:6]
WARNING: [Synth 8-7071] port 'm_axi_awprot' of module 'System_microblaze_0_axi_periph_imp_auto_pc_3' is unconnected for instance 'auto_pc' [/home/alexander-armitage/Documents/GitHub/AURA-FPGA/Vivado/build/System_Design/System_Design.gen/sources_1/bd/System/synth/System.v:5753]
WARNING: [Synth 8-7071] port 'm_axi_arprot' of module 'System_microblaze_0_axi_periph_imp_auto_pc_3' is unconnected for instance 'auto_pc' [/home/alexander-armitage/Documents/GitHub/AURA-FPGA/Vivado/build/System_Design/System_Design.gen/sources_1/bd/System/synth/System.v:5753]
WARNING: [Synth 8-7023] instance 'auto_pc' of module 'System_microblaze_0_axi_periph_imp_auto_pc_3' has 60 connections declared, but only 58 given [/home/alexander-armitage/Documents/GitHub/AURA-FPGA/Vivado/build/System_Design/System_Design.gen/sources_1/bd/System/synth/System.v:5753]
INFO: [Synth 8-6155] done synthesizing module 'm06_couplers_imp_1DKYWS4' (0#1) [/home/alexander-armitage/Documents/GitHub/AURA-FPGA/Vivado/build/System_Design/System_Design.gen/sources_1/bd/System/synth/System.v:5572]
INFO: [Synth 8-6157] synthesizing module 'm07_couplers_imp_8077XH' [/home/alexander-armitage/Documents/GitHub/AURA-FPGA/Vivado/build/System_Design/System_Design.gen/sources_1/bd/System/synth/System.v:5814]
INFO: [Synth 8-6157] synthesizing module 'System_microblaze_0_axi_periph_imp_auto_pc_4' [/home/alexander-armitage/Documents/GitHub/AURA-FPGA/Vivado/build/System_Design/System_Design.runs/synth_1/.Xil/Vivado-22277-alexander-armitage-XPS-9320/realtime/System_microblaze_0_axi_periph_imp_auto_pc_4_stub.v:6]
INFO: [Synth 8-6155] done synthesizing module 'System_microblaze_0_axi_periph_imp_auto_pc_4' (0#1) [/home/alexander-armitage/Documents/GitHub/AURA-FPGA/Vivado/build/System_Design/System_Design.runs/synth_1/.Xil/Vivado-22277-alexander-armitage-XPS-9320/realtime/System_microblaze_0_axi_periph_imp_auto_pc_4_stub.v:6]
WARNING: [Synth 8-7071] port 'm_axi_awprot' of module 'System_microblaze_0_axi_periph_imp_auto_pc_4' is unconnected for instance 'auto_pc' [/home/alexander-armitage/Documents/GitHub/AURA-FPGA/Vivado/build/System_Design/System_Design.gen/sources_1/bd/System/synth/System.v:5995]
WARNING: [Synth 8-7071] port 'm_axi_arprot' of module 'System_microblaze_0_axi_periph_imp_auto_pc_4' is unconnected for instance 'auto_pc' [/home/alexander-armitage/Documents/GitHub/AURA-FPGA/Vivado/build/System_Design/System_Design.gen/sources_1/bd/System/synth/System.v:5995]
WARNING: [Synth 8-7023] instance 'auto_pc' of module 'System_microblaze_0_axi_periph_imp_auto_pc_4' has 60 connections declared, but only 58 given [/home/alexander-armitage/Documents/GitHub/AURA-FPGA/Vivado/build/System_Design/System_Design.gen/sources_1/bd/System/synth/System.v:5995]
INFO: [Synth 8-6155] done synthesizing module 'm07_couplers_imp_8077XH' (0#1) [/home/alexander-armitage/Documents/GitHub/AURA-FPGA/Vivado/build/System_Design/System_Design.gen/sources_1/bd/System/synth/System.v:5814]
INFO: [Synth 8-6157] synthesizing module 's00_couplers_imp_1NKDGJL' [/home/alexander-armitage/Documents/GitHub/AURA-FPGA/Vivado/build/System_Design/System_Design.gen/sources_1/bd/System/synth/System.v:6269]
INFO: [Synth 8-6157] synthesizing module 'System_microblaze_0_axi_periph_imp_auto_pc_5' [/home/alexander-armitage/Documents/GitHub/AURA-FPGA/Vivado/build/System_Design/System_Design.runs/synth_1/.Xil/Vivado-22277-alexander-armitage-XPS-9320/realtime/System_microblaze_0_axi_periph_imp_auto_pc_5_stub.v:6]
INFO: [Synth 8-6155] done synthesizing module 'System_microblaze_0_axi_periph_imp_auto_pc_5' (0#1) [/home/alexander-armitage/Documents/GitHub/AURA-FPGA/Vivado/build/System_Design/System_Design.runs/synth_1/.Xil/Vivado-22277-alexander-armitage-XPS-9320/realtime/System_microblaze_0_axi_periph_imp_auto_pc_5_stub.v:6]
WARNING: [Synth 8-7071] port 'm_axi_awregion' of module 'System_microblaze_0_axi_periph_imp_auto_pc_5' is unconnected for instance 'auto_pc' [/home/alexander-armitage/Documents/GitHub/AURA-FPGA/Vivado/build/System_Design/System_Design.gen/sources_1/bd/System/synth/System.v:6438]
WARNING: [Synth 8-7071] port 'm_axi_arregion' of module 'System_microblaze_0_axi_periph_imp_auto_pc_5' is unconnected for instance 'auto_pc' [/home/alexander-armitage/Documents/GitHub/AURA-FPGA/Vivado/build/System_Design/System_Design.gen/sources_1/bd/System/synth/System.v:6438]
WARNING: [Synth 8-7023] instance 'auto_pc' of module 'System_microblaze_0_axi_periph_imp_auto_pc_5' has 56 connections declared, but only 54 given [/home/alexander-armitage/Documents/GitHub/AURA-FPGA/Vivado/build/System_Design/System_Design.gen/sources_1/bd/System/synth/System.v:6438]
INFO: [Synth 8-6155] done synthesizing module 's00_couplers_imp_1NKDGJL' (0#1) [/home/alexander-armitage/Documents/GitHub/AURA-FPGA/Vivado/build/System_Design/System_Design.gen/sources_1/bd/System/synth/System.v:6269]
INFO: [Synth 8-6157] synthesizing module 's01_couplers_imp_XICJO0' [/home/alexander-armitage/Documents/GitHub/AURA-FPGA/Vivado/build/System_Design/System_Design.gen/sources_1/bd/System/synth/System.v:6495]
INFO: [Synth 8-6155] done synthesizing module 's01_couplers_imp_XICJO0' (0#1) [/home/alexander-armitage/Documents/GitHub/AURA-FPGA/Vivado/build/System_Design/System_Design.gen/sources_1/bd/System/synth/System.v:6495]
INFO: [Synth 8-6157] synthesizing module 's02_couplers_imp_MHMIJM' [/home/alexander-armitage/Documents/GitHub/AURA-FPGA/Vivado/build/System_Design/System_Design.gen/sources_1/bd/System/synth/System.v:6730]
INFO: [Synth 8-6155] done synthesizing module 's02_couplers_imp_MHMIJM' (0#1) [/home/alexander-armitage/Documents/GitHub/AURA-FPGA/Vivado/build/System_Design/System_Design.gen/sources_1/bd/System/synth/System.v:6730]
INFO: [Synth 8-6157] synthesizing module 's03_couplers_imp_1YV2OZ7' [/home/alexander-armitage/Documents/GitHub/AURA-FPGA/Vivado/build/System_Design/System_Design.gen/sources_1/bd/System/synth/System.v:6965]
INFO: [Synth 8-6155] done synthesizing module 's03_couplers_imp_1YV2OZ7' (0#1) [/home/alexander-armitage/Documents/GitHub/AURA-FPGA/Vivado/build/System_Design/System_Design.gen/sources_1/bd/System/synth/System.v:6965]
INFO: [Synth 8-6157] synthesizing module 's04_couplers_imp_Q3C06' [/home/alexander-armitage/Documents/GitHub/AURA-FPGA/Vivado/build/System_Design/System_Design.gen/sources_1/bd/System/synth/System.v:7200]
INFO: [Synth 8-6155] done synthesizing module 's04_couplers_imp_Q3C06' (0#1) [/home/alexander-armitage/Documents/GitHub/AURA-FPGA/Vivado/build/System_Design/System_Design.gen/sources_1/bd/System/synth/System.v:7200]
INFO: [Synth 8-6157] synthesizing module 's05_couplers_imp_1BZL4BB' [/home/alexander-armitage/Documents/GitHub/AURA-FPGA/Vivado/build/System_Design/System_Design.gen/sources_1/bd/System/synth/System.v:7435]
INFO: [Synth 8-6155] done synthesizing module 's05_couplers_imp_1BZL4BB' (0#1) [/home/alexander-armitage/Documents/GitHub/AURA-FPGA/Vivado/build/System_Design/System_Design.gen/sources_1/bd/System/synth/System.v:7435]
INFO: [Synth 8-6157] synthesizing module 'System_microblaze_0_axi_periph_imp_xbar_0' [/home/alexander-armitage/Documents/GitHub/AURA-FPGA/Vivado/build/System_Design/System_Design.runs/synth_1/.Xil/Vivado-22277-alexander-armitage-XPS-9320/realtime/System_microblaze_0_axi_periph_imp_xbar_0_stub.v:6]
INFO: [Synth 8-6155] done synthesizing module 'System_microblaze_0_axi_periph_imp_xbar_0' (0#1) [/home/alexander-armitage/Documents/GitHub/AURA-FPGA/Vivado/build/System_Design/System_Design.runs/synth_1/.Xil/Vivado-22277-alexander-armitage-XPS-9320/realtime/System_microblaze_0_axi_periph_imp_xbar_0_stub.v:6]
INFO: [Synth 8-6155] done synthesizing module 'System_microblaze_0_axi_periph_0' (0#1) [/home/alexander-armitage/Documents/GitHub/AURA-FPGA/Vivado/build/System_Design/System_Design.gen/sources_1/bd/System/synth/System.v:1383]
WARNING: [Synth 8-7071] port 'S03_AXI_arready' of module 'System_microblaze_0_axi_periph_0' is unconnected for instance 'microblaze_0_axi_periph' [/home/alexander-armitage/Documents/GitHub/AURA-FPGA/Vivado/build/System_Design/System_Design.gen/sources_1/bd/System/synth/System.v:888]
WARNING: [Synth 8-7071] port 'S03_AXI_awready' of module 'System_microblaze_0_axi_periph_0' is unconnected for instance 'microblaze_0_axi_periph' [/home/alexander-armitage/Documents/GitHub/AURA-FPGA/Vivado/build/System_Design/System_Design.gen/sources_1/bd/System/synth/System.v:888]
WARNING: [Synth 8-7071] port 'S03_AXI_bid' of module 'System_microblaze_0_axi_periph_0' is unconnected for instance 'microblaze_0_axi_periph' [/home/alexander-armitage/Documents/GitHub/AURA-FPGA/Vivado/build/System_Design/System_Design.gen/sources_1/bd/System/synth/System.v:888]
WARNING: [Synth 8-7071] port 'S03_AXI_bresp' of module 'System_microblaze_0_axi_periph_0' is unconnected for instance 'microblaze_0_axi_periph' [/home/alexander-armitage/Documents/GitHub/AURA-FPGA/Vivado/build/System_Design/System_Design.gen/sources_1/bd/System/synth/System.v:888]
WARNING: [Synth 8-7071] port 'S03_AXI_bvalid' of module 'System_microblaze_0_axi_periph_0' is unconnected for instance 'microblaze_0_axi_periph' [/home/alexander-armitage/Documents/GitHub/AURA-FPGA/Vivado/build/System_Design/System_Design.gen/sources_1/bd/System/synth/System.v:888]
WARNING: [Synth 8-7071] port 'S03_AXI_rdata' of module 'System_microblaze_0_axi_periph_0' is unconnected for instance 'microblaze_0_axi_periph' [/home/alexander-armitage/Documents/GitHub/AURA-FPGA/Vivado/build/System_Design/System_Design.gen/sources_1/bd/System/synth/System.v:888]
WARNING: [Synth 8-7071] port 'S03_AXI_rid' of module 'System_microblaze_0_axi_periph_0' is unconnected for instance 'microblaze_0_axi_periph' [/home/alexander-armitage/Documents/GitHub/AURA-FPGA/Vivado/build/System_Design/System_Design.gen/sources_1/bd/System/synth/System.v:888]
WARNING: [Synth 8-7071] port 'S03_AXI_rlast' of module 'System_microblaze_0_axi_periph_0' is unconnected for instance 'microblaze_0_axi_periph' [/home/alexander-armitage/Documents/GitHub/AURA-FPGA/Vivado/build/System_Design/System_Design.gen/sources_1/bd/System/synth/System.v:888]
WARNING: [Synth 8-7071] port 'S03_AXI_rresp' of module 'System_microblaze_0_axi_periph_0' is unconnected for instance 'microblaze_0_axi_periph' [/home/alexander-armitage/Documents/GitHub/AURA-FPGA/Vivado/build/System_Design/System_Design.gen/sources_1/bd/System/synth/System.v:888]
WARNING: [Synth 8-7071] port 'S03_AXI_rvalid' of module 'System_microblaze_0_axi_periph_0' is unconnected for instance 'microblaze_0_axi_periph' [/home/alexander-armitage/Documents/GitHub/AURA-FPGA/Vivado/build/System_Design/System_Design.gen/sources_1/bd/System/synth/System.v:888]
WARNING: [Synth 8-7071] port 'S03_AXI_wready' of module 'System_microblaze_0_axi_periph_0' is unconnected for instance 'microblaze_0_axi_periph' [/home/alexander-armitage/Documents/GitHub/AURA-FPGA/Vivado/build/System_Design/System_Design.gen/sources_1/bd/System/synth/System.v:888]
WARNING: [Synth 8-7071] port 'S04_AXI_arready' of module 'System_microblaze_0_axi_periph_0' is unconnected for instance 'microblaze_0_axi_periph' [/home/alexander-armitage/Documents/GitHub/AURA-FPGA/Vivado/build/System_Design/System_Design.gen/sources_1/bd/System/synth/System.v:888]
WARNING: [Synth 8-7071] port 'S04_AXI_awready' of module 'System_microblaze_0_axi_periph_0' is unconnected for instance 'microblaze_0_axi_periph' [/home/alexander-armitage/Documents/GitHub/AURA-FPGA/Vivado/build/System_Design/System_Design.gen/sources_1/bd/System/synth/System.v:888]
WARNING: [Synth 8-7071] port 'S04_AXI_bid' of module 'System_microblaze_0_axi_periph_0' is unconnected for instance 'microblaze_0_axi_periph' [/home/alexander-armitage/Documents/GitHub/AURA-FPGA/Vivado/build/System_Design/System_Design.gen/sources_1/bd/System/synth/System.v:888]
WARNING: [Synth 8-7071] port 'S04_AXI_bresp' of module 'System_microblaze_0_axi_periph_0' is unconnected for instance 'microblaze_0_axi_periph' [/home/alexander-armitage/Documents/GitHub/AURA-FPGA/Vivado/build/System_Design/System_Design.gen/sources_1/bd/System/synth/System.v:888]
WARNING: [Synth 8-7071] port 'S04_AXI_bvalid' of module 'System_microblaze_0_axi_periph_0' is unconnected for instance 'microblaze_0_axi_periph' [/home/alexander-armitage/Documents/GitHub/AURA-FPGA/Vivado/build/System_Design/System_Design.gen/sources_1/bd/System/synth/System.v:888]
WARNING: [Synth 8-7071] port 'S04_AXI_rdata' of module 'System_microblaze_0_axi_periph_0' is unconnected for instance 'microblaze_0_axi_periph' [/home/alexander-armitage/Documents/GitHub/AURA-FPGA/Vivado/build/System_Design/System_Design.gen/sources_1/bd/System/synth/System.v:888]
WARNING: [Synth 8-7071] port 'S04_AXI_rid' of module 'System_microblaze_0_axi_periph_0' is unconnected for instance 'microblaze_0_axi_periph' [/home/alexander-armitage/Documents/GitHub/AURA-FPGA/Vivado/build/System_Design/System_Design.gen/sources_1/bd/System/synth/System.v:888]
WARNING: [Synth 8-7071] port 'S04_AXI_rlast' of module 'System_microblaze_0_axi_periph_0' is unconnected for instance 'microblaze_0_axi_periph' [/home/alexander-armitage/Documents/GitHub/AURA-FPGA/Vivado/build/System_Design/System_Design.gen/sources_1/bd/System/synth/System.v:888]
WARNING: [Synth 8-7071] port 'S04_AXI_rresp' of module 'System_microblaze_0_axi_periph_0' is unconnected for instance 'microblaze_0_axi_periph' [/home/alexander-armitage/Documents/GitHub/AURA-FPGA/Vivado/build/System_Design/System_Design.gen/sources_1/bd/System/synth/System.v:888]
WARNING: [Synth 8-7071] port 'S04_AXI_rvalid' of module 'System_microblaze_0_axi_periph_0' is unconnected for instance 'microblaze_0_axi_periph' [/home/alexander-armitage/Documents/GitHub/AURA-FPGA/Vivado/build/System_Design/System_Design.gen/sources_1/bd/System/synth/System.v:888]
WARNING: [Synth 8-7071] port 'S04_AXI_wready' of module 'System_microblaze_0_axi_periph_0' is unconnected for instance 'microblaze_0_axi_periph' [/home/alexander-armitage/Documents/GitHub/AURA-FPGA/Vivado/build/System_Design/System_Design.gen/sources_1/bd/System/synth/System.v:888]
WARNING: [Synth 8-7071] port 'S05_AXI_arready' of module 'System_microblaze_0_axi_periph_0' is unconnected for instance 'microblaze_0_axi_periph' [/home/alexander-armitage/Documents/GitHub/AURA-FPGA/Vivado/build/System_Design/System_Design.gen/sources_1/bd/System/synth/System.v:888]
WARNING: [Synth 8-7071] port 'S05_AXI_awready' of module 'System_microblaze_0_axi_periph_0' is unconnected for instance 'microblaze_0_axi_periph' [/home/alexander-armitage/Documents/GitHub/AURA-FPGA/Vivado/build/System_Design/System_Design.gen/sources_1/bd/System/synth/System.v:888]
WARNING: [Synth 8-7071] port 'S05_AXI_bid' of module 'System_microblaze_0_axi_periph_0' is unconnected for instance 'microblaze_0_axi_periph' [/home/alexander-armitage/Documents/GitHub/AURA-FPGA/Vivado/build/System_Design/System_Design.gen/sources_1/bd/System/synth/System.v:888]
WARNING: [Synth 8-7071] port 'S05_AXI_bresp' of module 'System_microblaze_0_axi_periph_0' is unconnected for instance 'microblaze_0_axi_periph' [/home/alexander-armitage/Documents/GitHub/AURA-FPGA/Vivado/build/System_Design/System_Design.gen/sources_1/bd/System/synth/System.v:888]
WARNING: [Synth 8-7071] port 'S05_AXI_bvalid' of module 'System_microblaze_0_axi_periph_0' is unconnected for instance 'microblaze_0_axi_periph' [/home/alexander-armitage/Documents/GitHub/AURA-FPGA/Vivado/build/System_Design/System_Design.gen/sources_1/bd/System/synth/System.v:888]
WARNING: [Synth 8-7071] port 'S05_AXI_rdata' of module 'System_microblaze_0_axi_periph_0' is unconnected for instance 'microblaze_0_axi_periph' [/home/alexander-armitage/Documents/GitHub/AURA-FPGA/Vivado/build/System_Design/System_Design.gen/sources_1/bd/System/synth/System.v:888]
WARNING: [Synth 8-7071] port 'S05_AXI_rid' of module 'System_microblaze_0_axi_periph_0' is unconnected for instance 'microblaze_0_axi_periph' [/home/alexander-armitage/Documents/GitHub/AURA-FPGA/Vivado/build/System_Design/System_Design.gen/sources_1/bd/System/synth/System.v:888]
WARNING: [Synth 8-7071] port 'S05_AXI_rlast' of module 'System_microblaze_0_axi_periph_0' is unconnected for instance 'microblaze_0_axi_periph' [/home/alexander-armitage/Documents/GitHub/AURA-FPGA/Vivado/build/System_Design/System_Design.gen/sources_1/bd/System/synth/System.v:888]
WARNING: [Synth 8-7071] port 'S05_AXI_rresp' of module 'System_microblaze_0_axi_periph_0' is unconnected for instance 'microblaze_0_axi_periph' [/home/alexander-armitage/Documents/GitHub/AURA-FPGA/Vivado/build/System_Design/System_Design.gen/sources_1/bd/System/synth/System.v:888]
WARNING: [Synth 8-7071] port 'S05_AXI_rvalid' of module 'System_microblaze_0_axi_periph_0' is unconnected for instance 'microblaze_0_axi_periph' [/home/alexander-armitage/Documents/GitHub/AURA-FPGA/Vivado/build/System_Design/System_Design.gen/sources_1/bd/System/synth/System.v:888]
WARNING: [Synth 8-7071] port 'S05_AXI_wready' of module 'System_microblaze_0_axi_periph_0' is unconnected for instance 'microblaze_0_axi_periph' [/home/alexander-armitage/Documents/GitHub/AURA-FPGA/Vivado/build/System_Design/System_Design.gen/sources_1/bd/System/synth/System.v:888]
WARNING: [Synth 8-7023] instance 'microblaze_0_axi_periph' of module 'System_microblaze_0_axi_periph_0' has 418 connections declared, but only 385 given [/home/alexander-armitage/Documents/GitHub/AURA-FPGA/Vivado/build/System_Design/System_Design.gen/sources_1/bd/System/synth/System.v:888]
INFO: [Synth 8-6157] synthesizing module 'microblaze_0_local_memory_imp_QIIWOI' [/home/alexander-armitage/Documents/GitHub/AURA-FPGA/Vivado/build/System_Design/System_Design.gen/sources_1/bd/System/synth/System.v:6056]
INFO: [Synth 8-6157] synthesizing module 'System_dlmb_bram_if_cntlr_0' [/home/alexander-armitage/Documents/GitHub/AURA-FPGA/Vivado/build/System_Design/System_Design.runs/synth_1/.Xil/Vivado-22277-alexander-armitage-XPS-9320/realtime/System_dlmb_bram_if_cntlr_0_stub.v:6]
INFO: [Synth 8-6155] done synthesizing module 'System_dlmb_bram_if_cntlr_0' (0#1) [/home/alexander-armitage/Documents/GitHub/AURA-FPGA/Vivado/build/System_Design/System_Design.runs/synth_1/.Xil/Vivado-22277-alexander-armitage-XPS-9320/realtime/System_dlmb_bram_if_cntlr_0_stub.v:6]
INFO: [Synth 8-6157] synthesizing module 'System_dlmb_v10_0' [/home/alexander-armitage/Documents/GitHub/AURA-FPGA/Vivado/build/System_Design/System_Design.runs/synth_1/.Xil/Vivado-22277-alexander-armitage-XPS-9320/realtime/System_dlmb_v10_0_stub.v:6]
INFO: [Synth 8-6155] done synthesizing module 'System_dlmb_v10_0' (0#1) [/home/alexander-armitage/Documents/GitHub/AURA-FPGA/Vivado/build/System_Design/System_Design.runs/synth_1/.Xil/Vivado-22277-alexander-armitage-XPS-9320/realtime/System_dlmb_v10_0_stub.v:6]
WARNING: [Synth 8-7071] port 'LMB_Rst' of module 'System_dlmb_v10_0' is unconnected for instance 'dlmb_v10' [/home/alexander-armitage/Documents/GitHub/AURA-FPGA/Vivado/build/System_Design/System_Design.gen/sources_1/bd/System/synth/System.v:6181]
WARNING: [Synth 8-7023] instance 'dlmb_v10' of module 'System_dlmb_v10_0' has 25 connections declared, but only 24 given [/home/alexander-armitage/Documents/GitHub/AURA-FPGA/Vivado/build/System_Design/System_Design.gen/sources_1/bd/System/synth/System.v:6181]
INFO: [Synth 8-6157] synthesizing module 'System_ilmb_bram_if_cntlr_0' [/home/alexander-armitage/Documents/GitHub/AURA-FPGA/Vivado/build/System_Design/System_Design.runs/synth_1/.Xil/Vivado-22277-alexander-armitage-XPS-9320/realtime/System_ilmb_bram_if_cntlr_0_stub.v:6]
INFO: [Synth 8-6155] done synthesizing module 'System_ilmb_bram_if_cntlr_0' (0#1) [/home/alexander-armitage/Documents/GitHub/AURA-FPGA/Vivado/build/System_Design/System_Design.runs/synth_1/.Xil/Vivado-22277-alexander-armitage-XPS-9320/realtime/System_ilmb_bram_if_cntlr_0_stub.v:6]
INFO: [Synth 8-6157] synthesizing module 'System_ilmb_v10_0' [/home/alexander-armitage/Documents/GitHub/AURA-FPGA/Vivado/build/System_Design/System_Design.runs/synth_1/.Xil/Vivado-22277-alexander-armitage-XPS-9320/realtime/System_ilmb_v10_0_stub.v:6]
INFO: [Synth 8-6155] done synthesizing module 'System_ilmb_v10_0' (0#1) [/home/alexander-armitage/Documents/GitHub/AURA-FPGA/Vivado/build/System_Design/System_Design.runs/synth_1/.Xil/Vivado-22277-alexander-armitage-XPS-9320/realtime/System_ilmb_v10_0_stub.v:6]
WARNING: [Synth 8-7071] port 'LMB_Rst' of module 'System_ilmb_v10_0' is unconnected for instance 'ilmb_v10' [/home/alexander-armitage/Documents/GitHub/AURA-FPGA/Vivado/build/System_Design/System_Design.gen/sources_1/bd/System/synth/System.v:6227]
WARNING: [Synth 8-7023] instance 'ilmb_v10' of module 'System_ilmb_v10_0' has 25 connections declared, but only 24 given [/home/alexander-armitage/Documents/GitHub/AURA-FPGA/Vivado/build/System_Design/System_Design.gen/sources_1/bd/System/synth/System.v:6227]
INFO: [Synth 8-6157] synthesizing module 'System_lmb_bram_0' [/home/alexander-armitage/Documents/GitHub/AURA-FPGA/Vivado/build/System_Design/System_Design.runs/synth_1/.Xil/Vivado-22277-alexander-armitage-XPS-9320/realtime/System_lmb_bram_0_stub.v:6]
INFO: [Synth 8-6155] done synthesizing module 'System_lmb_bram_0' (0#1) [/home/alexander-armitage/Documents/GitHub/AURA-FPGA/Vivado/build/System_Design/System_Design.runs/synth_1/.Xil/Vivado-22277-alexander-armitage-XPS-9320/realtime/System_lmb_bram_0_stub.v:6]
WARNING: [Synth 8-7071] port 'rsta_busy' of module 'System_lmb_bram_0' is unconnected for instance 'lmb_bram' [/home/alexander-armitage/Documents/GitHub/AURA-FPGA/Vivado/build/System_Design/System_Design.gen/sources_1/bd/System/synth/System.v:6252]
WARNING: [Synth 8-7071] port 'rstb_busy' of module 'System_lmb_bram_0' is unconnected for instance 'lmb_bram' [/home/alexander-armitage/Documents/GitHub/AURA-FPGA/Vivado/build/System_Design/System_Design.gen/sources_1/bd/System/synth/System.v:6252]
WARNING: [Synth 8-7023] instance 'lmb_bram' of module 'System_lmb_bram_0' has 16 connections declared, but only 14 given [/home/alexander-armitage/Documents/GitHub/AURA-FPGA/Vivado/build/System_Design/System_Design.gen/sources_1/bd/System/synth/System.v:6252]
INFO: [Synth 8-6155] done synthesizing module 'microblaze_0_local_memory_imp_QIIWOI' (0#1) [/home/alexander-armitage/Documents/GitHub/AURA-FPGA/Vivado/build/System_Design/System_Design.gen/sources_1/bd/System/synth/System.v:6056]
INFO: [Synth 8-6157] synthesizing module 'System_microblaze_0_xlconcat_0' [/home/alexander-armitage/Documents/GitHub/AURA-FPGA/Vivado/build/System_Design/System_Design.gen/sources_1/bd/System/ip/System_microblaze_0_xlconcat_0/synth/System_microblaze_0_xlconcat_0.v:53]
INFO: [Synth 8-6157] synthesizing module 'xlconcat_v2_1_7_xlconcat' [/home/alexander-armitage/Documents/GitHub/AURA-FPGA/Vivado/build/System_Design/System_Design.gen/sources_1/bd/System/ipshared/9c1a/hdl/xlconcat_v2_1_rfs.v:59]
INFO: [Synth 8-6155] done synthesizing module 'xlconcat_v2_1_7_xlconcat' (0#1) [/home/alexander-armitage/Documents/GitHub/AURA-FPGA/Vivado/build/System_Design/System_Design.gen/sources_1/bd/System/ipshared/9c1a/hdl/xlconcat_v2_1_rfs.v:59]
INFO: [Synth 8-6155] done synthesizing module 'System_microblaze_0_xlconcat_0' (0#1) [/home/alexander-armitage/Documents/GitHub/AURA-FPGA/Vivado/build/System_Design/System_Design.gen/sources_1/bd/System/ip/System_microblaze_0_xlconcat_0/synth/System_microblaze_0_xlconcat_0.v:53]
INFO: [Synth 8-6157] synthesizing module 'System_mig_7series_0_0' [/home/alexander-armitage/Documents/GitHub/AURA-FPGA/Vivado/build/System_Design/System_Design.runs/synth_1/.Xil/Vivado-22277-alexander-armitage-XPS-9320/realtime/System_mig_7series_0_0_stub.v:6]
INFO: [Synth 8-6155] done synthesizing module 'System_mig_7series_0_0' (0#1) [/home/alexander-armitage/Documents/GitHub/AURA-FPGA/Vivado/build/System_Design/System_Design.runs/synth_1/.Xil/Vivado-22277-alexander-armitage-XPS-9320/realtime/System_mig_7series_0_0_stub.v:6]
WARNING: [Synth 8-7071] port 'app_sr_active' of module 'System_mig_7series_0_0' is unconnected for instance 'mig_7series_0' [/home/alexander-armitage/Documents/GitHub/AURA-FPGA/Vivado/build/System_Design/System_Design.gen/sources_1/bd/System/synth/System.v:1304]
WARNING: [Synth 8-7071] port 'app_ref_ack' of module 'System_mig_7series_0_0' is unconnected for instance 'mig_7series_0' [/home/alexander-armitage/Documents/GitHub/AURA-FPGA/Vivado/build/System_Design/System_Design.gen/sources_1/bd/System/synth/System.v:1304]
WARNING: [Synth 8-7071] port 'app_zq_ack' of module 'System_mig_7series_0_0' is unconnected for instance 'mig_7series_0' [/home/alexander-armitage/Documents/GitHub/AURA-FPGA/Vivado/build/System_Design/System_Design.gen/sources_1/bd/System/synth/System.v:1304]
WARNING: [Synth 8-7071] port 'init_calib_complete' of module 'System_mig_7series_0_0' is unconnected for instance 'mig_7series_0' [/home/alexander-armitage/Documents/GitHub/AURA-FPGA/Vivado/build/System_Design/System_Design.gen/sources_1/bd/System/synth/System.v:1304]
WARNING: [Synth 8-7071] port 'device_temp' of module 'System_mig_7series_0_0' is unconnected for instance 'mig_7series_0' [/home/alexander-armitage/Documents/GitHub/AURA-FPGA/Vivado/build/System_Design/System_Design.gen/sources_1/bd/System/synth/System.v:1304]
WARNING: [Synth 8-7023] instance 'mig_7series_0' of module 'System_mig_7series_0_0' has 63 connections declared, but only 58 given [/home/alexander-armitage/Documents/GitHub/AURA-FPGA/Vivado/build/System_Design/System_Design.gen/sources_1/bd/System/synth/System.v:1304]
INFO: [Synth 8-6157] synthesizing module 'System_rst_clk_wiz_0_100M_0' [/home/alexander-armitage/Documents/GitHub/AURA-FPGA/Vivado/build/System_Design/System_Design.runs/synth_1/.Xil/Vivado-22277-alexander-armitage-XPS-9320/realtime/System_rst_clk_wiz_0_100M_0_stub.v:6]
INFO: [Synth 8-6155] done synthesizing module 'System_rst_clk_wiz_0_100M_0' (0#1) [/home/alexander-armitage/Documents/GitHub/AURA-FPGA/Vivado/build/System_Design/System_Design.runs/synth_1/.Xil/Vivado-22277-alexander-armitage-XPS-9320/realtime/System_rst_clk_wiz_0_100M_0_stub.v:6]
WARNING: [Synth 8-7071] port 'mb_reset' of module 'System_rst_clk_wiz_0_100M_0' is unconnected for instance 'rst_clk_wiz_0_100M' [/home/alexander-armitage/Documents/GitHub/AURA-FPGA/Vivado/build/System_Design/System_Design.gen/sources_1/bd/System/synth/System.v:1363]
WARNING: [Synth 8-7071] port 'bus_struct_reset' of module 'System_rst_clk_wiz_0_100M_0' is unconnected for instance 'rst_clk_wiz_0_100M' [/home/alexander-armitage/Documents/GitHub/AURA-FPGA/Vivado/build/System_Design/System_Design.gen/sources_1/bd/System/synth/System.v:1363]
WARNING: [Synth 8-7071] port 'peripheral_reset' of module 'System_rst_clk_wiz_0_100M_0' is unconnected for instance 'rst_clk_wiz_0_100M' [/home/alexander-armitage/Documents/GitHub/AURA-FPGA/Vivado/build/System_Design/System_Design.gen/sources_1/bd/System/synth/System.v:1363]
WARNING: [Synth 8-7071] port 'interconnect_aresetn' of module 'System_rst_clk_wiz_0_100M_0' is unconnected for instance 'rst_clk_wiz_0_100M' [/home/alexander-armitage/Documents/GitHub/AURA-FPGA/Vivado/build/System_Design/System_Design.gen/sources_1/bd/System/synth/System.v:1363]
WARNING: [Synth 8-7023] instance 'rst_clk_wiz_0_100M' of module 'System_rst_clk_wiz_0_100M_0' has 10 connections declared, but only 6 given [/home/alexander-armitage/Documents/GitHub/AURA-FPGA/Vivado/build/System_Design/System_Design.gen/sources_1/bd/System/synth/System.v:1363]
INFO: [Synth 8-6157] synthesizing module 'System_rst_mig_7series_0_100M_0' [/home/alexander-armitage/Documents/GitHub/AURA-FPGA/Vivado/build/System_Design/System_Design.runs/synth_1/.Xil/Vivado-22277-alexander-armitage-XPS-9320/realtime/System_rst_mig_7series_0_100M_0_stub.v:6]
INFO: [Synth 8-6155] done synthesizing module 'System_rst_mig_7series_0_100M_0' (0#1) [/home/alexander-armitage/Documents/GitHub/AURA-FPGA/Vivado/build/System_Design/System_Design.runs/synth_1/.Xil/Vivado-22277-alexander-armitage-XPS-9320/realtime/System_rst_mig_7series_0_100M_0_stub.v:6]
WARNING: [Synth 8-7071] port 'peripheral_reset' of module 'System_rst_mig_7series_0_100M_0' is unconnected for instance 'rst_mig_7series_0_100M' [/home/alexander-armitage/Documents/GitHub/AURA-FPGA/Vivado/build/System_Design/System_Design.gen/sources_1/bd/System/synth/System.v:1370]
WARNING: [Synth 8-7071] port 'interconnect_aresetn' of module 'System_rst_mig_7series_0_100M_0' is unconnected for instance 'rst_mig_7series_0_100M' [/home/alexander-armitage/Documents/GitHub/AURA-FPGA/Vivado/build/System_Design/System_Design.gen/sources_1/bd/System/synth/System.v:1370]
WARNING: [Synth 8-7023] instance 'rst_mig_7series_0_100M' of module 'System_rst_mig_7series_0_100M_0' has 10 connections declared, but only 8 given [/home/alexander-armitage/Documents/GitHub/AURA-FPGA/Vivado/build/System_Design/System_Design.gen/sources_1/bd/System/synth/System.v:1370]
INFO: [Synth 8-6157] synthesizing module 'System_xlconstant_0_0' [/home/alexander-armitage/Documents/GitHub/AURA-FPGA/Vivado/build/System_Design/System_Design.gen/sources_1/bd/System/ip/System_xlconstant_0_0/synth/System_xlconstant_0_0.v:53]
INFO: [Synth 8-6157] synthesizing module 'xlconstant_v1_1_11_xlconstant' [/home/alexander-armitage/Documents/GitHub/AURA-FPGA/Vivado/build/System_Design/System_Design.gen/sources_1/bd/System/ipshared/ff42/hdl/xlconstant_v1_1_rfs.v:68]
INFO: [Synth 8-6155] done synthesizing module 'xlconstant_v1_1_11_xlconstant' (0#1) [/home/alexander-armitage/Documents/GitHub/AURA-FPGA/Vivado/build/System_Design/System_Design.gen/sources_1/bd/System/ipshared/ff42/hdl/xlconstant_v1_1_rfs.v:68]
INFO: [Synth 8-6155] done synthesizing module 'System_xlconstant_0_0' (0#1) [/home/alexander-armitage/Documents/GitHub/AURA-FPGA/Vivado/build/System_Design/System_Design.gen/sources_1/bd/System/ip/System_xlconstant_0_0/synth/System_xlconstant_0_0.v:53]
INFO: [Synth 8-6155] done synthesizing module 'System' (0#1) [/home/alexander-armitage/Documents/GitHub/AURA-FPGA/Vivado/build/System_Design/System_Design.gen/sources_1/bd/System/synth/System.v:13]
INFO: [Synth 8-6155] done synthesizing module 'System_wrapper' (0#1) [/home/alexander-armitage/Documents/GitHub/AURA-FPGA/Vivado/build/System_Design/System_Design.gen/sources_1/bd/System/hdl/System_wrapper.v:13]
WARNING: [Synth 8-7129] Port In6[0] in module xlconcat_v2_1_7_xlconcat is either unconnected or has no load
WARNING: [Synth 8-7129] Port In7[0] in module xlconcat_v2_1_7_xlconcat is either unconnected or has no load
WARNING: [Synth 8-7129] Port In8[0] in module xlconcat_v2_1_7_xlconcat is either unconnected or has no load
WARNING: [Synth 8-7129] Port In9[0] in module xlconcat_v2_1_7_xlconcat is either unconnected or has no load
WARNING: [Synth 8-7129] Port In10[0] in module xlconcat_v2_1_7_xlconcat is either unconnected or has no load
WARNING: [Synth 8-7129] Port In11[0] in module xlconcat_v2_1_7_xlconcat is either unconnected or has no load
WARNING: [Synth 8-7129] Port In12[0] in module xlconcat_v2_1_7_xlconcat is either unconnected or has no load
WARNING: [Synth 8-7129] Port In13[0] in module xlconcat_v2_1_7_xlconcat is either unconnected or has no load
WARNING: [Synth 8-7129] Port In14[0] in module xlconcat_v2_1_7_xlconcat is either unconnected or has no load
WARNING: [Synth 8-7129] Port In15[0] in module xlconcat_v2_1_7_xlconcat is either unconnected or has no load
WARNING: [Synth 8-7129] Port In16[0] in module xlconcat_v2_1_7_xlconcat is either unconnected or has no load
WARNING: [Synth 8-7129] Port In17[0] in module xlconcat_v2_1_7_xlconcat is either unconnected or has no load
WARNING: [Synth 8-7129] Port In18[0] in module xlconcat_v2_1_7_xlconcat is either unconnected or has no load
WARNING: [Synth 8-7129] Port In19[0] in module xlconcat_v2_1_7_xlconcat is either unconnected or has no load
WARNING: [Synth 8-7129] Port In20[0] in module xlconcat_v2_1_7_xlconcat is either unconnected or has no load
WARNING: [Synth 8-7129] Port In21[0] in module xlconcat_v2_1_7_xlconcat is either unconnected or has no load
WARNING: [Synth 8-7129] Port In22[0] in module xlconcat_v2_1_7_xlconcat is either unconnected or has no load
WARNING: [Synth 8-7129] Port In23[0] in module xlconcat_v2_1_7_xlconcat is either unconnected or has no load
WARNING: [Synth 8-7129] Port In24[0] in module xlconcat_v2_1_7_xlconcat is either unconnected or has no load
WARNING: [Synth 8-7129] Port In25[0] in module xlconcat_v2_1_7_xlconcat is either unconnected or has no load
WARNING: [Synth 8-7129] Port In26[0] in module xlconcat_v2_1_7_xlconcat is either unconnected or has no load
WARNING: [Synth 8-7129] Port In27[0] in module xlconcat_v2_1_7_xlconcat is either unconnected or has no load
WARNING: [Synth 8-7129] Port In28[0] in module xlconcat_v2_1_7_xlconcat is either unconnected or has no load
WARNING: [Synth 8-7129] Port In29[0] in module xlconcat_v2_1_7_xlconcat is either unconnected or has no load
WARNING: [Synth 8-7129] Port In30[0] in module xlconcat_v2_1_7_xlconcat is either unconnected or has no load
WARNING: [Synth 8-7129] Port In31[0] in module xlconcat_v2_1_7_xlconcat is either unconnected or has no load
WARNING: [Synth 8-7129] Port In32[0] in module xlconcat_v2_1_7_xlconcat is either unconnected or has no load
WARNING: [Synth 8-7129] Port In33[0] in module xlconcat_v2_1_7_xlconcat is either unconnected or has no load
WARNING: [Synth 8-7129] Port In34[0] in module xlconcat_v2_1_7_xlconcat is either unconnected or has no load
WARNING: [Synth 8-7129] Port In35[0] in module xlconcat_v2_1_7_xlconcat is either unconnected or has no load
WARNING: [Synth 8-7129] Port In36[0] in module xlconcat_v2_1_7_xlconcat is either unconnected or has no load
WARNING: [Synth 8-7129] Port In37[0] in module xlconcat_v2_1_7_xlconcat is either unconnected or has no load
WARNING: [Synth 8-7129] Port In38[0] in module xlconcat_v2_1_7_xlconcat is either unconnected or has no load
WARNING: [Synth 8-7129] Port In39[0] in module xlconcat_v2_1_7_xlconcat is either unconnected or has no load
WARNING: [Synth 8-7129] Port In40[0] in module xlconcat_v2_1_7_xlconcat is either unconnected or has no load
WARNING: [Synth 8-7129] Port In41[0] in module xlconcat_v2_1_7_xlconcat is either unconnected or has no load
WARNING: [Synth 8-7129] Port In42[0] in module xlconcat_v2_1_7_xlconcat is either unconnected or has no load
WARNING: [Synth 8-7129] Port In43[0] in module xlconcat_v2_1_7_xlconcat is either unconnected or has no load
WARNING: [Synth 8-7129] Port In44[0] in module xlconcat_v2_1_7_xlconcat is either unconnected or has no load
WARNING: [Synth 8-7129] Port In45[0] in module xlconcat_v2_1_7_xlconcat is either unconnected or has no load
WARNING: [Synth 8-7129] Port In46[0] in module xlconcat_v2_1_7_xlconcat is either unconnected or has no load
WARNING: [Synth 8-7129] Port In47[0] in module xlconcat_v2_1_7_xlconcat is either unconnected or has no load
WARNING: [Synth 8-7129] Port In48[0] in module xlconcat_v2_1_7_xlconcat is either unconnected or has no load
WARNING: [Synth 8-7129] Port In49[0] in module xlconcat_v2_1_7_xlconcat is either unconnected or has no load
WARNING: [Synth 8-7129] Port In50[0] in module xlconcat_v2_1_7_xlconcat is either unconnected or has no load
WARNING: [Synth 8-7129] Port In51[0] in module xlconcat_v2_1_7_xlconcat is either unconnected or has no load
WARNING: [Synth 8-7129] Port In52[0] in module xlconcat_v2_1_7_xlconcat is either unconnected or has no load
WARNING: [Synth 8-7129] Port In53[0] in module xlconcat_v2_1_7_xlconcat is either unconnected or has no load
WARNING: [Synth 8-7129] Port In54[0] in module xlconcat_v2_1_7_xlconcat is either unconnected or has no load
WARNING: [Synth 8-7129] Port In55[0] in module xlconcat_v2_1_7_xlconcat is either unconnected or has no load
WARNING: [Synth 8-7129] Port In56[0] in module xlconcat_v2_1_7_xlconcat is either unconnected or has no load
WARNING: [Synth 8-7129] Port In57[0] in module xlconcat_v2_1_7_xlconcat is either unconnected or has no load
WARNING: [Synth 8-7129] Port In58[0] in module xlconcat_v2_1_7_xlconcat is either unconnected or has no load
WARNING: [Synth 8-7129] Port In59[0] in module xlconcat_v2_1_7_xlconcat is either unconnected or has no load
WARNING: [Synth 8-7129] Port In60[0] in module xlconcat_v2_1_7_xlconcat is either unconnected or has no load
WARNING: [Synth 8-7129] Port In61[0] in module xlconcat_v2_1_7_xlconcat is either unconnected or has no load
WARNING: [Synth 8-7129] Port In62[0] in module xlconcat_v2_1_7_xlconcat is either unconnected or has no load
WARNING: [Synth 8-7129] Port In63[0] in module xlconcat_v2_1_7_xlconcat is either unconnected or has no load
WARNING: [Synth 8-7129] Port In64[0] in module xlconcat_v2_1_7_xlconcat is either unconnected or has no load
WARNING: [Synth 8-7129] Port In65[0] in module xlconcat_v2_1_7_xlconcat is either unconnected or has no load
WARNING: [Synth 8-7129] Port In66[0] in module xlconcat_v2_1_7_xlconcat is either unconnected or has no load
WARNING: [Synth 8-7129] Port In67[0] in module xlconcat_v2_1_7_xlconcat is either unconnected or has no load
WARNING: [Synth 8-7129] Port In68[0] in module xlconcat_v2_1_7_xlconcat is either unconnected or has no load
WARNING: [Synth 8-7129] Port In69[0] in module xlconcat_v2_1_7_xlconcat is either unconnected or has no load
WARNING: [Synth 8-7129] Port In70[0] in module xlconcat_v2_1_7_xlconcat is either unconnected or has no load
WARNING: [Synth 8-7129] Port In71[0] in module xlconcat_v2_1_7_xlconcat is either unconnected or has no load
WARNING: [Synth 8-7129] Port In72[0] in module xlconcat_v2_1_7_xlconcat is either unconnected or has no load
WARNING: [Synth 8-7129] Port In73[0] in module xlconcat_v2_1_7_xlconcat is either unconnected or has no load
WARNING: [Synth 8-7129] Port In74[0] in module xlconcat_v2_1_7_xlconcat is either unconnected or has no load
WARNING: [Synth 8-7129] Port In75[0] in module xlconcat_v2_1_7_xlconcat is either unconnected or has no load
WARNING: [Synth 8-7129] Port In76[0] in module xlconcat_v2_1_7_xlconcat is either unconnected or has no load
WARNING: [Synth 8-7129] Port In77[0] in module xlconcat_v2_1_7_xlconcat is either unconnected or has no load
WARNING: [Synth 8-7129] Port In78[0] in module xlconcat_v2_1_7_xlconcat is either unconnected or has no load
WARNING: [Synth 8-7129] Port In79[0] in module xlconcat_v2_1_7_xlconcat is either unconnected or has no load
WARNING: [Synth 8-7129] Port In80[0] in module xlconcat_v2_1_7_xlconcat is either unconnected or has no load
WARNING: [Synth 8-7129] Port In81[0] in module xlconcat_v2_1_7_xlconcat is either unconnected or has no load
WARNING: [Synth 8-7129] Port In82[0] in module xlconcat_v2_1_7_xlconcat is either unconnected or has no load
WARNING: [Synth 8-7129] Port In83[0] in module xlconcat_v2_1_7_xlconcat is either unconnected or has no load
WARNING: [Synth 8-7129] Port In84[0] in module xlconcat_v2_1_7_xlconcat is either unconnected or has no load
WARNING: [Synth 8-7129] Port In85[0] in module xlconcat_v2_1_7_xlconcat is either unconnected or has no load
WARNING: [Synth 8-7129] Port In86[0] in module xlconcat_v2_1_7_xlconcat is either unconnected or has no load
WARNING: [Synth 8-7129] Port In87[0] in module xlconcat_v2_1_7_xlconcat is either unconnected or has no load
WARNING: [Synth 8-7129] Port In88[0] in module xlconcat_v2_1_7_xlconcat is either unconnected or has no load
WARNING: [Synth 8-7129] Port In89[0] in module xlconcat_v2_1_7_xlconcat is either unconnected or has no load
WARNING: [Synth 8-7129] Port In90[0] in module xlconcat_v2_1_7_xlconcat is either unconnected or has no load
WARNING: [Synth 8-7129] Port In91[0] in module xlconcat_v2_1_7_xlconcat is either unconnected or has no load
WARNING: [Synth 8-7129] Port In92[0] in module xlconcat_v2_1_7_xlconcat is either unconnected or has no load
WARNING: [Synth 8-7129] Port In93[0] in module xlconcat_v2_1_7_xlconcat is either unconnected or has no load
WARNING: [Synth 8-7129] Port In94[0] in module xlconcat_v2_1_7_xlconcat is either unconnected or has no load
WARNING: [Synth 8-7129] Port In95[0] in module xlconcat_v2_1_7_xlconcat is either unconnected or has no load
WARNING: [Synth 8-7129] Port In96[0] in module xlconcat_v2_1_7_xlconcat is either unconnected or has no load
WARNING: [Synth 8-7129] Port In97[0] in module xlconcat_v2_1_7_xlconcat is either unconnected or has no load
WARNING: [Synth 8-7129] Port In98[0] in module xlconcat_v2_1_7_xlconcat is either unconnected or has no load
WARNING: [Synth 8-7129] Port In99[0] in module xlconcat_v2_1_7_xlconcat is either unconnected or has no load
WARNING: [Synth 8-7129] Port In100[0] in module xlconcat_v2_1_7_xlconcat is either unconnected or has no load
WARNING: [Synth 8-7129] Port In101[0] in module xlconcat_v2_1_7_xlconcat is either unconnected or has no load
WARNING: [Synth 8-7129] Port In102[0] in module xlconcat_v2_1_7_xlconcat is either unconnected or has no load
WARNING: [Synth 8-7129] Port In103[0] in module xlconcat_v2_1_7_xlconcat is either unconnected or has no load
WARNING: [Synth 8-7129] Port In104[0] in module xlconcat_v2_1_7_xlconcat is either unconnected or has no load
WARNING: [Synth 8-7129] Port In105[0] in module xlconcat_v2_1_7_xlconcat is either unconnected or has no load
INFO: [Common 17-14] Message 'Synth 8-7129' appears 100 times and further instances of the messages will be disabled. Use the Tcl command set_msg_config to change the current settings.
---------------------------------------------------------------------------------
Finished RTL Elaboration : Time (s): cpu = 00:00:04 ; elapsed = 00:00:04 . Memory (MB): peak = 2538.184 ; gain = 506.547 ; free physical = 20352 ; free virtual = 33973
---------------------------------------------------------------------------------
---------------------------------------------------------------------------------
Start Handling Custom Attributes
---------------------------------------------------------------------------------
---------------------------------------------------------------------------------
Finished Handling Custom Attributes : Time (s): cpu = 00:00:04 ; elapsed = 00:00:04 . Memory (MB): peak = 2547.090 ; gain = 515.453 ; free physical = 20352 ; free virtual = 33973
---------------------------------------------------------------------------------
---------------------------------------------------------------------------------
Finished RTL Optimization Phase 1 : Time (s): cpu = 00:00:04 ; elapsed = 00:00:04 . Memory (MB): peak = 2547.090 ; gain = 515.453 ; free physical = 20352 ; free virtual = 33973
---------------------------------------------------------------------------------
Netlist sorting complete. Time (s): cpu = 00:00:00.01 ; elapsed = 00:00:00.01 . Memory (MB): peak = 2547.090 ; gain = 0.000 ; free physical = 20352 ; free virtual = 33973
INFO: [Netlist 29-17] Analyzing 6 Unisim elements for replacement
INFO: [Netlist 29-28] Unisim Transformation completed in 0 CPU seconds
INFO: [Project 1-570] Preparing netlist for logic optimization

Processing XDC Constraints
Initializing timing engine
Parsing XDC File [/home/alexander-armitage/Documents/GitHub/AURA-FPGA/Vivado/build/System_Design/System_Design.gen/sources_1/bd/System/ip/System_clk_wiz_0_0/System_clk_wiz_0_0/System_clk_wiz_0_0_in_context.xdc] for cell 'System_i/clk_wiz_0'
Finished Parsing XDC File [/home/alexander-armitage/Documents/GitHub/AURA-FPGA/Vivado/build/System_Design/System_Design.gen/sources_1/bd/System/ip/System_clk_wiz_0_0/System_clk_wiz_0_0/System_clk_wiz_0_0_in_context.xdc] for cell 'System_i/clk_wiz_0'
Parsing XDC File [/home/alexander-armitage/Documents/GitHub/AURA-FPGA/Vivado/build/System_Design/System_Design.gen/sources_1/bd/System/ip/System_mig_7series_0_0/System_mig_7series_0_0/System_mig_7series_0_0_in_context.xdc] for cell 'System_i/mig_7series_0'
Finished Parsing XDC File [/home/alexander-armitage/Documents/GitHub/AURA-FPGA/Vivado/build/System_Design/System_Design.gen/sources_1/bd/System/ip/System_mig_7series_0_0/System_mig_7series_0_0/System_mig_7series_0_0_in_context.xdc] for cell 'System_i/mig_7series_0'
Parsing XDC File [/home/alexander-armitage/Documents/GitHub/AURA-FPGA/Vivado/build/System_Design/System_Design.gen/sources_1/bd/System/ip/System_microblaze_0_0/System_microblaze_0_0/System_microblaze_0_0_in_context.xdc] for cell 'System_i/microblaze_0'
Finished Parsing XDC File [/home/alexander-armitage/Documents/GitHub/AURA-FPGA/Vivado/build/System_Design/System_Design.gen/sources_1/bd/System/ip/System_microblaze_0_0/System_microblaze_0_0/System_microblaze_0_0_in_context.xdc] for cell 'System_i/microblaze_0'
Parsing XDC File [/home/alexander-armitage/Documents/GitHub/AURA-FPGA/Vivado/build/System_Design/System_Design.gen/sources_1/bd/System/ip/System_dlmb_v10_0/System_dlmb_v10_0/System_ilmb_v10_0_in_context.xdc] for cell 'System_i/microblaze_0_local_memory/dlmb_v10'
Finished Parsing XDC File [/home/alexander-armitage/Documents/GitHub/AURA-FPGA/Vivado/build/System_Design/System_Design.gen/sources_1/bd/System/ip/System_dlmb_v10_0/System_dlmb_v10_0/System_ilmb_v10_0_in_context.xdc] for cell 'System_i/microblaze_0_local_memory/dlmb_v10'
Parsing XDC File [/home/alexander-armitage/Documents/GitHub/AURA-FPGA/Vivado/build/System_Design/System_Design.gen/sources_1/bd/System/ip/System_ilmb_v10_0/System_ilmb_v10_0/System_ilmb_v10_0_in_context.xdc] for cell 'System_i/microblaze_0_local_memory/ilmb_v10'
Finished Parsing XDC File [/home/alexander-armitage/Documents/GitHub/AURA-FPGA/Vivado/build/System_Design/System_Design.gen/sources_1/bd/System/ip/System_ilmb_v10_0/System_ilmb_v10_0/System_ilmb_v10_0_in_context.xdc] for cell 'System_i/microblaze_0_local_memory/ilmb_v10'
Parsing XDC File [/home/alexander-armitage/Documents/GitHub/AURA-FPGA/Vivado/build/System_Design/System_Design.gen/sources_1/bd/System/ip/System_dlmb_bram_if_cntlr_0/System_dlmb_bram_if_cntlr_0/System_ilmb_bram_if_cntlr_0_in_context.xdc] for cell 'System_i/microblaze_0_local_memory/dlmb_bram_if_cntlr'
Finished Parsing XDC File [/home/alexander-armitage/Documents/GitHub/AURA-FPGA/Vivado/build/System_Design/System_Design.gen/sources_1/bd/System/ip/System_dlmb_bram_if_cntlr_0/System_dlmb_bram_if_cntlr_0/System_ilmb_bram_if_cntlr_0_in_context.xdc] for cell 'System_i/microblaze_0_local_memory/dlmb_bram_if_cntlr'
Parsing XDC File [/home/alexander-armitage/Documents/GitHub/AURA-FPGA/Vivado/build/System_Design/System_Design.gen/sources_1/bd/System/ip/System_ilmb_bram_if_cntlr_0/System_ilmb_bram_if_cntlr_0/System_ilmb_bram_if_cntlr_0_in_context.xdc] for cell 'System_i/microblaze_0_local_memory/ilmb_bram_if_cntlr'
Finished Parsing XDC File [/home/alexander-armitage/Documents/GitHub/AURA-FPGA/Vivado/build/System_Design/System_Design.gen/sources_1/bd/System/ip/System_ilmb_bram_if_cntlr_0/System_ilmb_bram_if_cntlr_0/System_ilmb_bram_if_cntlr_0_in_context.xdc] for cell 'System_i/microblaze_0_local_memory/ilmb_bram_if_cntlr'
Parsing XDC File [/home/alexander-armitage/Documents/GitHub/AURA-FPGA/Vivado/build/System_Design/System_Design.gen/sources_1/bd/System/ip/System_lmb_bram_0/System_lmb_bram_0/System_lmb_bram_0_in_context.xdc] for cell 'System_i/microblaze_0_local_memory/lmb_bram'
Finished Parsing XDC File [/home/alexander-armitage/Documents/GitHub/AURA-FPGA/Vivado/build/System_Design/System_Design.gen/sources_1/bd/System/ip/System_lmb_bram_0/System_lmb_bram_0/System_lmb_bram_0_in_context.xdc] for cell 'System_i/microblaze_0_local_memory/lmb_bram'
Parsing XDC File [/home/alexander-armitage/Documents/GitHub/AURA-FPGA/Vivado/build/System_Design/System_Design.gen/sources_1/bd/System/ip/System_microblaze_0_axi_periph_imp_xbar_0/System_microblaze_0_axi_periph_imp_xbar_0/System_microblaze_0_axi_periph_imp_xbar_0_in_context.xdc] for cell 'System_i/microblaze_0_axi_periph/xbar'
Finished Parsing XDC File [/home/alexander-armitage/Documents/GitHub/AURA-FPGA/Vivado/build/System_Design/System_Design.gen/sources_1/bd/System/ip/System_microblaze_0_axi_periph_imp_xbar_0/System_microblaze_0_axi_periph_imp_xbar_0/System_microblaze_0_axi_periph_imp_xbar_0_in_context.xdc] for cell 'System_i/microblaze_0_axi_periph/xbar'
Parsing XDC File [/home/alexander-armitage/Documents/GitHub/AURA-FPGA/Vivado/build/System_Design/System_Design.gen/sources_1/bd/System/ip/System_microblaze_0_axi_periph_imp_auto_pc_5/System_microblaze_0_axi_periph_imp_auto_pc_5/System_microblaze_0_axi_periph_imp_auto_pc_5_in_context.xdc] for cell 'System_i/microblaze_0_axi_periph/s00_couplers/auto_pc'
Finished Parsing XDC File [/home/alexander-armitage/Documents/GitHub/AURA-FPGA/Vivado/build/System_Design/System_Design.gen/sources_1/bd/System/ip/System_microblaze_0_axi_periph_imp_auto_pc_5/System_microblaze_0_axi_periph_imp_auto_pc_5/System_microblaze_0_axi_periph_imp_auto_pc_5_in_context.xdc] for cell 'System_i/microblaze_0_axi_periph/s00_couplers/auto_pc'
Parsing XDC File [/home/alexander-armitage/Documents/GitHub/AURA-FPGA/Vivado/build/System_Design/System_Design.gen/sources_1/bd/System/ip/System_microblaze_0_axi_periph_imp_auto_pc_0/System_microblaze_0_axi_periph_imp_auto_pc_0/System_microblaze_0_axi_periph_imp_auto_pc_4_in_context.xdc] for cell 'System_i/microblaze_0_axi_periph/m00_couplers/auto_pc'
Finished Parsing XDC File [/home/alexander-armitage/Documents/GitHub/AURA-FPGA/Vivado/build/System_Design/System_Design.gen/sources_1/bd/System/ip/System_microblaze_0_axi_periph_imp_auto_pc_0/System_microblaze_0_axi_periph_imp_auto_pc_0/System_microblaze_0_axi_periph_imp_auto_pc_4_in_context.xdc] for cell 'System_i/microblaze_0_axi_periph/m00_couplers/auto_pc'
Parsing XDC File [/home/alexander-armitage/Documents/GitHub/AURA-FPGA/Vivado/build/System_Design/System_Design.gen/sources_1/bd/System/ip/System_microblaze_0_axi_periph_imp_auto_pc_1/System_microblaze_0_axi_periph_imp_auto_pc_1/System_microblaze_0_axi_periph_imp_auto_pc_4_in_context.xdc] for cell 'System_i/microblaze_0_axi_periph/m04_couplers/auto_pc'
Finished Parsing XDC File [/home/alexander-armitage/Documents/GitHub/AURA-FPGA/Vivado/build/System_Design/System_Design.gen/sources_1/bd/System/ip/System_microblaze_0_axi_periph_imp_auto_pc_1/System_microblaze_0_axi_periph_imp_auto_pc_1/System_microblaze_0_axi_periph_imp_auto_pc_4_in_context.xdc] for cell 'System_i/microblaze_0_axi_periph/m04_couplers/auto_pc'
Parsing XDC File [/home/alexander-armitage/Documents/GitHub/AURA-FPGA/Vivado/build/System_Design/System_Design.gen/sources_1/bd/System/ip/System_microblaze_0_axi_periph_imp_auto_pc_2/System_microblaze_0_axi_periph_imp_auto_pc_2/System_microblaze_0_axi_periph_imp_auto_pc_4_in_context.xdc] for cell 'System_i/microblaze_0_axi_periph/m05_couplers/auto_pc'
Finished Parsing XDC File [/home/alexander-armitage/Documents/GitHub/AURA-FPGA/Vivado/build/System_Design/System_Design.gen/sources_1/bd/System/ip/System_microblaze_0_axi_periph_imp_auto_pc_2/System_microblaze_0_axi_periph_imp_auto_pc_2/System_microblaze_0_axi_periph_imp_auto_pc_4_in_context.xdc] for cell 'System_i/microblaze_0_axi_periph/m05_couplers/auto_pc'
Parsing XDC File [/home/alexander-armitage/Documents/GitHub/AURA-FPGA/Vivado/build/System_Design/System_Design.gen/sources_1/bd/System/ip/System_microblaze_0_axi_periph_imp_auto_pc_3/System_microblaze_0_axi_periph_imp_auto_pc_3/System_microblaze_0_axi_periph_imp_auto_pc_4_in_context.xdc] for cell 'System_i/microblaze_0_axi_periph/m06_couplers/auto_pc'
Finished Parsing XDC File [/home/alexander-armitage/Documents/GitHub/AURA-FPGA/Vivado/build/System_Design/System_Design.gen/sources_1/bd/System/ip/System_microblaze_0_axi_periph_imp_auto_pc_3/System_microblaze_0_axi_periph_imp_auto_pc_3/System_microblaze_0_axi_periph_imp_auto_pc_4_in_context.xdc] for cell 'System_i/microblaze_0_axi_periph/m06_couplers/auto_pc'
Parsing XDC File [/home/alexander-armitage/Documents/GitHub/AURA-FPGA/Vivado/build/System_Design/System_Design.gen/sources_1/bd/System/ip/System_microblaze_0_axi_periph_imp_auto_pc_4/System_microblaze_0_axi_periph_imp_auto_pc_4/System_microblaze_0_axi_periph_imp_auto_pc_4_in_context.xdc] for cell 'System_i/microblaze_0_axi_periph/m07_couplers/auto_pc'
Finished Parsing XDC File [/home/alexander-armitage/Documents/GitHub/AURA-FPGA/Vivado/build/System_Design/System_Design.gen/sources_1/bd/System/ip/System_microblaze_0_axi_periph_imp_auto_pc_4/System_microblaze_0_axi_periph_imp_auto_pc_4/System_microblaze_0_axi_periph_imp_auto_pc_4_in_context.xdc] for cell 'System_i/microblaze_0_axi_periph/m07_couplers/auto_pc'
Parsing XDC File [/home/alexander-armitage/Documents/GitHub/AURA-FPGA/Vivado/build/System_Design/System_Design.gen/sources_1/bd/System/ip/System_microblaze_0_axi_intc_0/System_microblaze_0_axi_intc_0/System_microblaze_0_axi_intc_0_in_context.xdc] for cell 'System_i/microblaze_0_axi_intc'
Finished Parsing XDC File [/home/alexander-armitage/Documents/GitHub/AURA-FPGA/Vivado/build/System_Design/System_Design.gen/sources_1/bd/System/ip/System_microblaze_0_axi_intc_0/System_microblaze_0_axi_intc_0/System_microblaze_0_axi_intc_0_in_context.xdc] for cell 'System_i/microblaze_0_axi_intc'
Parsing XDC File [/home/alexander-armitage/Documents/GitHub/AURA-FPGA/Vivado/build/System_Design/System_Design.gen/sources_1/bd/System/ip/System_mdm_1_0/System_mdm_1_0/System_mdm_1_0_in_context.xdc] for cell 'System_i/mdm_1'
Finished Parsing XDC File [/home/alexander-armitage/Documents/GitHub/AURA-FPGA/Vivado/build/System_Design/System_Design.gen/sources_1/bd/System/ip/System_mdm_1_0/System_mdm_1_0/System_mdm_1_0_in_context.xdc] for cell 'System_i/mdm_1'
Parsing XDC File [/home/alexander-armitage/Documents/GitHub/AURA-FPGA/Vivado/build/System_Design/System_Design.gen/sources_1/bd/System/ip/System_rst_mig_7series_0_100M_0/System_rst_mig_7series_0_100M_0/System_rst_mig_7series_0_100M_0_in_context.xdc] for cell 'System_i/rst_mig_7series_0_100M'
Finished Parsing XDC File [/home/alexander-armitage/Documents/GitHub/AURA-FPGA/Vivado/build/System_Design/System_Design.gen/sources_1/bd/System/ip/System_rst_mig_7series_0_100M_0/System_rst_mig_7series_0_100M_0/System_rst_mig_7series_0_100M_0_in_context.xdc] for cell 'System_i/rst_mig_7series_0_100M'
Parsing XDC File [/home/alexander-armitage/Documents/GitHub/AURA-FPGA/Vivado/build/System_Design/System_Design.gen/sources_1/bd/System/ip/System_axi_gpio_0_0/System_axi_gpio_0_0/System_axi_gpio_0_0_in_context.xdc] for cell 'System_i/axi_gpio_0'
Finished Parsing XDC File [/home/alexander-armitage/Documents/GitHub/AURA-FPGA/Vivado/build/System_Design/System_Design.gen/sources_1/bd/System/ip/System_axi_gpio_0_0/System_axi_gpio_0_0/System_axi_gpio_0_0_in_context.xdc] for cell 'System_i/axi_gpio_0'
Parsing XDC File [/home/alexander-armitage/Documents/GitHub/AURA-FPGA/Vivado/build/System_Design/System_Design.gen/sources_1/bd/System/ip/System_axi_uartlite_0_0/System_axi_uartlite_0_0/System_axi_uartlite_0_0_in_context.xdc] for cell 'System_i/axi_uartlite_0'
Finished Parsing XDC File [/home/alexander-armitage/Documents/GitHub/AURA-FPGA/Vivado/build/System_Design/System_Design.gen/sources_1/bd/System/ip/System_axi_uartlite_0_0/System_axi_uartlite_0_0/System_axi_uartlite_0_0_in_context.xdc] for cell 'System_i/axi_uartlite_0'
Parsing XDC File [/home/alexander-armitage/Documents/GitHub/AURA-FPGA/Vivado/build/System_Design/System_Design.gen/sources_1/bd/System/ip/System_axi_quad_spi_0_0/System_axi_quad_spi_0_0/System_axi_quad_spi_0_0_in_context.xdc] for cell 'System_i/axi_quad_spi_0'
Finished Parsing XDC File [/home/alexander-armitage/Documents/GitHub/AURA-FPGA/Vivado/build/System_Design/System_Design.gen/sources_1/bd/System/ip/System_axi_quad_spi_0_0/System_axi_quad_spi_0_0/System_axi_quad_spi_0_0_in_context.xdc] for cell 'System_i/axi_quad_spi_0'
Parsing XDC File [/home/alexander-armitage/Documents/GitHub/AURA-FPGA/Vivado/build/System_Design/System_Design.gen/sources_1/bd/System/ip/System_axi_timer_0_0/System_axi_timer_0_0/System_axi_timer_0_0_in_context.xdc] for cell 'System_i/axi_timer_0'
Finished Parsing XDC File [/home/alexander-armitage/Documents/GitHub/AURA-FPGA/Vivado/build/System_Design/System_Design.gen/sources_1/bd/System/ip/System_axi_timer_0_0/System_axi_timer_0_0/System_axi_timer_0_0_in_context.xdc] for cell 'System_i/axi_timer_0'
Parsing XDC File [/home/alexander-armitage/Documents/GitHub/AURA-FPGA/Vivado/build/System_Design/System_Design.gen/sources_1/bd/System/ip/System_rst_clk_wiz_0_100M_0/System_rst_clk_wiz_0_100M_0/System_rst_clk_wiz_0_100M_0_in_context.xdc] for cell 'System_i/rst_clk_wiz_0_100M'
Finished Parsing XDC File [/home/alexander-armitage/Documents/GitHub/AURA-FPGA/Vivado/build/System_Design/System_Design.gen/sources_1/bd/System/ip/System_rst_clk_wiz_0_100M_0/System_rst_clk_wiz_0_100M_0/System_rst_clk_wiz_0_100M_0_in_context.xdc] for cell 'System_i/rst_clk_wiz_0_100M'
Parsing XDC File [/home/alexander-armitage/Documents/GitHub/AURA-FPGA/Vivado/build/System_Design/System_Design.gen/sources_1/bd/System/ip/System_axi_ethernetlite_0_0/System_axi_ethernetlite_0_0/System_axi_ethernetlite_0_0_in_context.xdc] for cell 'System_i/axi_ethernetlite_0'
Finished Parsing XDC File [/home/alexander-armitage/Documents/GitHub/AURA-FPGA/Vivado/build/System_Design/System_Design.gen/sources_1/bd/System/ip/System_axi_ethernetlite_0_0/System_axi_ethernetlite_0_0/System_axi_ethernetlite_0_0_in_context.xdc] for cell 'System_i/axi_ethernetlite_0'
Parsing XDC File [/home/alexander-armitage/Documents/GitHub/AURA-FPGA/Vivado/build/System_Design/System_Design.gen/sources_1/bd/System/ip/System_axi_ethernetlite_1_0/System_axi_ethernetlite_1_0/System_axi_ethernetlite_1_0_in_context.xdc] for cell 'System_i/axi_ethernetlite_1'
Finished Parsing XDC File [/home/alexander-armitage/Documents/GitHub/AURA-FPGA/Vivado/build/System_Design/System_Design.gen/sources_1/bd/System/ip/System_axi_ethernetlite_1_0/System_axi_ethernetlite_1_0/System_axi_ethernetlite_1_0_in_context.xdc] for cell 'System_i/axi_ethernetlite_1'
Parsing XDC File [/home/alexander-armitage/Documents/GitHub/AURA-FPGA/Vivado/constraints/System.xdc]
WARNING: [Constraints 18-619] A clock with name 'sys_clk' already exists, overwriting the previous clock with the same name. [/home/alexander-armitage/Documents/GitHub/AURA-FPGA/Vivado/constraints/System.xdc:24]
WARNING: [Constraints 18-619] A clock with name 'MII_0_rx_clk' already exists, overwriting the previous clock with the same name. [/home/alexander-armitage/Documents/GitHub/AURA-FPGA/Vivado/constraints/System.xdc:115]
WARNING: [Constraints 18-619] A clock with name 'MII_0_tx_clk' already exists, overwriting the previous clock with the same name. [/home/alexander-armitage/Documents/GitHub/AURA-FPGA/Vivado/constraints/System.xdc:139]
WARNING: [Constraints 18-619] A clock with name 'MII_1_rx_clk' already exists, overwriting the previous clock with the same name. [/home/alexander-armitage/Documents/GitHub/AURA-FPGA/Vivado/constraints/System.xdc:176]
WARNING: [Constraints 18-619] A clock with name 'MII_1_tx_clk' already exists, overwriting the previous clock with the same name. [/home/alexander-armitage/Documents/GitHub/AURA-FPGA/Vivado/constraints/System.xdc:200]
Finished Parsing XDC File [/home/alexander-armitage/Documents/GitHub/AURA-FPGA/Vivado/constraints/System.xdc]
INFO: [Project 1-236] Implementation specific constraints were found while reading constraint file [/home/alexander-armitage/Documents/GitHub/AURA-FPGA/Vivado/constraints/System.xdc]. These constraints will be ignored for synthesis but will be used in implementation. Impacted constraints are listed in the file [.Xil/System_wrapper_propImpl.xdc].
Resolution: To avoid this warning, move constraints listed in [.Xil/System_wrapper_propImpl.xdc] to another XDC file and exclude this new file from synthesis with the used_in_synthesis property (File Properties dialog in GUI) and re-run elaboration/synthesis.
Parsing XDC File [/home/alexander-armitage/Documents/GitHub/AURA-FPGA/Vivado/build/System_Design/System_Design.runs/synth_1/dont_touch.xdc]
Finished Parsing XDC File [/home/alexander-armitage/Documents/GitHub/AURA-FPGA/Vivado/build/System_Design/System_Design.runs/synth_1/dont_touch.xdc]
Completed Processing XDC Constraints

Netlist sorting complete. Time (s): cpu = 00:00:00 ; elapsed = 00:00:00 . Memory (MB): peak = 2593.047 ; gain = 0.000 ; free physical = 20352 ; free virtual = 33973
INFO: [Project 1-111] Unisim Transformation Summary:
  A total of 6 instances were transformed.
  IOBUF => IOBUF (IBUF, OBUFT): 6 instances

Constraint Validation Runtime : Time (s): cpu = 00:00:00 ; elapsed = 00:00:00 . Memory (MB): peak = 2593.082 ; gain = 0.000 ; free physical = 20352 ; free virtual = 33973
WARNING: [Timing 38-316] Clock period '20.000' specified during out-of-context synthesis of instance 'System_i/axi_quad_spi_0' at clock pin 'ext_spi_clk' is different from the actual clock period '10.000', this can lead to different synthesis results.
WARNING: [Timing 38-316] Clock period '20.000' specified during out-of-context synthesis of instance 'System_i/microblaze_0_local_memory/lmb_bram' at clock pin 'clka' is different from the actual clock period '10.000', this can lead to different synthesis results.
---------------------------------------------------------------------------------
Finished Constraint Validation : Time (s): cpu = 00:00:09 ; elapsed = 00:00:09 . Memory (MB): peak = 2593.082 ; gain = 561.445 ; free physical = 20365 ; free virtual = 33986
---------------------------------------------------------------------------------
---------------------------------------------------------------------------------
Start Loading Part and Timing Information
---------------------------------------------------------------------------------
Loading part: xc7a35tftg256-2
---------------------------------------------------------------------------------
Finished Loading Part and Timing Information : Time (s): cpu = 00:00:09 ; elapsed = 00:00:09 . Memory (MB): peak = 2601.051 ; gain = 569.414 ; free physical = 20365 ; free virtual = 33986
---------------------------------------------------------------------------------
---------------------------------------------------------------------------------
Start Applying 'set_property' XDC Constraints
---------------------------------------------------------------------------------
---------------------------------------------------------------------------------
Finished applying 'set_property' XDC Constraints : Time (s): cpu = 00:00:09 ; elapsed = 00:00:10 . Memory (MB): peak = 2601.051 ; gain = 569.414 ; free physical = 20364 ; free virtual = 33985
---------------------------------------------------------------------------------
---------------------------------------------------------------------------------
Finished RTL Optimization Phase 2 : Time (s): cpu = 00:00:10 ; elapsed = 00:00:10 . Memory (MB): peak = 2601.051 ; gain = 569.414 ; free physical = 20364 ; free virtual = 33986
---------------------------------------------------------------------------------
---------------------------------------------------------------------------------
Start RTL Component Statistics 
---------------------------------------------------------------------------------
Detailed RTL Component Info : 
---------------------------------------------------------------------------------
Finished RTL Component Statistics 
---------------------------------------------------------------------------------
---------------------------------------------------------------------------------
Start Part Resource Summary
---------------------------------------------------------------------------------
Part Resources:
DSPs: 90 (col length:60)
BRAMs: 100 (col length: RAMB18 60 RAMB36 30)
---------------------------------------------------------------------------------
Finished Part Resource Summary
---------------------------------------------------------------------------------
---------------------------------------------------------------------------------
Start Cross Boundary and Area Optimization
---------------------------------------------------------------------------------
---------------------------------------------------------------------------------
Finished Cross Boundary and Area Optimization : Time (s): cpu = 00:00:11 ; elapsed = 00:00:11 . Memory (MB): peak = 2601.051 ; gain = 569.414 ; free physical = 20365 ; free virtual = 33993
---------------------------------------------------------------------------------
---------------------------------------------------------------------------------
Start Applying XDC Timing Constraints
---------------------------------------------------------------------------------
WARNING: [Synth 8-565] redefining clock 'sys_clk'
WARNING: [Synth 8-565] redefining clock 'MII_0_rx_clk'
WARNING: [Synth 8-565] redefining clock 'MII_0_tx_clk'
WARNING: [Synth 8-565] redefining clock 'MII_1_rx_clk'
WARNING: [Synth 8-565] redefining clock 'MII_1_tx_clk'
---------------------------------------------------------------------------------
Finished Applying XDC Timing Constraints : Time (s): cpu = 00:00:14 ; elapsed = 00:00:14 . Memory (MB): peak = 2703.051 ; gain = 671.414 ; free physical = 20290 ; free virtual = 33918
---------------------------------------------------------------------------------
---------------------------------------------------------------------------------
Start Timing Optimization
---------------------------------------------------------------------------------
---------------------------------------------------------------------------------
Finished Timing Optimization : Time (s): cpu = 00:00:14 ; elapsed = 00:00:14 . Memory (MB): peak = 2704.051 ; gain = 672.414 ; free physical = 20282 ; free virtual = 33910
---------------------------------------------------------------------------------
---------------------------------------------------------------------------------
Start Technology Mapping
---------------------------------------------------------------------------------
---------------------------------------------------------------------------------
Finished Technology Mapping : Time (s): cpu = 00:00:14 ; elapsed = 00:00:14 . Memory (MB): peak = 2715.059 ; gain = 683.422 ; free physical = 20274 ; free virtual = 33902
---------------------------------------------------------------------------------
---------------------------------------------------------------------------------
Start IO Insertion
---------------------------------------------------------------------------------
---------------------------------------------------------------------------------
Start Flattening Before IO Insertion
---------------------------------------------------------------------------------
---------------------------------------------------------------------------------
Finished Flattening Before IO Insertion
---------------------------------------------------------------------------------
---------------------------------------------------------------------------------
Start Final Netlist Cleanup
---------------------------------------------------------------------------------
---------------------------------------------------------------------------------
Finished Final Netlist Cleanup
---------------------------------------------------------------------------------
---------------------------------------------------------------------------------
Finished IO Insertion : Time (s): cpu = 00:00:16 ; elapsed = 00:00:17 . Memory (MB): peak = 2918.871 ; gain = 887.234 ; free physical = 20095 ; free virtual = 33724
---------------------------------------------------------------------------------
---------------------------------------------------------------------------------
Start Renaming Generated Instances
---------------------------------------------------------------------------------
---------------------------------------------------------------------------------
Finished Renaming Generated Instances : Time (s): cpu = 00:00:16 ; elapsed = 00:00:17 . Memory (MB): peak = 2918.871 ; gain = 887.234 ; free physical = 20095 ; free virtual = 33724
---------------------------------------------------------------------------------
---------------------------------------------------------------------------------
Start Rebuilding User Hierarchy
---------------------------------------------------------------------------------
---------------------------------------------------------------------------------
Finished Rebuilding User Hierarchy : Time (s): cpu = 00:00:17 ; elapsed = 00:00:17 . Memory (MB): peak = 2918.871 ; gain = 887.234 ; free physical = 20095 ; free virtual = 33724
---------------------------------------------------------------------------------
---------------------------------------------------------------------------------
Start Renaming Generated Ports
---------------------------------------------------------------------------------
---------------------------------------------------------------------------------
Finished Renaming Generated Ports : Time (s): cpu = 00:00:17 ; elapsed = 00:00:17 . Memory (MB): peak = 2918.871 ; gain = 887.234 ; free physical = 20095 ; free virtual = 33724
---------------------------------------------------------------------------------
---------------------------------------------------------------------------------
Start Handling Custom Attributes
---------------------------------------------------------------------------------
---------------------------------------------------------------------------------
Finished Handling Custom Attributes : Time (s): cpu = 00:00:17 ; elapsed = 00:00:17 . Memory (MB): peak = 2918.871 ; gain = 887.234 ; free physical = 20095 ; free virtual = 33724
---------------------------------------------------------------------------------
---------------------------------------------------------------------------------
Start Renaming Generated Nets
---------------------------------------------------------------------------------
---------------------------------------------------------------------------------
Finished Renaming Generated Nets : Time (s): cpu = 00:00:17 ; elapsed = 00:00:17 . Memory (MB): peak = 2918.871 ; gain = 887.234 ; free physical = 20095 ; free virtual = 33724
---------------------------------------------------------------------------------
---------------------------------------------------------------------------------
Start Writing Synthesis Report
---------------------------------------------------------------------------------

Report BlackBoxes: 
+------+---------------------------------------------+----------+
|      |BlackBox name                                |Instances |
+------+---------------------------------------------+----------+
|1     |System_axi_ethernetlite_0_0                  |         1|
|2     |System_axi_ethernetlite_1_0                  |         1|
|3     |System_axi_gpio_0_0                          |         1|
|4     |System_axi_quad_spi_0_0                      |         1|
|5     |System_axi_timer_0_0                         |         1|
|6     |System_axi_uartlite_0_0                      |         1|
|7     |System_clk_wiz_0_0                           |         1|
|8     |System_mdm_1_0                               |         1|
|9     |System_microblaze_0_0                        |         1|
|10    |System_microblaze_0_axi_intc_0               |         1|
|11    |System_microblaze_0_axi_periph_imp_xbar_0    |         1|
|12    |System_microblaze_0_axi_periph_imp_auto_pc_0 |         1|
|13    |System_microblaze_0_axi_periph_imp_auto_pc_1 |         1|
|14    |System_microblaze_0_axi_periph_imp_auto_pc_2 |         1|
|15    |System_microblaze_0_axi_periph_imp_auto_pc_3 |         1|
|16    |System_microblaze_0_axi_periph_imp_auto_pc_4 |         1|
|17    |System_microblaze_0_axi_periph_imp_auto_pc_5 |         1|
|18    |System_mig_7series_0_0                       |         1|
|19    |System_rst_clk_wiz_0_100M_0                  |         1|
|20    |System_rst_mig_7series_0_100M_0              |         1|
|21    |System_dlmb_bram_if_cntlr_0                  |         1|
|22    |System_dlmb_v10_0                            |         1|
|23    |System_ilmb_bram_if_cntlr_0                  |         1|
|24    |System_ilmb_v10_0                            |         1|
|25    |System_lmb_bram_0                            |         1|
+------+---------------------------------------------+----------+

Report Cell Usage: 
+------+-------------------------------------------+------+
|      |Cell                                       |Count |
+------+-------------------------------------------+------+
|1     |System_axi_ethernetlite_0                  |     1|
|2     |System_axi_ethernetlite_1                  |     1|
|3     |System_axi_gpio_0                          |     1|
|4     |System_axi_quad_spi_0                      |     1|
|5     |System_axi_timer_0                         |     1|
|6     |System_axi_uartlite_0                      |     1|
|7     |System_clk_wiz_0                           |     1|
|8     |System_dlmb_bram_if_cntlr                  |     1|
|9     |System_dlmb_v10                            |     1|
|10    |System_ilmb_bram_if_cntlr                  |     1|
|11    |System_ilmb_v10                            |     1|
|12    |System_lmb_bram                            |     1|
|13    |System_mdm_1                               |     1|
|14    |System_microblaze_0                        |     1|
|15    |System_microblaze_0_axi_intc               |     1|
|16    |System_microblaze_0_axi_periph_imp_auto_pc |     6|
|22    |System_microblaze_0_axi_periph_imp_xbar    |     1|
|23    |System_mig_7series_0                       |     1|
|24    |System_rst_clk_wiz_0_100M                  |     1|
|25    |System_rst_mig_7series_0_100M              |     1|
|26    |IBUF                                       |    18|
|27    |IOBUF                                      |     6|
|28    |OBUF                                       |    14|
+------+-------------------------------------------+------+
---------------------------------------------------------------------------------
Finished Writing Synthesis Report : Time (s): cpu = 00:00:17 ; elapsed = 00:00:17 . Memory (MB): peak = 2918.871 ; gain = 887.234 ; free physical = 20095 ; free virtual = 33724
---------------------------------------------------------------------------------
Synthesis finished with 0 errors, 0 critical warnings and 147 warnings.
Synthesis Optimization Runtime : Time (s): cpu = 00:00:15 ; elapsed = 00:00:15 . Memory (MB): peak = 2918.871 ; gain = 841.242 ; free physical = 20095 ; free virtual = 33723
Synthesis Optimization Complete : Time (s): cpu = 00:00:17 ; elapsed = 00:00:17 . Memory (MB): peak = 2918.879 ; gain = 887.234 ; free physical = 20095 ; free virtual = 33723
INFO: [Project 1-571] Translating synthesized netlist
Netlist sorting complete. Time (s): cpu = 00:00:00.01 ; elapsed = 00:00:00.01 . Memory (MB): peak = 2918.879 ; gain = 0.000 ; free physical = 20243 ; free virtual = 33872
INFO: [Netlist 29-17] Analyzing 6 Unisim elements for replacement
INFO: [Netlist 29-28] Unisim Transformation completed in 0 CPU seconds
INFO: [Project 1-570] Preparing netlist for logic optimization
INFO: [Opt 31-138] Pushed 0 inverter(s) to 0 load pin(s).
Netlist sorting complete. Time (s): cpu = 00:00:00 ; elapsed = 00:00:00 . Memory (MB): peak = 2918.879 ; gain = 0.000 ; free physical = 20243 ; free virtual = 33872
INFO: [Project 1-111] Unisim Transformation Summary:
  A total of 6 instances were transformed.
  IOBUF => IOBUF (IBUF, OBUFT): 6 instances

Synth Design complete | Checksum: ad930c86
INFO: [Common 17-83] Releasing license: Vivado_Synthesis
119 Infos, 189 Warnings, 0 Critical Warnings and 0 Errors encountered.
synth_design completed successfully
synth_design: Time (s): cpu = 00:00:23 ; elapsed = 00:00:21 . Memory (MB): peak = 2918.906 ; gain = 1178.379 ; free physical = 20243 ; free virtual = 33872
INFO: [Common 17-2834] synth_design peak Physical Memory [PSS] (MB): overall = 1973.057; main = 1973.057; forked = 274.794
INFO: [Common 17-2834] synth_design peak Virtual Memory [VSS] (MB): overall = 3639.996; main = 2918.875; forked = 1038.941
Write ShapeDB Complete: Time (s): cpu = 00:00:00 ; elapsed = 00:00:00 . Memory (MB): peak = 2942.883 ; gain = 0.000 ; free physical = 20243 ; free virtual = 33872
INFO: [Common 17-1381] The checkpoint '/home/alexander-armitage/Documents/GitHub/AURA-FPGA/Vivado/build/System_Design/System_Design.runs/synth_1/System_wrapper.dcp' has been generated.
INFO: [Vivado 12-24828] Executing command : report_utilization -file System_wrapper_utilization_synth.rpt -pb System_wrapper_utilization_synth.pb
INFO: [Common 17-206] Exiting Vivado at Sun Aug  9 20:34:30 2026...
[Sun Aug  9 20:34:30 2026] synth_1 finished
wait_on_runs: Time (s): cpu = 00:33:27 ; elapsed = 00:05:37 . Memory (MB): peak = 2921.926 ; gain = 0.000 ; free physical = 21793 ; free virtual = 35413
# set synth_status [get_property STATUS [get_runs synth_1]]
# puts ""

# puts "Synthesis status:"
Synthesis status:
# puts "  $synth_status"
  synth_design Complete!
# puts ""

# if {$synth_status ne "synth_design Complete!"} {
#     error "Synthesis failed."
# }
# puts ""

# puts "============================================================"
============================================================
# puts " Starting implementation"
 Starting implementation
# puts "============================================================"
============================================================
# puts ""

# launch_runs impl_1 \
#     -to_step write_bitstream \
#     -jobs $jobs
[Sun Aug  9 20:34:32 2026] Launched impl_1...
Run output will be captured here: /home/alexander-armitage/Documents/GitHub/AURA-FPGA/Vivado/build/System_Design/System_Design.runs/impl_1/runme.log
# wait_on_run impl_1
[Sun Aug  9 20:34:32 2026] Waiting for impl_1 to finish...

*** Running vivado
    with args -log System_wrapper.vdi -applog -m64 -product Vivado -messageDb vivado.pb -mode batch -source System_wrapper.tcl -notrace

INFO: [Common 17-3922] A valid Vivado Design Suite BASIC license has been detected. Your current license is active and will expire on 08-aug-2027.
#-----------------------------------------------------------
# Vivado v2026.1 (64-bit)
# SW Build 6511674 on Tue Jun 16 11:01:26 MDT 2026
# IP Build 6504888 on Tue Jun 09 09:05:25 MDT 2026
# SharedData Build 6501428 on Mon Jun 08 17:34:18 MDT 2026
# Start of session at: Sun Aug  9 20:34:34 2026
# Process ID         : 22735
# Current directory  : /home/alexander-armitage/Documents/GitHub/AURA-FPGA/Vivado/build/System_Design/System_Design.runs/impl_1
# Command line       : vivado -log System_wrapper.vdi -applog -product Vivado -messageDb vivado.pb -mode batch -source System_wrapper.tcl -notrace
# Log file           : /home/alexander-armitage/Documents/GitHub/AURA-FPGA/Vivado/build/System_Design/System_Design.runs/impl_1/System_wrapper.vdi
# Journal file       : /home/alexander-armitage/Documents/GitHub/AURA-FPGA/Vivado/build/System_Design/System_Design.runs/impl_1/vivado.jou
# Running On         : alexander-armitage-XPS-9320
# Platform           : Ubuntu
# Operating System   : Ubuntu 26.04 LTS
# Processor Detail   : 13th Gen Intel(R) Core(TM) i7-1360P
# CPU Frequency      : 539.191 MHz
# CPU Physical cores : 12
# CPU Logical cores  : 16
# Host memory        : 32703 MB
# Swap memory        : 8589 MB
# Total Virtual      : 41293 MB
# Available Virtual  : 37060 MB
#-----------------------------------------------------------

****** Vivado v2026.1 (64-bit)
  **** SW Build 6511674 on Tue Jun 16 11:01:26 MDT 2026
  **** IP Build 6504888 on Tue Jun 09 09:05:25 MDT 2026
  **** SharedData Build 6501428 on Mon Jun 08 17:34:18 MDT 2026
  **** Start of session at: Sun Aug  9 20:34:35 2026
    ** Copyright 1986-2022 Xilinx, Inc. All Rights Reserved.
    ** Copyright 2022-2026 Advanced Micro Devices, Inc. All Rights Reserved.

source System_wrapper.tcl -notrace
INFO: [IP_Flow 19-234] Refreshing IP repositories
INFO: [IP_Flow 19-1704] No user IP repositories specified
INFO: [IP_Flow 19-2313] Loaded Vivado IP repository '/home/Vivado/2026.1/data/ip'.
Command: link_design -top System_wrapper -part xc7a35tftg256-2
Design is defaulting to srcset: sources_1
Design is defaulting to constrset: constrs_1
INFO: [Device 21-403] Loading part xc7a35tftg256-2
INFO: [Project 1-5699] Read binary netlist with skipMacroContent - 1
INFO: [Project 1-454] Reading design checkpoint '/home/alexander-armitage/Documents/GitHub/AURA-FPGA/Vivado/build/System_Design/System_Design.gen/sources_1/bd/System/ip/System_axi_ethernetlite_0_0/System_axi_ethernetlite_0_0.dcp' for cell 'System_i/axi_ethernetlite_0'
INFO: [Project 1-454] Reading design checkpoint '/home/alexander-armitage/Documents/GitHub/AURA-FPGA/Vivado/build/System_Design/System_Design.gen/sources_1/bd/System/ip/System_axi_ethernetlite_1_0/System_axi_ethernetlite_1_0.dcp' for cell 'System_i/axi_ethernetlite_1'
INFO: [Project 1-454] Reading design checkpoint '/home/alexander-armitage/Documents/GitHub/AURA-FPGA/Vivado/build/System_Design/System_Design.gen/sources_1/bd/System/ip/System_axi_gpio_0_0/System_axi_gpio_0_0.dcp' for cell 'System_i/axi_gpio_0'
INFO: [Project 1-454] Reading design checkpoint '/home/alexander-armitage/Documents/GitHub/AURA-FPGA/Vivado/build/System_Design/System_Design.gen/sources_1/bd/System/ip/System_axi_quad_spi_0_0/System_axi_quad_spi_0_0.dcp' for cell 'System_i/axi_quad_spi_0'
INFO: [Project 1-454] Reading design checkpoint '/home/alexander-armitage/Documents/GitHub/AURA-FPGA/Vivado/build/System_Design/System_Design.gen/sources_1/bd/System/ip/System_axi_timer_0_0/System_axi_timer_0_0.dcp' for cell 'System_i/axi_timer_0'
INFO: [Project 1-454] Reading design checkpoint '/home/alexander-armitage/Documents/GitHub/AURA-FPGA/Vivado/build/System_Design/System_Design.gen/sources_1/bd/System/ip/System_axi_uartlite_0_0/System_axi_uartlite_0_0.dcp' for cell 'System_i/axi_uartlite_0'
INFO: [Project 1-454] Reading design checkpoint '/home/alexander-armitage/Documents/GitHub/AURA-FPGA/Vivado/build/System_Design/System_Design.gen/sources_1/bd/System/ip/System_clk_wiz_0_0/System_clk_wiz_0_0.dcp' for cell 'System_i/clk_wiz_0'
INFO: [Project 1-454] Reading design checkpoint '/home/alexander-armitage/Documents/GitHub/AURA-FPGA/Vivado/build/System_Design/System_Design.gen/sources_1/bd/System/ip/System_mdm_1_0/System_mdm_1_0.dcp' for cell 'System_i/mdm_1'
INFO: [Project 1-454] Reading design checkpoint '/home/alexander-armitage/Documents/GitHub/AURA-FPGA/Vivado/build/System_Design/System_Design.gen/sources_1/bd/System/ip/System_microblaze_0_0/System_microblaze_0_0.dcp' for cell 'System_i/microblaze_0'
INFO: [Project 1-454] Reading design checkpoint '/home/alexander-armitage/Documents/GitHub/AURA-FPGA/Vivado/build/System_Design/System_Design.gen/sources_1/bd/System/ip/System_microblaze_0_axi_intc_0/System_microblaze_0_axi_intc_0.dcp' for cell 'System_i/microblaze_0_axi_intc'
INFO: [Project 1-454] Reading design checkpoint '/home/alexander-armitage/Documents/GitHub/AURA-FPGA/Vivado/build/System_Design/System_Design.gen/sources_1/bd/System/ip/System_mig_7series_0_0/System_mig_7series_0_0.dcp' for cell 'System_i/mig_7series_0'
INFO: [Project 1-454] Reading design checkpoint '/home/alexander-armitage/Documents/GitHub/AURA-FPGA/Vivado/build/System_Design/System_Design.gen/sources_1/bd/System/ip/System_rst_clk_wiz_0_100M_0/System_rst_clk_wiz_0_100M_0.dcp' for cell 'System_i/rst_clk_wiz_0_100M'
INFO: [Project 1-454] Reading design checkpoint '/home/alexander-armitage/Documents/GitHub/AURA-FPGA/Vivado/build/System_Design/System_Design.gen/sources_1/bd/System/ip/System_rst_mig_7series_0_100M_0/System_rst_mig_7series_0_100M_0.dcp' for cell 'System_i/rst_mig_7series_0_100M'
INFO: [Project 1-454] Reading design checkpoint '/home/alexander-armitage/Documents/GitHub/AURA-FPGA/Vivado/build/System_Design/System_Design.gen/sources_1/bd/System/ip/System_microblaze_0_axi_periph_imp_xbar_0/System_microblaze_0_axi_periph_imp_xbar_0.dcp' for cell 'System_i/microblaze_0_axi_periph/xbar'
INFO: [Project 1-454] Reading design checkpoint '/home/alexander-armitage/Documents/GitHub/AURA-FPGA/Vivado/build/System_Design/System_Design.gen/sources_1/bd/System/ip/System_microblaze_0_axi_periph_imp_auto_pc_0/System_microblaze_0_axi_periph_imp_auto_pc_0.dcp' for cell 'System_i/microblaze_0_axi_periph/m00_couplers/auto_pc'
INFO: [Project 1-454] Reading design checkpoint '/home/alexander-armitage/Documents/GitHub/AURA-FPGA/Vivado/build/System_Design/System_Design.gen/sources_1/bd/System/ip/System_microblaze_0_axi_periph_imp_auto_pc_1/System_microblaze_0_axi_periph_imp_auto_pc_1.dcp' for cell 'System_i/microblaze_0_axi_periph/m04_couplers/auto_pc'
INFO: [Project 1-454] Reading design checkpoint '/home/alexander-armitage/Documents/GitHub/AURA-FPGA/Vivado/build/System_Design/System_Design.gen/sources_1/bd/System/ip/System_microblaze_0_axi_periph_imp_auto_pc_2/System_microblaze_0_axi_periph_imp_auto_pc_2.dcp' for cell 'System_i/microblaze_0_axi_periph/m05_couplers/auto_pc'
INFO: [Project 1-454] Reading design checkpoint '/home/alexander-armitage/Documents/GitHub/AURA-FPGA/Vivado/build/System_Design/System_Design.gen/sources_1/bd/System/ip/System_microblaze_0_axi_periph_imp_auto_pc_3/System_microblaze_0_axi_periph_imp_auto_pc_3.dcp' for cell 'System_i/microblaze_0_axi_periph/m06_couplers/auto_pc'
INFO: [Project 1-454] Reading design checkpoint '/home/alexander-armitage/Documents/GitHub/AURA-FPGA/Vivado/build/System_Design/System_Design.gen/sources_1/bd/System/ip/System_microblaze_0_axi_periph_imp_auto_pc_4/System_microblaze_0_axi_periph_imp_auto_pc_4.dcp' for cell 'System_i/microblaze_0_axi_periph/m07_couplers/auto_pc'
INFO: [Project 1-454] Reading design checkpoint '/home/alexander-armitage/Documents/GitHub/AURA-FPGA/Vivado/build/System_Design/System_Design.gen/sources_1/bd/System/ip/System_microblaze_0_axi_periph_imp_auto_pc_5/System_microblaze_0_axi_periph_imp_auto_pc_5.dcp' for cell 'System_i/microblaze_0_axi_periph/s00_couplers/auto_pc'
INFO: [Project 1-454] Reading design checkpoint '/home/alexander-armitage/Documents/GitHub/AURA-FPGA/Vivado/build/System_Design/System_Design.gen/sources_1/bd/System/ip/System_dlmb_bram_if_cntlr_0/System_dlmb_bram_if_cntlr_0.dcp' for cell 'System_i/microblaze_0_local_memory/dlmb_bram_if_cntlr'
INFO: [Project 1-454] Reading design checkpoint '/home/alexander-armitage/Documents/GitHub/AURA-FPGA/Vivado/build/System_Design/System_Design.gen/sources_1/bd/System/ip/System_dlmb_v10_0/System_dlmb_v10_0.dcp' for cell 'System_i/microblaze_0_local_memory/dlmb_v10'
INFO: [Project 1-454] Reading design checkpoint '/home/alexander-armitage/Documents/GitHub/AURA-FPGA/Vivado/build/System_Design/System_Design.gen/sources_1/bd/System/ip/System_ilmb_bram_if_cntlr_0/System_ilmb_bram_if_cntlr_0.dcp' for cell 'System_i/microblaze_0_local_memory/ilmb_bram_if_cntlr'
INFO: [Project 1-454] Reading design checkpoint '/home/alexander-armitage/Documents/GitHub/AURA-FPGA/Vivado/build/System_Design/System_Design.gen/sources_1/bd/System/ip/System_ilmb_v10_0/System_ilmb_v10_0.dcp' for cell 'System_i/microblaze_0_local_memory/ilmb_v10'
INFO: [Project 1-454] Reading design checkpoint '/home/alexander-armitage/Documents/GitHub/AURA-FPGA/Vivado/build/System_Design/System_Design.gen/sources_1/bd/System/ip/System_lmb_bram_0/System_lmb_bram_0.dcp' for cell 'System_i/microblaze_0_local_memory/lmb_bram'
Netlist sorting complete. Time (s): cpu = 00:00:00.13 ; elapsed = 00:00:00.13 . Memory (MB): peak = 1996.918 ; gain = 0.000 ; free physical = 21092 ; free virtual = 34710
INFO: [Netlist 29-17] Analyzing 1602 Unisim elements for replacement
INFO: [Netlist 29-28] Unisim Transformation completed in 0 CPU seconds
INFO: [Project 1-479] Netlist was created with Vivado 2026.1
INFO: [Project 1-570] Preparing netlist for logic optimization
Parsing XDC File [/home/alexander-armitage/Documents/GitHub/AURA-FPGA/Vivado/build/System_Design/System_Design.gen/sources_1/bd/System/ip/System_clk_wiz_0_0/System_clk_wiz_0_0_board.xdc] for cell 'System_i/clk_wiz_0/inst'
Finished Parsing XDC File [/home/alexander-armitage/Documents/GitHub/AURA-FPGA/Vivado/build/System_Design/System_Design.gen/sources_1/bd/System/ip/System_clk_wiz_0_0/System_clk_wiz_0_0_board.xdc] for cell 'System_i/clk_wiz_0/inst'
Parsing XDC File [/home/alexander-armitage/Documents/GitHub/AURA-FPGA/Vivado/build/System_Design/System_Design.gen/sources_1/bd/System/ip/System_clk_wiz_0_0/System_clk_wiz_0_0.xdc] for cell 'System_i/clk_wiz_0/inst'
INFO: [Timing 38-35] Done setting XDC timing constraints. [/home/alexander-armitage/Documents/GitHub/AURA-FPGA/Vivado/build/System_Design/System_Design.gen/sources_1/bd/System/ip/System_clk_wiz_0_0/System_clk_wiz_0_0.xdc:54]
INFO: [Timing 38-2] Deriving generated clocks [/home/alexander-armitage/Documents/GitHub/AURA-FPGA/Vivado/build/System_Design/System_Design.gen/sources_1/bd/System/ip/System_clk_wiz_0_0/System_clk_wiz_0_0.xdc:54]
Finished Parsing XDC File [/home/alexander-armitage/Documents/GitHub/AURA-FPGA/Vivado/build/System_Design/System_Design.gen/sources_1/bd/System/ip/System_clk_wiz_0_0/System_clk_wiz_0_0.xdc] for cell 'System_i/clk_wiz_0/inst'
Parsing XDC File [/home/alexander-armitage/Documents/GitHub/AURA-FPGA/Vivado/build/System_Design/System_Design.gen/sources_1/bd/System/ip/System_mig_7series_0_0/System_mig_7series_0_0/user_design/constraints/System_mig_7series_0_0.xdc] for cell 'System_i/mig_7series_0'
Finished Parsing XDC File [/home/alexander-armitage/Documents/GitHub/AURA-FPGA/Vivado/build/System_Design/System_Design.gen/sources_1/bd/System/ip/System_mig_7series_0_0/System_mig_7series_0_0/user_design/constraints/System_mig_7series_0_0.xdc] for cell 'System_i/mig_7series_0'
Parsing XDC File [/home/alexander-armitage/Documents/GitHub/AURA-FPGA/Vivado/build/System_Design/System_Design.gen/sources_1/bd/System/ip/System_microblaze_0_0/System_microblaze_0_0.xdc] for cell 'System_i/microblaze_0/U0'
WARNING: [Vivado_Tcl 4-2057] Waiver ID 'DPIP-1' object list specifies likely unusable hierarchical instance 'System_i/microblaze_0/U0/MicroBlaze_Core_I/Performance.Core/Data_Flow_I/MUL_Unit_I/Use_HW_MUL.Using_DSP48_Architectures.Doing_mul64.Virtex_MUL64.dsp_module_I2/Using_DSP48E1.DSP48E1_I1'. [/home/alexander-armitage/Documents/GitHub/AURA-FPGA/Vivado/build/System_Design/System_Design.gen/sources_1/bd/System/ip/System_microblaze_0_0/System_microblaze_0_0.xdc:4]
WARNING: [Vivado_Tcl 4-2057] Waiver ID 'DPIP-1' object list specifies likely unusable hierarchical instance 'System_i/microblaze_0/U0/MicroBlaze_Core_I/Performance.Core/Data_Flow_I/MUL_Unit_I/Use_HW_MUL.Using_DSP48_Architectures.Doing_mul64.Virtex_MUL64.dsp_module_I3/Using_DSP48E1.DSP48E1_I1'. [/home/alexander-armitage/Documents/GitHub/AURA-FPGA/Vivado/build/System_Design/System_Design.gen/sources_1/bd/System/ip/System_microblaze_0_0/System_microblaze_0_0.xdc:4]
WARNING: [Vivado_Tcl 4-2057] Waiver ID 'DPIP-1' object list specifies likely unusable hierarchical instance 'System_i/microblaze_0/U0/MicroBlaze_Core_I/Performance.Core/Data_Flow_I/MUL_Unit_I/Use_HW_MUL.Using_DSP48_Architectures.Doing_mul64.Virtex_MUL64.dsp_module_I4/Using_DSP48E1.DSP48E1_I1'. [/home/alexander-armitage/Documents/GitHub/AURA-FPGA/Vivado/build/System_Design/System_Design.gen/sources_1/bd/System/ip/System_microblaze_0_0/System_microblaze_0_0.xdc:4]
WARNING: [Vivado_Tcl 4-2057] Waiver ID 'DPIP-1' object list specifies likely unusable hierarchical instance 'System_i/microblaze_0/U0/MicroBlaze_Core_I/Performance.Core/Data_Flow_I/MUL_Unit_I/Use_HW_MUL.Using_DSP48_Architectures.dsp_module_I1/Using_DSP48E1.DSP48E1_I1'. [/home/alexander-armitage/Documents/GitHub/AURA-FPGA/Vivado/build/System_Design/System_Design.gen/sources_1/bd/System/ip/System_microblaze_0_0/System_microblaze_0_0.xdc:4]
WARNING: [Vivado_Tcl 4-2057] Waiver ID 'DPIP-1' object list specifies likely unusable hierarchical instance 'System_i/microblaze_0/U0/MicroBlaze_Core_I/Performance.Core/Data_Flow_I/MUL_Unit_I/Use_HW_MUL.Using_DSP48_Architectures.Doing_mul64.Virtex_MUL64.dsp_module_I2/Using_DSP48E1.DSP48E1_I1'. [/home/alexander-armitage/Documents/GitHub/AURA-FPGA/Vivado/build/System_Design/System_Design.gen/sources_1/bd/System/ip/System_microblaze_0_0/System_microblaze_0_0.xdc:7]
WARNING: [Vivado_Tcl 4-2057] Waiver ID 'DPIP-1' object list specifies likely unusable hierarchical instance 'System_i/microblaze_0/U0/MicroBlaze_Core_I/Performance.Core/Data_Flow_I/MUL_Unit_I/Use_HW_MUL.Using_DSP48_Architectures.Doing_mul64.Virtex_MUL64.dsp_module_I3/Using_DSP48E1.DSP48E1_I1'. [/home/alexander-armitage/Documents/GitHub/AURA-FPGA/Vivado/build/System_Design/System_Design.gen/sources_1/bd/System/ip/System_microblaze_0_0/System_microblaze_0_0.xdc:7]
WARNING: [Vivado_Tcl 4-2057] Waiver ID 'DPIP-1' object list specifies likely unusable hierarchical instance 'System_i/microblaze_0/U0/MicroBlaze_Core_I/Performance.Core/Data_Flow_I/MUL_Unit_I/Use_HW_MUL.Using_DSP48_Architectures.Doing_mul64.Virtex_MUL64.dsp_module_I4/Using_DSP48E1.DSP48E1_I1'. [/home/alexander-armitage/Documents/GitHub/AURA-FPGA/Vivado/build/System_Design/System_Design.gen/sources_1/bd/System/ip/System_microblaze_0_0/System_microblaze_0_0.xdc:7]
WARNING: [Vivado_Tcl 4-2057] Waiver ID 'DPIP-1' object list specifies likely unusable hierarchical instance 'System_i/microblaze_0/U0/MicroBlaze_Core_I/Performance.Core/Data_Flow_I/MUL_Unit_I/Use_HW_MUL.Using_DSP48_Architectures.dsp_module_I1/Using_DSP48E1.DSP48E1_I1'. [/home/alexander-armitage/Documents/GitHub/AURA-FPGA/Vivado/build/System_Design/System_Design.gen/sources_1/bd/System/ip/System_microblaze_0_0/System_microblaze_0_0.xdc:7]
WARNING: [Vivado_Tcl 4-2057] Waiver ID 'DPIP-2' object list specifies likely unusable hierarchical instance 'System_i/microblaze_0/U0/MicroBlaze_Core_I/Performance.Core/Data_Flow_I/MUL_Unit_I/Use_HW_MUL.Using_DSP48_Architectures.Doing_mul64.Virtex_MUL64.dsp_module_I2/Using_DSP48E1.DSP48E1_I1'. [/home/alexander-armitage/Documents/GitHub/AURA-FPGA/Vivado/build/System_Design/System_Design.gen/sources_1/bd/System/ip/System_microblaze_0_0/System_microblaze_0_0.xdc:10]
WARNING: [Vivado_Tcl 4-2057] Waiver ID 'DPIP-2' object list specifies likely unusable hierarchical instance 'System_i/microblaze_0/U0/MicroBlaze_Core_I/Performance.Core/Data_Flow_I/MUL_Unit_I/Use_HW_MUL.Using_DSP48_Architectures.Doing_mul64.Virtex_MUL64.dsp_module_I3/Using_DSP48E1.DSP48E1_I1'. [/home/alexander-armitage/Documents/GitHub/AURA-FPGA/Vivado/build/System_Design/System_Design.gen/sources_1/bd/System/ip/System_microblaze_0_0/System_microblaze_0_0.xdc:10]
WARNING: [Vivado_Tcl 4-2057] Waiver ID 'DPIP-2' object list specifies likely unusable hierarchical instance 'System_i/microblaze_0/U0/MicroBlaze_Core_I/Performance.Core/Data_Flow_I/MUL_Unit_I/Use_HW_MUL.Using_DSP48_Architectures.Doing_mul64.Virtex_MUL64.dsp_module_I4/Using_DSP48E1.DSP48E1_I1'. [/home/alexander-armitage/Documents/GitHub/AURA-FPGA/Vivado/build/System_Design/System_Design.gen/sources_1/bd/System/ip/System_microblaze_0_0/System_microblaze_0_0.xdc:10]
WARNING: [Vivado_Tcl 4-2057] Waiver ID 'DPIP-2' object list specifies likely unusable hierarchical instance 'System_i/microblaze_0/U0/MicroBlaze_Core_I/Performance.Core/Data_Flow_I/MUL_Unit_I/Use_HW_MUL.Using_DSP48_Architectures.dsp_module_I1/Using_DSP48E1.DSP48E1_I1'. [/home/alexander-armitage/Documents/GitHub/AURA-FPGA/Vivado/build/System_Design/System_Design.gen/sources_1/bd/System/ip/System_microblaze_0_0/System_microblaze_0_0.xdc:10]
WARNING: [Vivado_Tcl 4-2057] Waiver ID 'DPIP-2' object list specifies likely unusable hierarchical instance 'System_i/microblaze_0/U0/MicroBlaze_Core_I/Performance.Core/Data_Flow_I/MUL_Unit_I/Use_HW_MUL.Using_DSP48_Architectures.Doing_mul64.Virtex_MUL64.dsp_module_I2/Using_DSP48E1.DSP48E1_I1'. [/home/alexander-armitage/Documents/GitHub/AURA-FPGA/Vivado/build/System_Design/System_Design.gen/sources_1/bd/System/ip/System_microblaze_0_0/System_microblaze_0_0.xdc:13]
WARNING: [Vivado_Tcl 4-2057] Waiver ID 'DPIP-2' object list specifies likely unusable hierarchical instance 'System_i/microblaze_0/U0/MicroBlaze_Core_I/Performance.Core/Data_Flow_I/MUL_Unit_I/Use_HW_MUL.Using_DSP48_Architectures.Doing_mul64.Virtex_MUL64.dsp_module_I3/Using_DSP48E1.DSP48E1_I1'. [/home/alexander-armitage/Documents/GitHub/AURA-FPGA/Vivado/build/System_Design/System_Design.gen/sources_1/bd/System/ip/System_microblaze_0_0/System_microblaze_0_0.xdc:13]
WARNING: [Vivado_Tcl 4-2057] Waiver ID 'DPIP-2' object list specifies likely unusable hierarchical instance 'System_i/microblaze_0/U0/MicroBlaze_Core_I/Performance.Core/Data_Flow_I/MUL_Unit_I/Use_HW_MUL.Using_DSP48_Architectures.Doing_mul64.Virtex_MUL64.dsp_module_I4/Using_DSP48E1.DSP48E1_I1'. [/home/alexander-armitage/Documents/GitHub/AURA-FPGA/Vivado/build/System_Design/System_Design.gen/sources_1/bd/System/ip/System_microblaze_0_0/System_microblaze_0_0.xdc:13]
WARNING: [Vivado_Tcl 4-2057] Waiver ID 'DPIP-2' object list specifies likely unusable hierarchical instance 'System_i/microblaze_0/U0/MicroBlaze_Core_I/Performance.Core/Data_Flow_I/MUL_Unit_I/Use_HW_MUL.Using_DSP48_Architectures.dsp_module_I1/Using_DSP48E1.DSP48E1_I1'. [/home/alexander-armitage/Documents/GitHub/AURA-FPGA/Vivado/build/System_Design/System_Design.gen/sources_1/bd/System/ip/System_microblaze_0_0/System_microblaze_0_0.xdc:13]
WARNING: [Vivado_Tcl 4-2057] Waiver ID 'DPOP-1' object list specifies likely unusable hierarchical instance 'System_i/microblaze_0/U0/MicroBlaze_Core_I/Performance.Core/Data_Flow_I/MUL_Unit_I/Use_HW_MUL.Using_DSP48_Architectures.Doing_mul64.Virtex_MUL64.dsp_module_I2/Using_DSP48E1.DSP48E1_I1'. [/home/alexander-armitage/Documents/GitHub/AURA-FPGA/Vivado/build/System_Design/System_Design.gen/sources_1/bd/System/ip/System_microblaze_0_0/System_microblaze_0_0.xdc:16]
WARNING: [Vivado_Tcl 4-2057] Waiver ID 'DPOP-1' object list specifies likely unusable hierarchical instance 'System_i/microblaze_0/U0/MicroBlaze_Core_I/Performance.Core/Data_Flow_I/MUL_Unit_I/Use_HW_MUL.Using_DSP48_Architectures.Doing_mul64.Virtex_MUL64.dsp_module_I3/Using_DSP48E1.DSP48E1_I1'. [/home/alexander-armitage/Documents/GitHub/AURA-FPGA/Vivado/build/System_Design/System_Design.gen/sources_1/bd/System/ip/System_microblaze_0_0/System_microblaze_0_0.xdc:16]
WARNING: [Vivado_Tcl 4-2057] Waiver ID 'DPOP-1' object list specifies likely unusable hierarchical instance 'System_i/microblaze_0/U0/MicroBlaze_Core_I/Performance.Core/Data_Flow_I/MUL_Unit_I/Use_HW_MUL.Using_DSP48_Architectures.Doing_mul64.Virtex_MUL64.dsp_module_I4/Using_DSP48E1.DSP48E1_I1'. [/home/alexander-armitage/Documents/GitHub/AURA-FPGA/Vivado/build/System_Design/System_Design.gen/sources_1/bd/System/ip/System_microblaze_0_0/System_microblaze_0_0.xdc:16]
WARNING: [Vivado_Tcl 4-2057] Waiver ID 'DPOP-1' object list specifies likely unusable hierarchical instance 'System_i/microblaze_0/U0/MicroBlaze_Core_I/Performance.Core/Data_Flow_I/MUL_Unit_I/Use_HW_MUL.Using_DSP48_Architectures.dsp_module_I1/Using_DSP48E1.DSP48E1_I1'. [/home/alexander-armitage/Documents/GitHub/AURA-FPGA/Vivado/build/System_Design/System_Design.gen/sources_1/bd/System/ip/System_microblaze_0_0/System_microblaze_0_0.xdc:16]
WARNING: [Vivado_Tcl 4-2057] Waiver ID 'DPOP-2' object list specifies likely unusable hierarchical instance 'System_i/microblaze_0/U0/MicroBlaze_Core_I/Performance.Core/Data_Flow_I/MUL_Unit_I/Use_HW_MUL.Using_DSP48_Architectures.Doing_mul64.Virtex_MUL64.dsp_module_I2/Using_DSP48E1.DSP48E1_I1'. [/home/alexander-armitage/Documents/GitHub/AURA-FPGA/Vivado/build/System_Design/System_Design.gen/sources_1/bd/System/ip/System_microblaze_0_0/System_microblaze_0_0.xdc:19]
WARNING: [Vivado_Tcl 4-2057] Waiver ID 'DPOP-2' object list specifies likely unusable hierarchical instance 'System_i/microblaze_0/U0/MicroBlaze_Core_I/Performance.Core/Data_Flow_I/MUL_Unit_I/Use_HW_MUL.Using_DSP48_Architectures.Doing_mul64.Virtex_MUL64.dsp_module_I3/Using_DSP48E1.DSP48E1_I1'. [/home/alexander-armitage/Documents/GitHub/AURA-FPGA/Vivado/build/System_Design/System_Design.gen/sources_1/bd/System/ip/System_microblaze_0_0/System_microblaze_0_0.xdc:19]
WARNING: [Vivado_Tcl 4-2057] Waiver ID 'DPOP-2' object list specifies likely unusable hierarchical instance 'System_i/microblaze_0/U0/MicroBlaze_Core_I/Performance.Core/Data_Flow_I/MUL_Unit_I/Use_HW_MUL.Using_DSP48_Architectures.Doing_mul64.Virtex_MUL64.dsp_module_I4/Using_DSP48E1.DSP48E1_I1'. [/home/alexander-armitage/Documents/GitHub/AURA-FPGA/Vivado/build/System_Design/System_Design.gen/sources_1/bd/System/ip/System_microblaze_0_0/System_microblaze_0_0.xdc:19]
WARNING: [Vivado_Tcl 4-2057] Waiver ID 'DPOP-2' object list specifies likely unusable hierarchical instance 'System_i/microblaze_0/U0/MicroBlaze_Core_I/Performance.Core/Data_Flow_I/MUL_Unit_I/Use_HW_MUL.Using_DSP48_Architectures.dsp_module_I1/Using_DSP48E1.DSP48E1_I1'. [/home/alexander-armitage/Documents/GitHub/AURA-FPGA/Vivado/build/System_Design/System_Design.gen/sources_1/bd/System/ip/System_microblaze_0_0/System_microblaze_0_0.xdc:19]
WARNING: [Vivado_Tcl 4-2057] Waiver ID 'DPOP-3' object list specifies likely unusable hierarchical instance 'System_i/microblaze_0/U0/MicroBlaze_Core_I/Performance.Core/Data_Flow_I/MUL_Unit_I/Use_HW_MUL.Using_DSP48_Architectures.Doing_mul64.Virtex_MUL64.dsp_module_I2/Using_DSP48E1.DSP48E1_I1'. [/home/alexander-armitage/Documents/GitHub/AURA-FPGA/Vivado/build/System_Design/System_Design.gen/sources_1/bd/System/ip/System_microblaze_0_0/System_microblaze_0_0.xdc:22]
WARNING: [Vivado_Tcl 4-2057] Waiver ID 'DPOP-3' object list specifies likely unusable hierarchical instance 'System_i/microblaze_0/U0/MicroBlaze_Core_I/Performance.Core/Data_Flow_I/MUL_Unit_I/Use_HW_MUL.Using_DSP48_Architectures.Doing_mul64.Virtex_MUL64.dsp_module_I3/Using_DSP48E1.DSP48E1_I1'. [/home/alexander-armitage/Documents/GitHub/AURA-FPGA/Vivado/build/System_Design/System_Design.gen/sources_1/bd/System/ip/System_microblaze_0_0/System_microblaze_0_0.xdc:22]
WARNING: [Vivado_Tcl 4-2057] Waiver ID 'DPOP-3' object list specifies likely unusable hierarchical instance 'System_i/microblaze_0/U0/MicroBlaze_Core_I/Performance.Core/Data_Flow_I/MUL_Unit_I/Use_HW_MUL.Using_DSP48_Architectures.Doing_mul64.Virtex_MUL64.dsp_module_I4/Using_DSP48E1.DSP48E1_I1'. [/home/alexander-armitage/Documents/GitHub/AURA-FPGA/Vivado/build/System_Design/System_Design.gen/sources_1/bd/System/ip/System_microblaze_0_0/System_microblaze_0_0.xdc:22]
WARNING: [Vivado_Tcl 4-2057] Waiver ID 'DPOP-3' object list specifies likely unusable hierarchical instance 'System_i/microblaze_0/U0/MicroBlaze_Core_I/Performance.Core/Data_Flow_I/MUL_Unit_I/Use_HW_MUL.Using_DSP48_Architectures.dsp_module_I1/Using_DSP48E1.DSP48E1_I1'. [/home/alexander-armitage/Documents/GitHub/AURA-FPGA/Vivado/build/System_Design/System_Design.gen/sources_1/bd/System/ip/System_microblaze_0_0/System_microblaze_0_0.xdc:22]
WARNING: [Vivado_Tcl 4-2057] Waiver ID 'DPOP-3' object list specifies likely unusable hierarchical instance 'System_i/microblaze_0/U0/MicroBlaze_Core_I/Performance.Core/Data_Flow_I/MUL_Unit_I/Use_HW_MUL.Using_DSP48_Architectures.Doing_mul64.Virtex_MUL64.dsp_module_I2/Using_DSP48E1.DSP48E1_I1'. [/home/alexander-armitage/Documents/GitHub/AURA-FPGA/Vivado/build/System_Design/System_Design.gen/sources_1/bd/System/ip/System_microblaze_0_0/System_microblaze_0_0.xdc:25]
WARNING: [Vivado_Tcl 4-2057] Waiver ID 'DPOP-3' object list specifies likely unusable hierarchical instance 'System_i/microblaze_0/U0/MicroBlaze_Core_I/Performance.Core/Data_Flow_I/MUL_Unit_I/Use_HW_MUL.Using_DSP48_Architectures.Doing_mul64.Virtex_MUL64.dsp_module_I3/Using_DSP48E1.DSP48E1_I1'. [/home/alexander-armitage/Documents/GitHub/AURA-FPGA/Vivado/build/System_Design/System_Design.gen/sources_1/bd/System/ip/System_microblaze_0_0/System_microblaze_0_0.xdc:25]
WARNING: [Vivado_Tcl 4-2057] Waiver ID 'DPOP-3' object list specifies likely unusable hierarchical instance 'System_i/microblaze_0/U0/MicroBlaze_Core_I/Performance.Core/Data_Flow_I/MUL_Unit_I/Use_HW_MUL.Using_DSP48_Architectures.Doing_mul64.Virtex_MUL64.dsp_module_I4/Using_DSP48E1.DSP48E1_I1'. [/home/alexander-armitage/Documents/GitHub/AURA-FPGA/Vivado/build/System_Design/System_Design.gen/sources_1/bd/System/ip/System_microblaze_0_0/System_microblaze_0_0.xdc:25]
WARNING: [Vivado_Tcl 4-2057] Waiver ID 'DPOP-3' object list specifies likely unusable hierarchical instance 'System_i/microblaze_0/U0/MicroBlaze_Core_I/Performance.Core/Data_Flow_I/MUL_Unit_I/Use_HW_MUL.Using_DSP48_Architectures.dsp_module_I1/Using_DSP48E1.DSP48E1_I1'. [/home/alexander-armitage/Documents/GitHub/AURA-FPGA/Vivado/build/System_Design/System_Design.gen/sources_1/bd/System/ip/System_microblaze_0_0/System_microblaze_0_0.xdc:25]
WARNING: [Vivado_Tcl 4-2057] Waiver ID 'DPOP-3' object list specifies likely unusable hierarchical instance 'System_i/microblaze_0/U0/MicroBlaze_Core_I/Performance.Core/Data_Flow_I/MUL_Unit_I/Use_HW_MUL.Using_DSP48_Architectures.Doing_mul64.Virtex_MUL64.dsp_module_I2/Using_DSP48E1.DSP48E1_I1'. [/home/alexander-armitage/Documents/GitHub/AURA-FPGA/Vivado/build/System_Design/System_Design.gen/sources_1/bd/System/ip/System_microblaze_0_0/System_microblaze_0_0.xdc:28]
WARNING: [Vivado_Tcl 4-2057] Waiver ID 'DPOP-3' object list specifies likely unusable hierarchical instance 'System_i/microblaze_0/U0/MicroBlaze_Core_I/Performance.Core/Data_Flow_I/MUL_Unit_I/Use_HW_MUL.Using_DSP48_Architectures.Doing_mul64.Virtex_MUL64.dsp_module_I3/Using_DSP48E1.DSP48E1_I1'. [/home/alexander-armitage/Documents/GitHub/AURA-FPGA/Vivado/build/System_Design/System_Design.gen/sources_1/bd/System/ip/System_microblaze_0_0/System_microblaze_0_0.xdc:28]
WARNING: [Vivado_Tcl 4-2057] Waiver ID 'DPOP-3' object list specifies likely unusable hierarchical instance 'System_i/microblaze_0/U0/MicroBlaze_Core_I/Performance.Core/Data_Flow_I/MUL_Unit_I/Use_HW_MUL.Using_DSP48_Architectures.Doing_mul64.Virtex_MUL64.dsp_module_I4/Using_DSP48E1.DSP48E1_I1'. [/home/alexander-armitage/Documents/GitHub/AURA-FPGA/Vivado/build/System_Design/System_Design.gen/sources_1/bd/System/ip/System_microblaze_0_0/System_microblaze_0_0.xdc:28]
WARNING: [Vivado_Tcl 4-2057] Waiver ID 'DPOP-3' object list specifies likely unusable hierarchical instance 'System_i/microblaze_0/U0/MicroBlaze_Core_I/Performance.Core/Data_Flow_I/MUL_Unit_I/Use_HW_MUL.Using_DSP48_Architectures.dsp_module_I1/Using_DSP48E1.DSP48E1_I1'. [/home/alexander-armitage/Documents/GitHub/AURA-FPGA/Vivado/build/System_Design/System_Design.gen/sources_1/bd/System/ip/System_microblaze_0_0/System_microblaze_0_0.xdc:28]
WARNING: [Vivado_Tcl 4-2057] Waiver ID 'DPOP-4' object list specifies likely unusable hierarchical instance 'System_i/microblaze_0/U0/MicroBlaze_Core_I/Performance.Core/Data_Flow_I/MUL_Unit_I/Use_HW_MUL.Using_DSP48_Architectures.Doing_mul64.Virtex_MUL64.dsp_module_I2/Using_DSP48E1.DSP48E1_I1'. [/home/alexander-armitage/Documents/GitHub/AURA-FPGA/Vivado/build/System_Design/System_Design.gen/sources_1/bd/System/ip/System_microblaze_0_0/System_microblaze_0_0.xdc:31]
WARNING: [Vivado_Tcl 4-2057] Waiver ID 'DPOP-4' object list specifies likely unusable hierarchical instance 'System_i/microblaze_0/U0/MicroBlaze_Core_I/Performance.Core/Data_Flow_I/MUL_Unit_I/Use_HW_MUL.Using_DSP48_Architectures.Doing_mul64.Virtex_MUL64.dsp_module_I3/Using_DSP48E1.DSP48E1_I1'. [/home/alexander-armitage/Documents/GitHub/AURA-FPGA/Vivado/build/System_Design/System_Design.gen/sources_1/bd/System/ip/System_microblaze_0_0/System_microblaze_0_0.xdc:31]
WARNING: [Vivado_Tcl 4-2057] Waiver ID 'DPOP-4' object list specifies likely unusable hierarchical instance 'System_i/microblaze_0/U0/MicroBlaze_Core_I/Performance.Core/Data_Flow_I/MUL_Unit_I/Use_HW_MUL.Using_DSP48_Architectures.Doing_mul64.Virtex_MUL64.dsp_module_I4/Using_DSP48E1.DSP48E1_I1'. [/home/alexander-armitage/Documents/GitHub/AURA-FPGA/Vivado/build/System_Design/System_Design.gen/sources_1/bd/System/ip/System_microblaze_0_0/System_microblaze_0_0.xdc:31]
WARNING: [Vivado_Tcl 4-2057] Waiver ID 'DPOP-4' object list specifies likely unusable hierarchical instance 'System_i/microblaze_0/U0/MicroBlaze_Core_I/Performance.Core/Data_Flow_I/MUL_Unit_I/Use_HW_MUL.Using_DSP48_Architectures.dsp_module_I1/Using_DSP48E1.DSP48E1_I1'. [/home/alexander-armitage/Documents/GitHub/AURA-FPGA/Vivado/build/System_Design/System_Design.gen/sources_1/bd/System/ip/System_microblaze_0_0/System_microblaze_0_0.xdc:31]
WARNING: [Vivado_Tcl 4-2057] Waiver ID 'DPOP-4' object list specifies likely unusable hierarchical instance 'System_i/microblaze_0/U0/MicroBlaze_Core_I/Performance.Core/Data_Flow_I/MUL_Unit_I/Use_HW_MUL.Using_DSP48_Architectures.Doing_mul64.Virtex_MUL64.dsp_module_I2/Using_DSP48E1.DSP48E1_I1'. [/home/alexander-armitage/Documents/GitHub/AURA-FPGA/Vivado/build/System_Design/System_Design.gen/sources_1/bd/System/ip/System_microblaze_0_0/System_microblaze_0_0.xdc:34]
WARNING: [Vivado_Tcl 4-2057] Waiver ID 'DPOP-4' object list specifies likely unusable hierarchical instance 'System_i/microblaze_0/U0/MicroBlaze_Core_I/Performance.Core/Data_Flow_I/MUL_Unit_I/Use_HW_MUL.Using_DSP48_Architectures.Doing_mul64.Virtex_MUL64.dsp_module_I3/Using_DSP48E1.DSP48E1_I1'. [/home/alexander-armitage/Documents/GitHub/AURA-FPGA/Vivado/build/System_Design/System_Design.gen/sources_1/bd/System/ip/System_microblaze_0_0/System_microblaze_0_0.xdc:34]
WARNING: [Vivado_Tcl 4-2057] Waiver ID 'DPOP-4' object list specifies likely unusable hierarchical instance 'System_i/microblaze_0/U0/MicroBlaze_Core_I/Performance.Core/Data_Flow_I/MUL_Unit_I/Use_HW_MUL.Using_DSP48_Architectures.Doing_mul64.Virtex_MUL64.dsp_module_I4/Using_DSP48E1.DSP48E1_I1'. [/home/alexander-armitage/Documents/GitHub/AURA-FPGA/Vivado/build/System_Design/System_Design.gen/sources_1/bd/System/ip/System_microblaze_0_0/System_microblaze_0_0.xdc:34]
WARNING: [Vivado_Tcl 4-2057] Waiver ID 'DPOP-4' object list specifies likely unusable hierarchical instance 'System_i/microblaze_0/U0/MicroBlaze_Core_I/Performance.Core/Data_Flow_I/MUL_Unit_I/Use_HW_MUL.Using_DSP48_Architectures.dsp_module_I1/Using_DSP48E1.DSP48E1_I1'. [/home/alexander-armitage/Documents/GitHub/AURA-FPGA/Vivado/build/System_Design/System_Design.gen/sources_1/bd/System/ip/System_microblaze_0_0/System_microblaze_0_0.xdc:34]
WARNING: [Vivado_Tcl 4-2057] Waiver ID 'DPOP-4' object list specifies likely unusable hierarchical instance 'System_i/microblaze_0/U0/MicroBlaze_Core_I/Performance.Core/Data_Flow_I/MUL_Unit_I/Use_HW_MUL.Using_DSP48_Architectures.Doing_mul64.Virtex_MUL64.dsp_module_I2/Using_DSP48E1.DSP48E1_I1'. [/home/alexander-armitage/Documents/GitHub/AURA-FPGA/Vivado/build/System_Design/System_Design.gen/sources_1/bd/System/ip/System_microblaze_0_0/System_microblaze_0_0.xdc:37]
WARNING: [Vivado_Tcl 4-2057] Waiver ID 'DPOP-4' object list specifies likely unusable hierarchical instance 'System_i/microblaze_0/U0/MicroBlaze_Core_I/Performance.Core/Data_Flow_I/MUL_Unit_I/Use_HW_MUL.Using_DSP48_Architectures.Doing_mul64.Virtex_MUL64.dsp_module_I3/Using_DSP48E1.DSP48E1_I1'. [/home/alexander-armitage/Documents/GitHub/AURA-FPGA/Vivado/build/System_Design/System_Design.gen/sources_1/bd/System/ip/System_microblaze_0_0/System_microblaze_0_0.xdc:37]
WARNING: [Vivado_Tcl 4-2057] Waiver ID 'DPOP-4' object list specifies likely unusable hierarchical instance 'System_i/microblaze_0/U0/MicroBlaze_Core_I/Performance.Core/Data_Flow_I/MUL_Unit_I/Use_HW_MUL.Using_DSP48_Architectures.Doing_mul64.Virtex_MUL64.dsp_module_I4/Using_DSP48E1.DSP48E1_I1'. [/home/alexander-armitage/Documents/GitHub/AURA-FPGA/Vivado/build/System_Design/System_Design.gen/sources_1/bd/System/ip/System_microblaze_0_0/System_microblaze_0_0.xdc:37]
WARNING: [Vivado_Tcl 4-2057] Waiver ID 'DPOP-4' object list specifies likely unusable hierarchical instance 'System_i/microblaze_0/U0/MicroBlaze_Core_I/Performance.Core/Data_Flow_I/MUL_Unit_I/Use_HW_MUL.Using_DSP48_Architectures.dsp_module_I1/Using_DSP48E1.DSP48E1_I1'. [/home/alexander-armitage/Documents/GitHub/AURA-FPGA/Vivado/build/System_Design/System_Design.gen/sources_1/bd/System/ip/System_microblaze_0_0/System_microblaze_0_0.xdc:37]
Finished Parsing XDC File [/home/alexander-armitage/Documents/GitHub/AURA-FPGA/Vivado/build/System_Design/System_Design.gen/sources_1/bd/System/ip/System_microblaze_0_0/System_microblaze_0_0.xdc] for cell 'System_i/microblaze_0/U0'
Parsing XDC File [/home/alexander-armitage/Documents/GitHub/AURA-FPGA/Vivado/build/System_Design/System_Design.gen/sources_1/bd/System/ip/System_microblaze_0_axi_intc_0/System_microblaze_0_axi_intc_0.xdc] for cell 'System_i/microblaze_0_axi_intc/U0'
Finished Parsing XDC File [/home/alexander-armitage/Documents/GitHub/AURA-FPGA/Vivado/build/System_Design/System_Design.gen/sources_1/bd/System/ip/System_microblaze_0_axi_intc_0/System_microblaze_0_axi_intc_0.xdc] for cell 'System_i/microblaze_0_axi_intc/U0'
Parsing XDC File [/home/alexander-armitage/Documents/GitHub/AURA-FPGA/Vivado/build/System_Design/System_Design.gen/sources_1/bd/System/ip/System_rst_mig_7series_0_100M_0/System_rst_mig_7series_0_100M_0_board.xdc] for cell 'System_i/rst_mig_7series_0_100M/U0'
Finished Parsing XDC File [/home/alexander-armitage/Documents/GitHub/AURA-FPGA/Vivado/build/System_Design/System_Design.gen/sources_1/bd/System/ip/System_rst_mig_7series_0_100M_0/System_rst_mig_7series_0_100M_0_board.xdc] for cell 'System_i/rst_mig_7series_0_100M/U0'
Parsing XDC File [/home/alexander-armitage/Documents/GitHub/AURA-FPGA/Vivado/build/System_Design/System_Design.gen/sources_1/bd/System/ip/System_axi_gpio_0_0/System_axi_gpio_0_0_board.xdc] for cell 'System_i/axi_gpio_0/U0'
Finished Parsing XDC File [/home/alexander-armitage/Documents/GitHub/AURA-FPGA/Vivado/build/System_Design/System_Design.gen/sources_1/bd/System/ip/System_axi_gpio_0_0/System_axi_gpio_0_0_board.xdc] for cell 'System_i/axi_gpio_0/U0'
Parsing XDC File [/home/alexander-armitage/Documents/GitHub/AURA-FPGA/Vivado/build/System_Design/System_Design.gen/sources_1/bd/System/ip/System_axi_uartlite_0_0/System_axi_uartlite_0_0_board.xdc] for cell 'System_i/axi_uartlite_0/U0'
Finished Parsing XDC File [/home/alexander-armitage/Documents/GitHub/AURA-FPGA/Vivado/build/System_Design/System_Design.gen/sources_1/bd/System/ip/System_axi_uartlite_0_0/System_axi_uartlite_0_0_board.xdc] for cell 'System_i/axi_uartlite_0/U0'
Parsing XDC File [/home/alexander-armitage/Documents/GitHub/AURA-FPGA/Vivado/build/System_Design/System_Design.gen/sources_1/bd/System/ip/System_axi_quad_spi_0_0/System_axi_quad_spi_0_0_board.xdc] for cell 'System_i/axi_quad_spi_0/U0'
Finished Parsing XDC File [/home/alexander-armitage/Documents/GitHub/AURA-FPGA/Vivado/build/System_Design/System_Design.gen/sources_1/bd/System/ip/System_axi_quad_spi_0_0/System_axi_quad_spi_0_0_board.xdc] for cell 'System_i/axi_quad_spi_0/U0'
Parsing XDC File [/home/alexander-armitage/Documents/GitHub/AURA-FPGA/Vivado/build/System_Design/System_Design.gen/sources_1/bd/System/ip/System_axi_quad_spi_0_0/System_axi_quad_spi_0_0.xdc] for cell 'System_i/axi_quad_spi_0/U0'
Finished Parsing XDC File [/home/alexander-armitage/Documents/GitHub/AURA-FPGA/Vivado/build/System_Design/System_Design.gen/sources_1/bd/System/ip/System_axi_quad_spi_0_0/System_axi_quad_spi_0_0.xdc] for cell 'System_i/axi_quad_spi_0/U0'
Parsing XDC File [/home/alexander-armitage/Documents/GitHub/AURA-FPGA/Vivado/build/System_Design/System_Design.gen/sources_1/bd/System/ip/System_rst_clk_wiz_0_100M_0/System_rst_clk_wiz_0_100M_0_board.xdc] for cell 'System_i/rst_clk_wiz_0_100M/U0'
Finished Parsing XDC File [/home/alexander-armitage/Documents/GitHub/AURA-FPGA/Vivado/build/System_Design/System_Design.gen/sources_1/bd/System/ip/System_rst_clk_wiz_0_100M_0/System_rst_clk_wiz_0_100M_0_board.xdc] for cell 'System_i/rst_clk_wiz_0_100M/U0'
Parsing XDC File [/home/alexander-armitage/Documents/GitHub/AURA-FPGA/Vivado/build/System_Design/System_Design.gen/sources_1/bd/System/ip/System_axi_ethernetlite_0_0/System_axi_ethernetlite_0_0_board.xdc] for cell 'System_i/axi_ethernetlite_0/U0'
Finished Parsing XDC File [/home/alexander-armitage/Documents/GitHub/AURA-FPGA/Vivado/build/System_Design/System_Design.gen/sources_1/bd/System/ip/System_axi_ethernetlite_0_0/System_axi_ethernetlite_0_0_board.xdc] for cell 'System_i/axi_ethernetlite_0/U0'
Parsing XDC File [/home/alexander-armitage/Documents/GitHub/AURA-FPGA/Vivado/build/System_Design/System_Design.gen/sources_1/bd/System/ip/System_axi_ethernetlite_0_0/System_axi_ethernetlite_0_0.xdc] for cell 'System_i/axi_ethernetlite_0/U0'
Finished Parsing XDC File [/home/alexander-armitage/Documents/GitHub/AURA-FPGA/Vivado/build/System_Design/System_Design.gen/sources_1/bd/System/ip/System_axi_ethernetlite_0_0/System_axi_ethernetlite_0_0.xdc] for cell 'System_i/axi_ethernetlite_0/U0'
Parsing XDC File [/home/alexander-armitage/Documents/GitHub/AURA-FPGA/Vivado/build/System_Design/System_Design.gen/sources_1/bd/System/ip/System_axi_ethernetlite_1_0/System_axi_ethernetlite_1_0_board.xdc] for cell 'System_i/axi_ethernetlite_1/U0'
Finished Parsing XDC File [/home/alexander-armitage/Documents/GitHub/AURA-FPGA/Vivado/build/System_Design/System_Design.gen/sources_1/bd/System/ip/System_axi_ethernetlite_1_0/System_axi_ethernetlite_1_0_board.xdc] for cell 'System_i/axi_ethernetlite_1/U0'
Parsing XDC File [/home/alexander-armitage/Documents/GitHub/AURA-FPGA/Vivado/build/System_Design/System_Design.gen/sources_1/bd/System/ip/System_axi_ethernetlite_1_0/System_axi_ethernetlite_1_0.xdc] for cell 'System_i/axi_ethernetlite_1/U0'
Finished Parsing XDC File [/home/alexander-armitage/Documents/GitHub/AURA-FPGA/Vivado/build/System_Design/System_Design.gen/sources_1/bd/System/ip/System_axi_ethernetlite_1_0/System_axi_ethernetlite_1_0.xdc] for cell 'System_i/axi_ethernetlite_1/U0'
Parsing XDC File [/home/alexander-armitage/Documents/GitHub/AURA-FPGA/Vivado/constraints/System.xdc]
WARNING: [Constraints 18-619] A clock with name 'sys_clk' already exists, overwriting the previous clock with the same name. [/home/alexander-armitage/Documents/GitHub/AURA-FPGA/Vivado/constraints/System.xdc:24]
WARNING: [Constraints 18-619] A clock with name 'MII_0_rx_clk' already exists, overwriting the previous clock with the same name. [/home/alexander-armitage/Documents/GitHub/AURA-FPGA/Vivado/constraints/System.xdc:115]
WARNING: [Constraints 18-619] A clock with name 'MII_0_tx_clk' already exists, overwriting the previous clock with the same name. [/home/alexander-armitage/Documents/GitHub/AURA-FPGA/Vivado/constraints/System.xdc:139]
WARNING: [Constraints 18-619] A clock with name 'MII_1_rx_clk' already exists, overwriting the previous clock with the same name. [/home/alexander-armitage/Documents/GitHub/AURA-FPGA/Vivado/constraints/System.xdc:176]
WARNING: [Constraints 18-619] A clock with name 'MII_1_tx_clk' already exists, overwriting the previous clock with the same name. [/home/alexander-armitage/Documents/GitHub/AURA-FPGA/Vivado/constraints/System.xdc:200]
Finished Parsing XDC File [/home/alexander-armitage/Documents/GitHub/AURA-FPGA/Vivado/constraints/System.xdc]
Parsing XDC File [/home/alexander-armitage/Documents/GitHub/AURA-FPGA/Vivado/build/System_Design/System_Design.gen/sources_1/bd/System/ip/System_microblaze_0_axi_intc_0/System_microblaze_0_axi_intc_0_clocks.xdc] for cell 'System_i/microblaze_0_axi_intc/U0'
Finished Parsing XDC File [/home/alexander-armitage/Documents/GitHub/AURA-FPGA/Vivado/build/System_Design/System_Design.gen/sources_1/bd/System/ip/System_microblaze_0_axi_intc_0/System_microblaze_0_axi_intc_0_clocks.xdc] for cell 'System_i/microblaze_0_axi_intc/U0'
Parsing XDC File [/home/alexander-armitage/Documents/GitHub/AURA-FPGA/Vivado/build/System_Design/System_Design.gen/sources_1/bd/System/ip/System_mdm_1_0/System_mdm_1_0.xdc] for cell 'System_i/mdm_1/U0'
Finished Parsing XDC File [/home/alexander-armitage/Documents/GitHub/AURA-FPGA/Vivado/build/System_Design/System_Design.gen/sources_1/bd/System/ip/System_mdm_1_0/System_mdm_1_0.xdc] for cell 'System_i/mdm_1/U0'
Parsing XDC File [/home/alexander-armitage/Documents/GitHub/AURA-FPGA/Vivado/build/System_Design/System_Design.gen/sources_1/bd/System/ip/System_axi_quad_spi_0_0/System_axi_quad_spi_0_0_clocks.xdc] for cell 'System_i/axi_quad_spi_0/U0'
Finished Parsing XDC File [/home/alexander-armitage/Documents/GitHub/AURA-FPGA/Vivado/build/System_Design/System_Design.gen/sources_1/bd/System/ip/System_axi_quad_spi_0_0/System_axi_quad_spi_0_0_clocks.xdc] for cell 'System_i/axi_quad_spi_0/U0'
Parsing XDC File [/home/alexander-armitage/Documents/GitHub/AURA-FPGA/Vivado/build/System_Design/System_Design.gen/sources_1/bd/System/ip/System_axi_ethernetlite_0_0/System_axi_ethernetlite_0_0_clocks.xdc] for cell 'System_i/axi_ethernetlite_0/U0'
Finished Parsing XDC File [/home/alexander-armitage/Documents/GitHub/AURA-FPGA/Vivado/build/System_Design/System_Design.gen/sources_1/bd/System/ip/System_axi_ethernetlite_0_0/System_axi_ethernetlite_0_0_clocks.xdc] for cell 'System_i/axi_ethernetlite_0/U0'
Parsing XDC File [/home/alexander-armitage/Documents/GitHub/AURA-FPGA/Vivado/build/System_Design/System_Design.gen/sources_1/bd/System/ip/System_axi_ethernetlite_1_0/System_axi_ethernetlite_1_0_clocks.xdc] for cell 'System_i/axi_ethernetlite_1/U0'
Finished Parsing XDC File [/home/alexander-armitage/Documents/GitHub/AURA-FPGA/Vivado/build/System_Design/System_Design.gen/sources_1/bd/System/ip/System_axi_ethernetlite_1_0/System_axi_ethernetlite_1_0_clocks.xdc] for cell 'System_i/axi_ethernetlite_1/U0'
WARNING: [XPM_CDC_GRAY: TCL-1000] The source and destination clocks are the same. 
     Instance: System_i/axi_quad_spi_0/U0/NO_DUAL_QUAD_MODE.QSPI_NORMAL/QSPI_LEGACY_MD_GEN.QSPI_CORE_INTERFACE_I/FIFO_EXISTS.TX_FIFO_II/gnuram_async_fifo.xpm_fifo_base_inst/gen_cdc_pntr.rd_pntr_cdc_inst 
  This will add unnecessary latency to the design. Please check the design for the following: 
 1) Manually instantiated XPM_CDC modules: AMD recommends that you remove these modules. 
 2) AMD IP that contains XPM_CDC modules: Verify the connections to the IP to determine whether you can safely ignore this message.
 [/home/Vivado/2026.1/data/ip/xpm/xpm_cdc/tcl/xpm_cdc_gray.tcl:16]
WARNING: [XPM_CDC_GRAY: TCL-1000] The source and destination clocks are the same. 
     Instance: System_i/axi_quad_spi_0/U0/NO_DUAL_QUAD_MODE.QSPI_NORMAL/QSPI_LEGACY_MD_GEN.QSPI_CORE_INTERFACE_I/FIFO_EXISTS.RX_FIFO_II/gnuram_async_fifo.xpm_fifo_base_inst/gen_cdc_pntr.wr_pntr_cdc_inst 
  This will add unnecessary latency to the design. Please check the design for the following: 
 1) Manually instantiated XPM_CDC modules: AMD recommends that you remove these modules. 
 2) AMD IP that contains XPM_CDC modules: Verify the connections to the IP to determine whether you can safely ignore this message.
 [/home/Vivado/2026.1/data/ip/xpm/xpm_cdc/tcl/xpm_cdc_gray.tcl:16]
WARNING: [XPM_CDC_GRAY: TCL-1000] The source and destination clocks are the same. 
     Instance: System_i/axi_quad_spi_0/U0/NO_DUAL_QUAD_MODE.QSPI_NORMAL/QSPI_LEGACY_MD_GEN.QSPI_CORE_INTERFACE_I/FIFO_EXISTS.RX_FIFO_II/gnuram_async_fifo.xpm_fifo_base_inst/gen_cdc_pntr.rd_pntr_cdc_inst 
  This will add unnecessary latency to the design. Please check the design for the following: 
 1) Manually instantiated XPM_CDC modules: AMD recommends that you remove these modules. 
 2) AMD IP that contains XPM_CDC modules: Verify the connections to the IP to determine whether you can safely ignore this message.
 [/home/Vivado/2026.1/data/ip/xpm/xpm_cdc/tcl/xpm_cdc_gray.tcl:16]
WARNING: [XPM_CDC_GRAY: TCL-1000] The source and destination clocks are the same. 
     Instance: System_i/axi_quad_spi_0/U0/NO_DUAL_QUAD_MODE.QSPI_NORMAL/QSPI_LEGACY_MD_GEN.QSPI_CORE_INTERFACE_I/FIFO_EXISTS.TX_FIFO_II/gnuram_async_fifo.xpm_fifo_base_inst/gen_cdc_pntr.wr_pntr_cdc_inst 
  This will add unnecessary latency to the design. Please check the design for the following: 
 1) Manually instantiated XPM_CDC modules: AMD recommends that you remove these modules. 
 2) AMD IP that contains XPM_CDC modules: Verify the connections to the IP to determine whether you can safely ignore this message.
 [/home/Vivado/2026.1/data/ip/xpm/xpm_cdc/tcl/xpm_cdc_gray.tcl:16]
WARNING: [XPM_CDC_GRAY: TCL-1000] The source and destination clocks are the same. 
     Instance: System_i/axi_quad_spi_0/U0/NO_DUAL_QUAD_MODE.QSPI_NORMAL/QSPI_LEGACY_MD_GEN.QSPI_CORE_INTERFACE_I/FIFO_EXISTS.TX_FIFO_II/gnuram_async_fifo.xpm_fifo_base_inst/gen_cdc_pntr.wr_pntr_cdc_dc_inst 
  This will add unnecessary latency to the design. Please check the design for the following: 
 1) Manually instantiated XPM_CDC modules: AMD recommends that you remove these modules. 
 2) AMD IP that contains XPM_CDC modules: Verify the connections to the IP to determine whether you can safely ignore this message.
 [/home/Vivado/2026.1/data/ip/xpm/xpm_cdc/tcl/xpm_cdc_gray.tcl:16]
WARNING: [XPM_CDC_GRAY: TCL-1000] The source and destination clocks are the same. 
     Instance: System_i/axi_quad_spi_0/U0/NO_DUAL_QUAD_MODE.QSPI_NORMAL/QSPI_LEGACY_MD_GEN.QSPI_CORE_INTERFACE_I/FIFO_EXISTS.RX_FIFO_II/gnuram_async_fifo.xpm_fifo_base_inst/gen_cdc_pntr.wr_pntr_cdc_dc_inst 
  This will add unnecessary latency to the design. Please check the design for the following: 
 1) Manually instantiated XPM_CDC modules: AMD recommends that you remove these modules. 
 2) AMD IP that contains XPM_CDC modules: Verify the connections to the IP to determine whether you can safely ignore this message.
 [/home/Vivado/2026.1/data/ip/xpm/xpm_cdc/tcl/xpm_cdc_gray.tcl:16]
WARNING: [XPM_CDC_GRAY: TCL-1000] The source and destination clocks are the same. 
     Instance: System_i/axi_quad_spi_0/U0/NO_DUAL_QUAD_MODE.QSPI_NORMAL/QSPI_LEGACY_MD_GEN.QSPI_CORE_INTERFACE_I/FIFO_EXISTS.TX_FIFO_II/gnuram_async_fifo.xpm_fifo_base_inst/gen_cdc_pntr.rd_pntr_cdc_dc_inst 
  This will add unnecessary latency to the design. Please check the design for the following: 
 1) Manually instantiated XPM_CDC modules: AMD recommends that you remove these modules. 
 2) AMD IP that contains XPM_CDC modules: Verify the connections to the IP to determine whether you can safely ignore this message.
 [/home/Vivado/2026.1/data/ip/xpm/xpm_cdc/tcl/xpm_cdc_gray.tcl:16]
WARNING: [XPM_CDC_GRAY: TCL-1000] The source and destination clocks are the same. 
     Instance: System_i/axi_quad_spi_0/U0/NO_DUAL_QUAD_MODE.QSPI_NORMAL/QSPI_LEGACY_MD_GEN.QSPI_CORE_INTERFACE_I/FIFO_EXISTS.RX_FIFO_II/gnuram_async_fifo.xpm_fifo_base_inst/gen_cdc_pntr.rd_pntr_cdc_dc_inst 
  This will add unnecessary latency to the design. Please check the design for the following: 
 1) Manually instantiated XPM_CDC modules: AMD recommends that you remove these modules. 
 2) AMD IP that contains XPM_CDC modules: Verify the connections to the IP to determine whether you can safely ignore this message.
 [/home/Vivado/2026.1/data/ip/xpm/xpm_cdc/tcl/xpm_cdc_gray.tcl:16]
INFO: [Project 1-1714] 87 XPM XDC files have been applied to the design.
INFO: [Opt 31-138] Pushed 0 inverter(s) to 0 load pin(s).
Generating merged BMM file for the design top 'System_wrapper'...
INFO: [Memdata 28-144] Successfully populated the BRAM INIT strings from the following elf files: /home/alexander-armitage/Documents/GitHub/AURA-FPGA/Vivado/build/System_Design/System_Design.gen/sources_1/bd/System/ip/System_microblaze_0_0/data/mb_bootloop_le.elf 
INFO: [Project 1-1687] 4 scoped IP constraints or related sub-commands were skipped due to synthesis logic optimizations usually triggered by constant connectivity or unconnected output pins. To review the skipped constraints and messages, run the command 'set_param netlist.IPMsgFiltering false' before opening the design.
Netlist sorting complete. Time (s): cpu = 00:00:00.01 ; elapsed = 00:00:00.01 . Memory (MB): peak = 2745.297 ; gain = 0.000 ; free physical = 20497 ; free virtual = 34121
INFO: [Project 1-111] Unisim Transformation Summary:
  A total of 330 instances were transformed.
  IOBUF => IOBUF (IBUF, OBUFT): 6 instances
  IOBUFDS_DIFF_OUT_INTERMDISABLE => IOBUFDS_DIFF_OUT_INTERMDISABLE (IBUFDS_INTERMDISABLE_INT(x2), INV, OBUFTDS(x2)): 2 instances
  IOBUF_INTERMDISABLE => IOBUF_INTERMDISABLE (IBUF_INTERMDISABLE, OBUFT): 16 instances
  LUT6_2 => LUT6_2 (LUT5, LUT6): 104 instances
  OBUFDS => OBUFDS_DUAL_BUF (INV, OBUFDS(x2)): 1 instance 
  OBUFTDS => OBUFTDS_DUAL_BUF (INV, OBUFTDS(x2)): 2 instances
  RAM16X1D => RAM32X1D (RAMD32(x2)): 32 instances
  RAM16X1S => RAM32X1S (RAMS32): 8 instances
  RAM32M => RAM32M (RAMD32(x6), RAMS32(x2)): 110 instances
  RAM32X1D => RAM32X1D (RAMD32(x2)): 38 instances
  RAM64M => RAM64M (RAMD64E(x4)): 11 instances

41 Infos, 61 Warnings, 0 Critical Warnings and 0 Errors encountered.
link_design completed successfully
link_design: Time (s): cpu = 00:00:15 ; elapsed = 00:00:12 . Memory (MB): peak = 2745.332 ; gain = 1004.758 ; free physical = 20497 ; free virtual = 34121
Command: opt_design
Attempting to get a license for feature 'Vivado_Implementation' and/or device 'xc7a35t'
INFO: [Common 17-349] Got license for feature 'Vivado_Implementation' and/or device 'xc7a35t'
Running DRC as a precondition to command opt_design

Starting DRC Task
INFO: [DRC 23-27] Running DRC with 8 threads
INFO: [Project 1-461] DRC finished with 0 Errors
INFO: [Project 1-462] Please refer to the DRC report (report_drc) for more information.

Time (s): cpu = 00:00:02 ; elapsed = 00:00:00.6 . Memory (MB): peak = 2745.332 ; gain = 0.000 ; free physical = 20481 ; free virtual = 34104

Starting Cache Timing Information Task
INFO: [Timing 38-35] Done setting XDC timing constraints.
Ending Cache Timing Information Task | Checksum: 23037e614

Time (s): cpu = 00:00:02 ; elapsed = 00:00:00.54 . Memory (MB): peak = 2745.332 ; gain = 0.000 ; free physical = 20477 ; free virtual = 34101

Starting Logic Optimization Task

Phase 1 Initialization

Phase 1.1 Core Generation And Design Setup
Phase 1.1 Core Generation And Design Setup | Checksum: 23037e614

Time (s): cpu = 00:00:00.03 ; elapsed = 00:00:00.03 . Memory (MB): peak = 3136.188 ; gain = 0.000 ; free physical = 20082 ; free virtual = 33708

Phase 1.2 Setup Constraints And Sort Netlist
Phase 1.2 Setup Constraints And Sort Netlist | Checksum: 23037e614

Time (s): cpu = 00:00:00.05 ; elapsed = 00:00:00.05 . Memory (MB): peak = 3136.188 ; gain = 0.000 ; free physical = 20082 ; free virtual = 33708
Phase 1 Initialization | Checksum: 23037e614

Time (s): cpu = 00:00:00.05 ; elapsed = 00:00:00.05 . Memory (MB): peak = 3136.188 ; gain = 0.000 ; free physical = 20082 ; free virtual = 33708

Phase 2 Timer Update And Timing Data Collection

Phase 2.1 Detect if minReqCache needed
Phase 2.1 Detect if minReqCache needed | Checksum: 23037e614

Time (s): cpu = 00:00:00.07 ; elapsed = 00:00:00.07 . Memory (MB): peak = 3136.188 ; gain = 0.000 ; free physical = 20067 ; free virtual = 33693

Phase 2.2 Timer Update
Phase 2.2 Timer Update | Checksum: 23037e614

Time (s): cpu = 00:00:01 ; elapsed = 00:00:00.32 . Memory (MB): peak = 3136.188 ; gain = 0.000 ; free physical = 20067 ; free virtual = 33693

Phase 2.3 Timing Data Collection
Phase 2.3 Timing Data Collection | Checksum: 23037e614

Time (s): cpu = 00:00:01 ; elapsed = 00:00:00.33 . Memory (MB): peak = 3136.188 ; gain = 0.000 ; free physical = 20067 ; free virtual = 33693
Phase 2 Timer Update And Timing Data Collection | Checksum: 23037e614

Time (s): cpu = 00:00:01 ; elapsed = 00:00:00.34 . Memory (MB): peak = 3136.188 ; gain = 0.000 ; free physical = 20067 ; free virtual = 33693

Phase 3 Retarget
INFO: [Opt 31-1851] Number of loadless carry chains removed were: 0
INFO: [Opt 31-1834] Total Chains To Be Transformed Were: 0 AND Number of Transformed insts Created are: 0
INFO: [Opt 31-1566] Pulled 38 inverters resulting in an inversion of 348 pins
INFO: [Opt 31-138] Pushed 4 inverter(s) to 5 load pin(s).
INFO: [Opt 31-49] Retargeted 0 cell(s).
Phase 3 Retarget | Checksum: 29d6cd355

Time (s): cpu = 00:00:02 ; elapsed = 00:00:00.93 . Memory (MB): peak = 3136.188 ; gain = 0.000 ; free physical = 20067 ; free virtual = 33693
Retarget | Checksum: 29d6cd355
INFO: [Opt 31-389] Phase Retarget created 1027 cells and removed 1151 cells
INFO: [Opt 31-1021] In phase Retarget, 23 netlist objects are constrained preventing optimization. Please run opt_design with -debug_log to get more detail. 

Phase 4 Constant propagation
INFO: [Opt 31-138] Pushed 22 inverter(s) to 49 load pin(s).
Phase 4 Constant propagation | Checksum: 2c26f7977

Time (s): cpu = 00:00:02 ; elapsed = 00:00:01 . Memory (MB): peak = 3136.188 ; gain = 0.000 ; free physical = 20067 ; free virtual = 33693
Constant propagation | Checksum: 2c26f7977
INFO: [Opt 31-389] Phase Constant propagation created 949 cells and removed 3283 cells
INFO: [Opt 31-1021] In phase Constant propagation, 1 netlist objects are constrained preventing optimization. Please run opt_design with -debug_log to get more detail. 

Phase 5 Sweep
INFO: [Constraints 18-11670] Building netlist checker database with flags, 0x8
Done building netlist checker database: Time (s): cpu = 00:00:00.01 ; elapsed = 00:00:00.01 . Memory (MB): peak = 3136.188 ; gain = 0.000 ; free physical = 20067 ; free virtual = 33693
INFO: [Constraints 18-11670] Building netlist checker database with flags, 0x8
Done building netlist checker database: Time (s): cpu = 00:00:00.01 ; elapsed = 00:00:00 . Memory (MB): peak = 3136.188 ; gain = 0.000 ; free physical = 20067 ; free virtual = 33693
Phase 5 Sweep | Checksum: 1c564a3ae

Time (s): cpu = 00:00:03 ; elapsed = 00:00:02 . Memory (MB): peak = 3136.188 ; gain = 0.000 ; free physical = 20067 ; free virtual = 33693
Sweep | Checksum: 1c564a3ae
INFO: [Opt 31-389] Phase Sweep created 1 cells and removed 2422 cells
INFO: [Opt 31-1021] In phase Sweep, 6 netlist objects are constrained preventing optimization. Please run opt_design with -debug_log to get more detail. 

Phase 6 BUFG optimization
INFO: [Opt 31-194] Inserted BUFG System_i/mdm_1/U0/Use_E2.BSCAN_I/Dbg_Update_0_BUFG_inst to drive 40 load(s) on clock net System_i/mdm_1/U0/Use_E2.BSCAN_I/Dbg_Update_0_BUFG
INFO: [Opt 31-193] Inserted 1 BUFG(s) on clock nets
Phase 6 BUFG optimization | Checksum: 1ab3f2fea

Time (s): cpu = 00:00:04 ; elapsed = 00:00:02 . Memory (MB): peak = 3168.203 ; gain = 32.016 ; free physical = 20067 ; free virtual = 33693
BUFG optimization | Checksum: 1ab3f2fea
INFO: [Opt 31-662] Phase BUFG optimization created 1 cells of which 1 are BUFGs and removed 0 cells.

Phase 7 Shift Register Optimization
INFO: [Opt 31-1064] SRL Remap converted 0 SRLs to 0 registers and converted 0 registers of register chains to 0 SRLs
Phase 7 Shift Register Optimization | Checksum: 1ab3f2fea

Time (s): cpu = 00:00:04 ; elapsed = 00:00:02 . Memory (MB): peak = 3168.203 ; gain = 32.016 ; free physical = 20067 ; free virtual = 33693
Shift Register Optimization | Checksum: 1ab3f2fea
INFO: [Opt 31-389] Phase Shift Register Optimization created 0 cells and removed 0 cells

Phase 8 Post Processing Netlist
Phase 8 Post Processing Netlist | Checksum: 1c79697a9

Time (s): cpu = 00:00:04 ; elapsed = 00:00:03 . Memory (MB): peak = 3168.203 ; gain = 32.016 ; free physical = 20067 ; free virtual = 33693
Post Processing Netlist | Checksum: 1c79697a9
INFO: [Opt 31-389] Phase Post Processing Netlist created 0 cells and removed 0 cells
INFO: [Opt 31-1021] In phase Post Processing Netlist, 1 netlist objects are constrained preventing optimization. Please run opt_design with -debug_log to get more detail. 

Phase 9 Finalization

Phase 9.1 Finalizing Design Cores and Updating Shapes
Phase 9.1 Finalizing Design Cores and Updating Shapes | Checksum: 13f257a45

Time (s): cpu = 00:00:04 ; elapsed = 00:00:03 . Memory (MB): peak = 3168.203 ; gain = 32.016 ; free physical = 20067 ; free virtual = 33693

Phase 9.2 Verifying Netlist Connectivity

Starting Connectivity Check Task

Time (s): cpu = 00:00:00.03 ; elapsed = 00:00:00.04 . Memory (MB): peak = 3168.203 ; gain = 0.000 ; free physical = 20067 ; free virtual = 33693
Phase 9.2 Verifying Netlist Connectivity | Checksum: 13f257a45

Time (s): cpu = 00:00:04 ; elapsed = 00:00:03 . Memory (MB): peak = 3168.203 ; gain = 32.016 ; free physical = 20066 ; free virtual = 33693
Phase 9 Finalization | Checksum: 13f257a45

Time (s): cpu = 00:00:04 ; elapsed = 00:00:03 . Memory (MB): peak = 3168.203 ; gain = 32.016 ; free physical = 20066 ; free virtual = 33693
Opt_design Change Summary
=========================


-------------------------------------------------------------------------------------------------------------------------
|  Phase                        |  #Cells created  |  #Cells Removed  |  #Constrained objects preventing optimizations  |
-------------------------------------------------------------------------------------------------------------------------
|  Retarget                     |            1027  |            1151  |                                             23  |
|  Constant propagation         |             949  |            3283  |                                              1  |
|  Sweep                        |               1  |            2422  |                                              6  |
|  BUFG optimization            |               1  |               0  |                                              0  |
|  Shift Register Optimization  |               0  |               0  |                                              0  |
|  Post Processing Netlist      |               0  |               0  |                                              1  |
-------------------------------------------------------------------------------------------------------------------------


Ending Logic Optimization Task | Checksum: 13f257a45

Time (s): cpu = 00:00:04 ; elapsed = 00:00:03 . Memory (MB): peak = 3168.203 ; gain = 32.016 ; free physical = 20066 ; free virtual = 33693

Starting Power Optimization Task
INFO: [Pwropt 34-132] Skipping clock gating for clocks with a period < 2.00 ns.
INFO: [Timing 38-35] Done setting XDC timing constraints.
Running Vector-less Activity Propagation...
INFO: [Pwropt 34-9] Applying IDT optimizations ...
INFO: [Pwropt 34-10] Applying ODC optimizations ...

Finished Running Vector-less Activity Propagation


Starting PowerOpt Patch Enables Task
INFO: [Pwropt 34-162] WRITE_MODE attribute of 0 BRAM(s) out of a total of 43 has been updated to save power. Run report_power_opt to get a complete listing of the BRAMs updated.
INFO: [Pwropt 34-201] Structural ODC has moved 12 WE to EN ports
Number of BRAM Ports augmented: 0 newly gated: 16 Total Ports: 86
Ending PowerOpt Patch Enables Task | Checksum: 165a72246

Time (s): cpu = 00:00:00.13 ; elapsed = 00:00:00.14 . Memory (MB): peak = 3344.262 ; gain = 0.000 ; free physical = 20059 ; free virtual = 33693
Ending Power Optimization Task | Checksum: 165a72246

Time (s): cpu = 00:00:10 ; elapsed = 00:00:04 . Memory (MB): peak = 3344.262 ; gain = 176.059 ; free physical = 20059 ; free virtual = 33693

Starting Final Cleanup Task

Starting Logic Optimization Task
INFO: [Timing 38-35] Done setting XDC timing constraints.
Ending Logic Optimization Task | Checksum: 19b7023ae

Time (s): cpu = 00:00:02 ; elapsed = 00:00:01 . Memory (MB): peak = 3344.262 ; gain = 0.000 ; free physical = 19925 ; free virtual = 33559
Ending Final Cleanup Task | Checksum: 19b7023ae

Time (s): cpu = 00:00:04 ; elapsed = 00:00:03 . Memory (MB): peak = 3344.262 ; gain = 0.000 ; free physical = 19925 ; free virtual = 33559
Netlist sorting complete. Time (s): cpu = 00:00:00.01 ; elapsed = 00:00:00.01 . Memory (MB): peak = 3344.262 ; gain = 0.000 ; free physical = 19925 ; free virtual = 33559
INFO: [Common 17-83] Releasing license: Vivado_Implementation
75 Infos, 61 Warnings, 0 Critical Warnings and 0 Errors encountered.
opt_design completed successfully
opt_design: Time (s): cpu = 00:00:24 ; elapsed = 00:00:13 . Memory (MB): peak = 3344.262 ; gain = 598.930 ; free physical = 19925 ; free virtual = 33559
INFO: [Vivado 12-24828] Executing command : report_drc -file System_wrapper_drc_opted.rpt -pb System_wrapper_drc_opted.pb -rpx System_wrapper_drc_opted.rpx
Command: report_drc -file System_wrapper_drc_opted.rpt -pb System_wrapper_drc_opted.pb -rpx System_wrapper_drc_opted.rpx
INFO: [IP_Flow 19-1839] IP Catalog is up to date.
INFO: [DRC 23-27] Running DRC with 8 threads
INFO: [Vivado_Tcl 2-168] The results of DRC are in file /home/alexander-armitage/Documents/GitHub/AURA-FPGA/Vivado/build/System_Design/System_Design.runs/impl_1/System_wrapper_drc_opted.rpt.
report_drc completed successfully
INFO: [Timing 38-480] Writing timing data to binary archive.
Wrote PlaceDB: Time (s): cpu = 00:00:00 ; elapsed = 00:00:00 . Memory (MB): peak = 3344.262 ; gain = 0.000 ; free physical = 19926 ; free virtual = 33562
Wrote PulsedLatchDB: Time (s): cpu = 00:00:00 ; elapsed = 00:00:00 . Memory (MB): peak = 3344.262 ; gain = 0.000 ; free physical = 19926 ; free virtual = 33562
Writing XDEF routing.
Writing XDEF routing logical nets.
Write ShapeDB Complete: Time (s): cpu = 00:00:00.15 ; elapsed = 00:00:00.04 . Memory (MB): peak = 3344.262 ; gain = 0.000 ; free physical = 19925 ; free virtual = 33563
Writing XDEF routing special nets.
Wrote RouteStorage: Time (s): cpu = 00:00:00.23 ; elapsed = 00:00:00.05 . Memory (MB): peak = 3344.262 ; gain = 0.000 ; free physical = 19925 ; free virtual = 33564
Wrote PlaceStorage: Time (s): cpu = 00:00:00.02 ; elapsed = 00:00:00.01 . Memory (MB): peak = 3344.262 ; gain = 0.000 ; free physical = 19925 ; free virtual = 33564
Wrote Netlist Cache: Time (s): cpu = 00:00:00.01 ; elapsed = 00:00:00 . Memory (MB): peak = 3344.262 ; gain = 0.000 ; free physical = 19925 ; free virtual = 33564
Wrote Device Cache: Time (s): cpu = 00:00:00 ; elapsed = 00:00:00 . Memory (MB): peak = 3344.262 ; gain = 0.000 ; free physical = 19925 ; free virtual = 33565
Write Physdb Complete: Time (s): cpu = 00:00:00.27 ; elapsed = 00:00:00.07 . Memory (MB): peak = 3344.262 ; gain = 0.000 ; free physical = 19925 ; free virtual = 33566
INFO: [Common 17-1381] The checkpoint '/home/alexander-armitage/Documents/GitHub/AURA-FPGA/Vivado/build/System_Design/System_Design.runs/impl_1/System_wrapper_opt.dcp' has been generated.
Command: place_design
Attempting to get a license for feature 'Vivado_Implementation' and/or device 'xc7a35t'
INFO: [Common 17-349] Got license for feature 'Vivado_Implementation' and/or device 'xc7a35t'
INFO: [Common 17-83] Releasing license: Vivado_Implementation
INFO: [Timing 38-35] Done setting XDC timing constraints.
Running DRC as a precondition to command place_design
INFO: [DRC 23-27] Running DRC with 8 threads
INFO: [Vivado_Tcl 4-198] DRC finished with 0 Errors
INFO: [Vivado_Tcl 4-199] Please refer to the DRC report (report_drc) for more information.
INFO: [Place 30-611] Multithreading enabled for place_design using a maximum of 8 CPUs

Starting Placer Task

Phase 1 Placer Initialization

Phase 1.1 Placer Initialization Netlist Sorting
Netlist sorting complete. Time (s): cpu = 00:00:00.01 ; elapsed = 00:00:00.01 . Memory (MB): peak = 3570.391 ; gain = 0.000 ; free physical = 19908 ; free virtual = 33551
Phase 1.1 Placer Initialization Netlist Sorting | Checksum: f90b1fdc

Time (s): cpu = 00:00:00.02 ; elapsed = 00:00:00.02 . Memory (MB): peak = 3570.391 ; gain = 0.000 ; free physical = 19908 ; free virtual = 33551
Netlist sorting complete. Time (s): cpu = 00:00:00.01 ; elapsed = 00:00:00.01 . Memory (MB): peak = 3570.391 ; gain = 0.000 ; free physical = 19908 ; free virtual = 33551

Phase 1.2 IO Placement/ Clock Placement/ Build Placer Device
Phase 1.2 IO Placement/ Clock Placement/ Build Placer Device | Checksum: 160df1d31

Time (s): cpu = 00:00:02 ; elapsed = 00:00:01 . Memory (MB): peak = 3570.391 ; gain = 0.000 ; free physical = 19911 ; free virtual = 33558

Phase 1.3 Build Placer Netlist Model
Phase 1.3 Build Placer Netlist Model | Checksum: 1f6672393

Time (s): cpu = 00:00:09 ; elapsed = 00:00:04 . Memory (MB): peak = 3570.391 ; gain = 0.000 ; free physical = 19917 ; free virtual = 33565

Phase 1.4 Constrain Clocks/Macros
Phase 1.4 Constrain Clocks/Macros | Checksum: 1f6672393

Time (s): cpu = 00:00:09 ; elapsed = 00:00:04 . Memory (MB): peak = 3570.391 ; gain = 0.000 ; free physical = 19917 ; free virtual = 33565
Phase 1 Placer Initialization | Checksum: 1f6672393

Time (s): cpu = 00:00:09 ; elapsed = 00:00:04 . Memory (MB): peak = 3570.391 ; gain = 0.000 ; free physical = 19917 ; free virtual = 33565

Phase 2 Global Placement

Phase 2.1 Floorplanning
Phase 2.1 Floorplanning | Checksum: 24f313468

Time (s): cpu = 00:00:13 ; elapsed = 00:00:05 . Memory (MB): peak = 3570.391 ; gain = 0.000 ; free physical = 19949 ; free virtual = 33597

Phase 2.2 Update Timing before SLR Path Opt
Phase 2.2 Update Timing before SLR Path Opt | Checksum: 1df3ea1d5

Time (s): cpu = 00:00:17 ; elapsed = 00:00:06 . Memory (MB): peak = 3570.391 ; gain = 0.000 ; free physical = 19950 ; free virtual = 33599

Phase 2.3 Post-Processing in Floorplanning
Phase 2.3 Post-Processing in Floorplanning | Checksum: 1df3ea1d5

Time (s): cpu = 00:00:17 ; elapsed = 00:00:06 . Memory (MB): peak = 3570.391 ; gain = 0.000 ; free physical = 19950 ; free virtual = 33599

Phase 2.4 Global Place Phase1
Phase 2.4 Global Place Phase1 | Checksum: 27b405c7f

Time (s): cpu = 00:00:49 ; elapsed = 00:00:14 . Memory (MB): peak = 3570.391 ; gain = 0.000 ; free physical = 19870 ; free virtual = 33520

Phase 2.5 Global Place Phase2

Phase 2.5.1 UpdateTiming Before Physical Synthesis
Phase 2.5.1 UpdateTiming Before Physical Synthesis | Checksum: 289691abd

Time (s): cpu = 00:00:52 ; elapsed = 00:00:15 . Memory (MB): peak = 3570.391 ; gain = 0.000 ; free physical = 19872 ; free virtual = 33521

Phase 2.5.2 Physical Synthesis In Placer
INFO: [Physopt 32-1035] Found 0 LUTNM shape to break, 1446 LUT instances to create LUTNM shape
INFO: [Physopt 32-1044] Break lutnm for timing: one critical 0, two critical 0, total 0, new lutff created 0
INFO: [Physopt 32-1138] End 1 Pass. Optimized 642 nets or LUTs. Breaked 0 LUT, combined 642 existing LUTs and moved 0 existing LUT
INFO: [Physopt 32-65] No nets found for high-fanout optimization.
INFO: [Physopt 32-232] Optimized 0 net. Created 0 new instance.
INFO: [Physopt 32-775] End 1 Pass. Optimized 0 net or cell. Created 0 new cell, deleted 0 existing cell and moved 0 existing cell
INFO: [Physopt 32-670] No setup violation found.  DSP Register Optimization was not performed.
INFO: [Physopt 32-670] No setup violation found.  Shift Register to Pipeline Optimization was not performed.
INFO: [Physopt 32-670] No setup violation found.  Shift Register Optimization was not performed.
INFO: [Physopt 32-670] No setup violation found.  BRAM Register Optimization was not performed.
INFO: [Physopt 32-670] No setup violation found.  URAM Register Optimization was not performed.
INFO: [Physopt 32-949] No candidate nets found for dynamic/static region interface net replication
INFO: [Physopt 32-775] End 1 Pass. Optimized 0 net or cell. Created 0 new cell, deleted 0 existing cell and moved 0 existing cell
Netlist sorting complete. Time (s): cpu = 00:00:00.01 ; elapsed = 00:00:00.01 . Memory (MB): peak = 3570.391 ; gain = 0.000 ; free physical = 19870 ; free virtual = 33521

Summary of Physical Synthesis Optimizations
============================================


-----------------------------------------------------------------------------------------------------------------------------------------------------------
|  Optimization                                     |  Added Cells  |  Removed Cells  |  Optimized Cells/Nets  |  Dont Touch  |  Iterations  |  Elapsed   |
-----------------------------------------------------------------------------------------------------------------------------------------------------------
|  LUT Combining                                    |            0  |            642  |                   642  |           0  |           1  |  00:00:00  |
|  Retime                                           |            0  |              0  |                     0  |           0  |           1  |  00:00:00  |
|  Very High Fanout                                 |            0  |              0  |                     0  |           0  |           1  |  00:00:00  |
|  DSP Register                                     |            0  |              0  |                     0  |           0  |           0  |  00:00:00  |
|  Shift Register to Pipeline                       |            0  |              0  |                     0  |           0  |           0  |  00:00:00  |
|  Shift Register                                   |            0  |              0  |                     0  |           0  |           0  |  00:00:00  |
|  BRAM Register                                    |            0  |              0  |                     0  |           0  |           0  |  00:00:00  |
|  URAM Register                                    |            0  |              0  |                     0  |           0  |           0  |  00:00:00  |
|  Dynamic/Static Region Interface Net Replication  |            0  |              0  |                     0  |           0  |           1  |  00:00:00  |
|  Total                                            |            0  |            642  |                   642  |           0  |           4  |  00:00:00  |
-----------------------------------------------------------------------------------------------------------------------------------------------------------


Phase 2.5.2 Physical Synthesis In Placer | Checksum: 2e03859cb

Time (s): cpu = 00:00:56 ; elapsed = 00:00:17 . Memory (MB): peak = 3570.391 ; gain = 0.000 ; free physical = 19871 ; free virtual = 33523
Phase 2.5 Global Place Phase2 | Checksum: 2d8988cbf

Time (s): cpu = 00:00:58 ; elapsed = 00:00:17 . Memory (MB): peak = 3570.391 ; gain = 0.000 ; free physical = 19870 ; free virtual = 33522
Phase 2 Global Placement | Checksum: 2d8988cbf

Time (s): cpu = 00:00:58 ; elapsed = 00:00:17 . Memory (MB): peak = 3570.391 ; gain = 0.000 ; free physical = 19870 ; free virtual = 33522

Phase 3 Detail Placement

Phase 3.1 Commit Multi Column Macros
Phase 3.1 Commit Multi Column Macros | Checksum: 26c3c8709

Time (s): cpu = 00:01:01 ; elapsed = 00:00:18 . Memory (MB): peak = 3570.391 ; gain = 0.000 ; free physical = 19870 ; free virtual = 33522

Phase 3.2 Commit Most Macros & LUTRAMs
Phase 3.2 Commit Most Macros & LUTRAMs | Checksum: 25e1565fa

Time (s): cpu = 00:01:08 ; elapsed = 00:00:20 . Memory (MB): peak = 3570.391 ; gain = 0.000 ; free physical = 19889 ; free virtual = 33536

Phase 3.3 Area Swap Optimization
Phase 3.3 Area Swap Optimization | Checksum: 2cd532909

Time (s): cpu = 00:01:09 ; elapsed = 00:00:20 . Memory (MB): peak = 3570.391 ; gain = 0.000 ; free physical = 19889 ; free virtual = 33536

Phase 3.4 Pipeline Register Optimization
Phase 3.4 Pipeline Register Optimization | Checksum: 2c14b5e2d

Time (s): cpu = 00:01:09 ; elapsed = 00:00:20 . Memory (MB): peak = 3570.391 ; gain = 0.000 ; free physical = 19889 ; free virtual = 33536

Phase 3.5 Fast Optimization
Phase 3.5 Fast Optimization | Checksum: 2d52a7135

Time (s): cpu = 00:01:18 ; elapsed = 00:00:22 . Memory (MB): peak = 3570.391 ; gain = 0.000 ; free physical = 19899 ; free virtual = 33546

Phase 3.6 Small Shape Detail Placement
Phase 3.6 Small Shape Detail Placement | Checksum: 2e9b00976

Time (s): cpu = 00:01:23 ; elapsed = 00:00:27 . Memory (MB): peak = 3570.391 ; gain = 0.000 ; free physical = 19921 ; free virtual = 33568

Phase 3.7 Re-assign LUT pins
Phase 3.7 Re-assign LUT pins | Checksum: 263a842a4

Time (s): cpu = 00:01:24 ; elapsed = 00:00:27 . Memory (MB): peak = 3570.391 ; gain = 0.000 ; free physical = 19932 ; free virtual = 33580

Phase 3.8 Pipeline Register Optimization
Phase 3.8 Pipeline Register Optimization | Checksum: 2f1a4fc6b

Time (s): cpu = 00:01:24 ; elapsed = 00:00:27 . Memory (MB): peak = 3570.391 ; gain = 0.000 ; free physical = 19932 ; free virtual = 33580
Phase 3 Detail Placement | Checksum: 2f1a4fc6b

Time (s): cpu = 00:01:24 ; elapsed = 00:00:27 . Memory (MB): peak = 3570.391 ; gain = 0.000 ; free physical = 19932 ; free virtual = 33580

Phase 4 Post Placement Optimization and Clean-Up

Phase 4.1 Post Commit Optimization
INFO: [Timing 38-35] Done setting XDC timing constraints.

Phase 4.1.1 Post Placement Optimization
Post Placement Optimization Initialization | Checksum: 3141e7fa7

Phase 4.1.1.1 BUFG Insertion

Starting Physical Synthesis Task

Phase 1 Physical Synthesis Initialization
INFO: [Physopt 32-721] Multithreading enabled for phys_opt_design using a maximum of 8 CPUs
INFO: [Physopt 32-619] Estimated Timing Summary | WNS=-0.091 | TNS=-0.457 |
Phase 1 Physical Synthesis Initialization | Checksum: 24e5447d4

Time (s): cpu = 00:00:01 ; elapsed = 00:00:00.25 . Memory (MB): peak = 3570.391 ; gain = 0.000 ; free physical = 19942 ; free virtual = 33590
INFO: [Place 46-33] Processed net System_i/microblaze_0/U0/MicroBlaze_Core_I/sync_reset, BUFG insertion was skipped due to placement/routing conflicts.
INFO: [Place 46-56] BUFG insertion identified 1 candidate nets. Inserted BUFG: 0, Replicated BUFG Driver: 0, Skipped due to Placement/Routing Conflicts: 1, Skipped due to Timing Degradation: 0, Skipped due to netlist editing failed: 0.
Ending Physical Synthesis Task | Checksum: 2c4f5d60a

Time (s): cpu = 00:00:02 ; elapsed = 00:00:00.43 . Memory (MB): peak = 3570.391 ; gain = 0.000 ; free physical = 19947 ; free virtual = 33594
Phase 4.1.1.1 BUFG Insertion | Checksum: 3141e7fa7

Time (s): cpu = 00:01:34 ; elapsed = 00:00:30 . Memory (MB): peak = 3570.391 ; gain = 0.000 ; free physical = 19947 ; free virtual = 33594

Phase 4.1.1.2 Post Placement Timing Optimization
INFO: [Place 30-746] Post Placement Timing Summary WNS=0.618. For the most accurate timing information please run report_timing.
Phase 4.1.1.2 Post Placement Timing Optimization | Checksum: 187229bea

Time (s): cpu = 00:01:36 ; elapsed = 00:00:31 . Memory (MB): peak = 3570.391 ; gain = 0.000 ; free physical = 19950 ; free virtual = 33598

Time (s): cpu = 00:01:36 ; elapsed = 00:00:31 . Memory (MB): peak = 3570.391 ; gain = 0.000 ; free physical = 19950 ; free virtual = 33598
Phase 4.1 Post Commit Optimization | Checksum: 187229bea

Time (s): cpu = 00:01:36 ; elapsed = 00:00:31 . Memory (MB): peak = 3570.391 ; gain = 0.000 ; free physical = 19950 ; free virtual = 33598

Phase 4.2 Post Placement Cleanup
Phase 4.2 Post Placement Cleanup | Checksum: 187229bea

Time (s): cpu = 00:01:36 ; elapsed = 00:00:32 . Memory (MB): peak = 3570.391 ; gain = 0.000 ; free physical = 19950 ; free virtual = 33598

Phase 4.3 Placer Reporting

Phase 4.3.1 Print Estimated Congestion
INFO: [Place 30-612] Post-Placement Estimated Congestion 
 ____________________________________________________
|           | Global Congestion | Short Congestion  |
| Direction | Region Size       | Region Size       |
|___________|___________________|___________________|
|      North|                1x1|                4x4|
|___________|___________________|___________________|
|      South|                1x1|                2x2|
|___________|___________________|___________________|
|       East|                1x1|                4x4|
|___________|___________________|___________________|
|       West|                1x1|                1x1|
|___________|___________________|___________________|

Phase 4.3.1 Print Estimated Congestion | Checksum: 187229bea

Time (s): cpu = 00:01:37 ; elapsed = 00:00:32 . Memory (MB): peak = 3570.391 ; gain = 0.000 ; free physical = 19950 ; free virtual = 33598
Phase 4.3 Placer Reporting | Checksum: 187229bea

Time (s): cpu = 00:01:37 ; elapsed = 00:00:32 . Memory (MB): peak = 3570.391 ; gain = 0.000 ; free physical = 19950 ; free virtual = 33598

Phase 4.4 Final Placement Cleanup
Netlist sorting complete. Time (s): cpu = 00:00:00.01 ; elapsed = 00:00:00.01 . Memory (MB): peak = 3570.391 ; gain = 0.000 ; free physical = 19950 ; free virtual = 33598

Time (s): cpu = 00:01:37 ; elapsed = 00:00:32 . Memory (MB): peak = 3570.391 ; gain = 0.000 ; free physical = 19950 ; free virtual = 33598
Phase 4 Post Placement Optimization and Clean-Up | Checksum: 183470ab9

Time (s): cpu = 00:01:37 ; elapsed = 00:00:32 . Memory (MB): peak = 3570.391 ; gain = 0.000 ; free physical = 19951 ; free virtual = 33599
Ending Placer Task | Checksum: 1738b6557

Time (s): cpu = 00:01:37 ; elapsed = 00:00:32 . Memory (MB): peak = 3570.391 ; gain = 0.000 ; free physical = 19951 ; free virtual = 33599
108 Infos, 61 Warnings, 0 Critical Warnings and 0 Errors encountered.
place_design completed successfully
place_design: Time (s): cpu = 00:01:42 ; elapsed = 00:00:34 . Memory (MB): peak = 3570.391 ; gain = 226.129 ; free physical = 19951 ; free virtual = 33599
INFO: [Vivado 12-24838] Running report commands "report_control_sets, report_io, report_utilization" in parallel.
Running report generation with 3 threads.
INFO: [Vivado 12-24828] Executing command : report_io -file System_wrapper_io_placed.rpt
report_io: Time (s): cpu = 00:00:00.21 ; elapsed = 00:00:00.13 . Memory (MB): peak = 3570.391 ; gain = 0.000 ; free physical = 19924 ; free virtual = 33572
INFO: [Vivado 12-24828] Executing command : report_control_sets -verbose -file System_wrapper_control_sets_placed.rpt
report_control_sets: Time (s): cpu = 00:00:00.26 ; elapsed = 00:00:00.17 . Memory (MB): peak = 3570.391 ; gain = 0.000 ; free physical = 19937 ; free virtual = 33586
INFO: [Vivado 12-24828] Executing command : report_utilization -file System_wrapper_utilization_placed.rpt -pb System_wrapper_utilization_placed.pb
INFO: [Timing 38-480] Writing timing data to binary archive.
Wrote PlaceDB: Time (s): cpu = 00:00:00 ; elapsed = 00:00:00 . Memory (MB): peak = 3570.391 ; gain = 0.000 ; free physical = 19936 ; free virtual = 33585
Wrote PulsedLatchDB: Time (s): cpu = 00:00:00 ; elapsed = 00:00:00 . Memory (MB): peak = 3570.391 ; gain = 0.000 ; free physical = 19936 ; free virtual = 33585
Writing XDEF routing.
Writing XDEF routing logical nets.
Writing XDEF routing special nets.
Wrote RouteStorage: Time (s): cpu = 00:00:00.2 ; elapsed = 00:00:00.04 . Memory (MB): peak = 3570.391 ; gain = 0.000 ; free physical = 19936 ; free virtual = 33586
Write ShapeDB Complete: Time (s): cpu = 00:00:00.25 ; elapsed = 00:00:00.05 . Memory (MB): peak = 3570.391 ; gain = 0.000 ; free physical = 19935 ; free virtual = 33589
Wrote PlaceStorage: Time (s): cpu = 00:00:01 ; elapsed = 00:00:00.46 . Memory (MB): peak = 3570.391 ; gain = 0.000 ; free physical = 19903 ; free virtual = 33580
Wrote Netlist Cache: Time (s): cpu = 00:00:00.05 ; elapsed = 00:00:00.02 . Memory (MB): peak = 3570.391 ; gain = 0.000 ; free physical = 19896 ; free virtual = 33575
Wrote Device Cache: Time (s): cpu = 00:00:00.01 ; elapsed = 00:00:00 . Memory (MB): peak = 3570.391 ; gain = 0.000 ; free physical = 19896 ; free virtual = 33575
Write Physdb Complete: Time (s): cpu = 00:00:02 ; elapsed = 00:00:00.53 . Memory (MB): peak = 3570.391 ; gain = 0.000 ; free physical = 19896 ; free virtual = 33575
INFO: [Common 17-1381] The checkpoint '/home/alexander-armitage/Documents/GitHub/AURA-FPGA/Vivado/build/System_Design/System_Design.runs/impl_1/System_wrapper_placed.dcp' has been generated.
Command: phys_opt_design
Attempting to get a license for feature 'Vivado_Implementation' and/or device 'xc7a35t'
INFO: [Common 17-349] Got license for feature 'Vivado_Implementation' and/or device 'xc7a35t'

Starting Initial Update Timing Task

Time (s): cpu = 00:00:08 ; elapsed = 00:00:02 . Memory (MB): peak = 3570.391 ; gain = 0.000 ; free physical = 19925 ; free virtual = 33585
INFO: [Vivado_Tcl 4-2279] Estimated Timing Summary | WNS= 0.618 | TNS= 0.000 | 
INFO: [Vivado_Tcl 4-383] Design worst setup slack (WNS) is greater than or equal to 0.000 ns. All physical synthesis setup optimizations will be skipped.
INFO: [Vivado_Tcl 4-232] No setup violation found. The netlist was not modified.
INFO: [Common 17-83] Releasing license: Vivado_Implementation
119 Infos, 61 Warnings, 0 Critical Warnings and 0 Errors encountered.
phys_opt_design completed successfully
INFO: [Timing 38-480] Writing timing data to binary archive.
Wrote PlaceDB: Time (s): cpu = 00:00:00 ; elapsed = 00:00:00 . Memory (MB): peak = 3570.391 ; gain = 0.000 ; free physical = 19925 ; free virtual = 33585
Wrote PulsedLatchDB: Time (s): cpu = 00:00:00 ; elapsed = 00:00:00 . Memory (MB): peak = 3570.391 ; gain = 0.000 ; free physical = 19925 ; free virtual = 33585
Writing XDEF routing.
Writing XDEF routing logical nets.
Writing XDEF routing special nets.
Wrote RouteStorage: Time (s): cpu = 00:00:00.25 ; elapsed = 00:00:00.05 . Memory (MB): peak = 3570.391 ; gain = 0.000 ; free physical = 19924 ; free virtual = 33585
Write ShapeDB Complete: Time (s): cpu = 00:00:00.4 ; elapsed = 00:00:00.08 . Memory (MB): peak = 3570.391 ; gain = 0.000 ; free physical = 19921 ; free virtual = 33588
Wrote PlaceStorage: Time (s): cpu = 00:00:02 ; elapsed = 00:00:00.57 . Memory (MB): peak = 3570.391 ; gain = 0.000 ; free physical = 19904 ; free virtual = 33591
Wrote Netlist Cache: Time (s): cpu = 00:00:00.06 ; elapsed = 00:00:00.02 . Memory (MB): peak = 3570.391 ; gain = 0.000 ; free physical = 19904 ; free virtual = 33594
Wrote Device Cache: Time (s): cpu = 00:00:00.01 ; elapsed = 00:00:00 . Memory (MB): peak = 3570.391 ; gain = 0.000 ; free physical = 19896 ; free virtual = 33587
Write Physdb Complete: Time (s): cpu = 00:00:02 ; elapsed = 00:00:00.65 . Memory (MB): peak = 3570.391 ; gain = 0.000 ; free physical = 19896 ; free virtual = 33587
INFO: [Common 17-1381] The checkpoint '/home/alexander-armitage/Documents/GitHub/AURA-FPGA/Vivado/build/System_Design/System_Design.runs/impl_1/System_wrapper_physopt.dcp' has been generated.
Command: route_design
Attempting to get a license for feature 'Vivado_Implementation' and/or device 'xc7a35t'
INFO: [Common 17-349] Got license for feature 'Vivado_Implementation' and/or device 'xc7a35t'


Starting Routing Task
INFO: [Route 35-254] Multithreading enabled for route_design using a maximum of 8 CPUs

Phase 1 Build RT Design
Checksum: PlaceDB: 17ba03f9 ConstDB: 0 ShapeSum: bb500507 RouteDB: a0815c57
Post Restoration Checksum: NetGraph: 44debc2c | NumContArr: d35a5a36 | Constraints: c2a8fa9d | Timing: c2a8fa9d
Phase 1 Build RT Design | Checksum: 29d8b0b9c

Time (s): cpu = 00:00:18 ; elapsed = 00:00:11 . Memory (MB): peak = 3570.391 ; gain = 0.000 ; free physical = 19936 ; free virtual = 33608

Phase 2 Router Initialization

Phase 2.1 Fix Topology Constraints
Phase 2.1 Fix Topology Constraints | Checksum: 29d8b0b9c

Time (s): cpu = 00:00:19 ; elapsed = 00:00:11 . Memory (MB): peak = 3570.391 ; gain = 0.000 ; free physical = 19935 ; free virtual = 33608

Phase 2.2 Pre Route Cleanup
Phase 2.2 Pre Route Cleanup | Checksum: 29d8b0b9c

Time (s): cpu = 00:00:19 ; elapsed = 00:00:11 . Memory (MB): peak = 3570.391 ; gain = 0.000 ; free physical = 19935 ; free virtual = 33608
 Number of Nodes with overlaps = 0

Phase 2.3 Update Timing
Phase 2.3 Update Timing | Checksum: 1e5248c41

Time (s): cpu = 00:00:28 ; elapsed = 00:00:14 . Memory (MB): peak = 3570.391 ; gain = 0.000 ; free physical = 19934 ; free virtual = 33608
INFO: [Route 35-416] Intermediate Timing Summary | WNS=0.786  | TNS=0.000  | WHS=-1.326 | THS=-718.344|


Phase 2.4 Update Timing for Bus Skew

Phase 2.4.1 Update Timing
Phase 2.4.1 Update Timing | Checksum: 230fe105d

Time (s): cpu = 00:00:38 ; elapsed = 00:00:16 . Memory (MB): peak = 3570.391 ; gain = 0.000 ; free physical = 19938 ; free virtual = 33612
INFO: [Route 35-416] Intermediate Timing Summary | WNS=0.786  | TNS=0.000  | WHS=-1.891 | THS=-31.195|

Phase 2.4 Update Timing for Bus Skew | Checksum: 1e73e9625

Time (s): cpu = 00:00:38 ; elapsed = 00:00:16 . Memory (MB): peak = 3570.391 ; gain = 0.000 ; free physical = 19938 ; free virtual = 33615

Phase 2.5 Soft Constraint Pins - Fast Budgeting
Phase 2.5 Soft Constraint Pins - Fast Budgeting | Checksum: 1e73e9625

Time (s): cpu = 00:00:38 ; elapsed = 00:00:16 . Memory (MB): peak = 3570.391 ; gain = 0.000 ; free physical = 19938 ; free virtual = 33615

Router Utilization Summary
  Global Vertical Routing Utilization    = 0.00334848 %
  Global Horizontal Routing Utilization  = 0.000650703 %
  Routable Net Status*
  *Does not include unroutable nets such as driverless and loadless.
  Run report_route_status for detailed report.
  Number of Failed Nets               = 25099
    (Failed Nets is the sum of unrouted and partially routed nets)
  Number of Unrouted Nets             = 25098
  Number of Partially Routed Nets     = 1
  Number of Node Overlaps             = 0

Phase 2 Router Initialization | Checksum: 259bd21e6

Time (s): cpu = 00:00:39 ; elapsed = 00:00:16 . Memory (MB): peak = 3570.391 ; gain = 0.000 ; free physical = 19939 ; free virtual = 33615

Phase 3 Global Routing
Phase 3 Global Routing | Checksum: 259bd21e6

Time (s): cpu = 00:00:39 ; elapsed = 00:00:16 . Memory (MB): peak = 3570.391 ; gain = 0.000 ; free physical = 19939 ; free virtual = 33615

Phase 4 Initial Routing

Phase 4.1 Initial Net Routing Pass
Phase 4.1 Initial Net Routing Pass | Checksum: 2eeeef3e8

Time (s): cpu = 00:00:49 ; elapsed = 00:00:18 . Memory (MB): peak = 3570.391 ; gain = 0.000 ; free physical = 19931 ; free virtual = 33608
Phase 4 Initial Routing | Checksum: 2eeeef3e8

Time (s): cpu = 00:00:49 ; elapsed = 00:00:18 . Memory (MB): peak = 3570.391 ; gain = 0.000 ; free physical = 19931 ; free virtual = 33608

Phase 5 Rip-up And Reroute

Phase 5.1 Global Iteration 0
 Number of Nodes with overlaps = 2854
 Number of Nodes with overlaps = 279
 Number of Nodes with overlaps = 58
 Number of Nodes with overlaps = 18
 Number of Nodes with overlaps = 7
 Number of Nodes with overlaps = 5
 Number of Nodes with overlaps = 1
 Number of Nodes with overlaps = 0
INFO: [Route 35-416] Intermediate Timing Summary | WNS=0.460  | TNS=0.000  | WHS=N/A    | THS=N/A    |

Phase 5.1 Global Iteration 0 | Checksum: 28e368090

Time (s): cpu = 00:01:07 ; elapsed = 00:00:28 . Memory (MB): peak = 3570.391 ; gain = 0.000 ; free physical = 19938 ; free virtual = 33614
Phase 5 Rip-up And Reroute | Checksum: 28e368090

Time (s): cpu = 00:01:07 ; elapsed = 00:00:28 . Memory (MB): peak = 3570.391 ; gain = 0.000 ; free physical = 19938 ; free virtual = 33614

Phase 6 Delay and Skew Optimization

Phase 6.1 Delay CleanUp

Phase 6.1.1 Update Timing
Phase 6.1.1 Update Timing | Checksum: 2fd6610e5

Time (s): cpu = 00:01:09 ; elapsed = 00:00:28 . Memory (MB): peak = 3570.391 ; gain = 0.000 ; free physical = 19938 ; free virtual = 33615
INFO: [Route 35-416] Intermediate Timing Summary | WNS=0.545  | TNS=0.000  | WHS=N/A    | THS=N/A    |

Phase 6.1 Delay CleanUp | Checksum: 28be5a426

Time (s): cpu = 00:01:09 ; elapsed = 00:00:28 . Memory (MB): peak = 3570.391 ; gain = 0.000 ; free physical = 19938 ; free virtual = 33615

Phase 6.2 Clock Skew Optimization
Phase 6.2 Clock Skew Optimization | Checksum: 28be5a426

Time (s): cpu = 00:01:09 ; elapsed = 00:00:28 . Memory (MB): peak = 3570.391 ; gain = 0.000 ; free physical = 19938 ; free virtual = 33615
Phase 6 Delay and Skew Optimization | Checksum: 28be5a426

Time (s): cpu = 00:01:09 ; elapsed = 00:00:28 . Memory (MB): peak = 3570.391 ; gain = 0.000 ; free physical = 19938 ; free virtual = 33615

Phase 7 Post Hold Fix

Phase 7.1 Hold Fix Iter
INFO: [Route 35-416] Intermediate Timing Summary | WNS=0.545  | TNS=0.000  | WHS=0.056  | THS=0.000  |

Phase 7.1 Hold Fix Iter | Checksum: 29bc453e9

Time (s): cpu = 00:01:11 ; elapsed = 00:00:28 . Memory (MB): peak = 3570.391 ; gain = 0.000 ; free physical = 19938 ; free virtual = 33615
Phase 7 Post Hold Fix | Checksum: 29bc453e9

Time (s): cpu = 00:01:11 ; elapsed = 00:00:28 . Memory (MB): peak = 3570.391 ; gain = 0.000 ; free physical = 19938 ; free virtual = 33615

Phase 8 Route finalize

Router Utilization Summary
  Global Vertical Routing Utilization    = 8.77844 %
  Global Horizontal Routing Utilization  = 10.892 %
  Routable Net Status*
  *Does not include unroutable nets such as driverless and loadless.
  Run report_route_status for detailed report.
  Number of Failed Nets               = 0
    (Failed Nets is the sum of unrouted and partially routed nets)
  Number of Unrouted Nets             = 0
  Number of Partially Routed Nets     = 0
  Number of Node Overlaps             = 0

Phase 8 Route finalize | Checksum: 29bc453e9

Time (s): cpu = 00:01:12 ; elapsed = 00:00:29 . Memory (MB): peak = 3570.391 ; gain = 0.000 ; free physical = 19938 ; free virtual = 33615

Phase 9 Verifying routed nets

 Verification completed successfully
Phase 9 Verifying routed nets | Checksum: 29bc453e9

Time (s): cpu = 00:01:12 ; elapsed = 00:00:29 . Memory (MB): peak = 3570.391 ; gain = 0.000 ; free physical = 19937 ; free virtual = 33614

Phase 10 Depositing Routes
Phase 10 Depositing Routes | Checksum: 253b92550

Time (s): cpu = 00:01:13 ; elapsed = 00:00:30 . Memory (MB): peak = 3570.391 ; gain = 0.000 ; free physical = 19937 ; free virtual = 33614

Phase 11 Post Process Routing
Phase 11 Post Process Routing | Checksum: 253b92550

Time (s): cpu = 00:01:14 ; elapsed = 00:00:30 . Memory (MB): peak = 3570.391 ; gain = 0.000 ; free physical = 19937 ; free virtual = 33614

Phase 12 Post Router Timing
INFO: [Route 35-57] Estimated Timing Summary | WNS=0.545  | TNS=0.000  | WHS=0.056  | THS=0.000  |

INFO: [Route 35-327] The final timing numbers are based on the router estimated timing analysis. For a complete and accurate timing signoff, please run report_timing_summary.
Phase 12 Post Router Timing | Checksum: 253b92550

Time (s): cpu = 00:01:14 ; elapsed = 00:00:30 . Memory (MB): peak = 3570.391 ; gain = 0.000 ; free physical = 19937 ; free virtual = 33614
Total Elapsed time in route_design: 29.64 secs

Phase 13 Post-Route Event Processing
Phase 13 Post-Route Event Processing | Checksum: 1580dcb97

Time (s): cpu = 00:01:14 ; elapsed = 00:00:30 . Memory (MB): peak = 3570.391 ; gain = 0.000 ; free physical = 19937 ; free virtual = 33614
INFO: [Route 35-16] Router Completed Successfully
Ending Routing Task | Checksum: 1580dcb97

Time (s): cpu = 00:01:14 ; elapsed = 00:00:30 . Memory (MB): peak = 3570.391 ; gain = 0.000 ; free physical = 19936 ; free virtual = 33613

Routing Is Done.
INFO: [Common 17-83] Releasing license: Vivado_Implementation
132 Infos, 61 Warnings, 0 Critical Warnings and 0 Errors encountered.
route_design completed successfully
route_design: Time (s): cpu = 00:01:14 ; elapsed = 00:00:30 . Memory (MB): peak = 3570.391 ; gain = 0.000 ; free physical = 19936 ; free virtual = 33613
INFO: [Vivado 12-24828] Executing command : report_drc -file System_wrapper_drc_routed.rpt -pb System_wrapper_drc_routed.pb -rpx System_wrapper_drc_routed.rpx
Command: report_drc -file System_wrapper_drc_routed.rpt -pb System_wrapper_drc_routed.pb -rpx System_wrapper_drc_routed.rpx
INFO: [IP_Flow 19-1839] IP Catalog is up to date.
INFO: [DRC 23-27] Running DRC with 8 threads
INFO: [Vivado_Tcl 2-168] The results of DRC are in file /home/alexander-armitage/Documents/GitHub/AURA-FPGA/Vivado/build/System_Design/System_Design.runs/impl_1/System_wrapper_drc_routed.rpt.
report_drc completed successfully
INFO: [Vivado 12-24828] Executing command : report_methodology -file System_wrapper_methodology_drc_routed.rpt -pb System_wrapper_methodology_drc_routed.pb -rpx System_wrapper_methodology_drc_routed.rpx
Command: report_methodology -file System_wrapper_methodology_drc_routed.rpt -pb System_wrapper_methodology_drc_routed.pb -rpx System_wrapper_methodology_drc_routed.rpx
INFO: [Timing 38-35] Done setting XDC timing constraints.
INFO: [DRC 23-133] Running Methodology with 8 threads
INFO: [Vivado_Tcl 2-1520] The results of Report Methodology are in file /home/alexander-armitage/Documents/GitHub/AURA-FPGA/Vivado/build/System_Design/System_Design.runs/impl_1/System_wrapper_methodology_drc_routed.rpt.
report_methodology completed successfully
INFO: [Vivado 12-24828] Executing command : report_timing_summary -max_paths 10 -routable_nets -report_unconstrained -file System_wrapper_timing_summary_routed.rpt -pb System_wrapper_timing_summary_routed.pb -rpx System_wrapper_timing_summary_routed.rpx -warn_on_violation 
INFO: [Timing 38-35] Done setting XDC timing constraints.
INFO: [Timing 38-91] UpdateTimingParams: Speed grade: -2, Delay Type: min_max.
INFO: [Timing 38-191] Multithreading enabled for timing update using a maximum of 8 CPUs
WARNING: [Timing 38-436] There are set_bus_skew constraint(s) in this design. Please run report_bus_skew to ensure that bus skew requirements are met.
INFO: [Vivado 12-24838] Running report commands "report_bus_skew, report_incremental_reuse, report_route_status" in parallel.
Running report generation with 3 threads.
INFO: [Vivado 12-24828] Executing command : report_incremental_reuse -file System_wrapper_incremental_reuse_routed.rpt
INFO: [Vivado_Tcl 4-1062] Incremental flow is disabled. No incremental reuse Info to report.
INFO: [Vivado 12-24828] Executing command : report_bus_skew -warn_on_violation -file System_wrapper_bus_skew_routed.rpt -pb System_wrapper_bus_skew_routed.pb -rpx System_wrapper_bus_skew_routed.rpx
INFO: [Timing 38-91] UpdateTimingParams: Speed grade: -2, Delay Type: min_max.
INFO: [Timing 38-191] Multithreading enabled for timing update using a maximum of 8 CPUs
INFO: [Vivado 12-24828] Executing command : report_route_status -file System_wrapper_route_status.rpt -pb System_wrapper_route_status.pb
INFO: [Vivado 12-24828] Executing command : report_power -file System_wrapper_power_routed.rpt -pb System_wrapper_power_summary_routed.pb -rpx System_wrapper_power_routed.rpx
Command: report_power -file System_wrapper_power_routed.rpt -pb System_wrapper_power_summary_routed.pb -rpx System_wrapper_power_routed.rpx
Running Vector-less Activity Propagation...

Finished Running Vector-less Activity Propagation
WARNING: [Power 33-332] Found switching activity that implies high-fanout reset nets being asserted for excessive periods of time which may result in inaccurate power analysis.
Resolution: To review and fix problems, please run Power Constraints Advisor in the GUI from Tools > Power Constraints Advisor or run report_power with the -advisory option to generate a text report.
152 Infos, 63 Warnings, 0 Critical Warnings and 0 Errors encountered.
report_power completed successfully
INFO: [Vivado 12-24828] Executing command : report_clock_utilization -file System_wrapper_clock_utilization_routed.rpt
generate_parallel_reports: Time (s): cpu = 00:00:52 ; elapsed = 00:00:14 . Memory (MB): peak = 3570.391 ; gain = 0.000 ; free physical = 19880 ; free virtual = 33584
INFO: [Timing 38-480] Writing timing data to binary archive.
Wrote PlaceDB: Time (s): cpu = 00:00:00 ; elapsed = 00:00:00 . Memory (MB): peak = 3570.391 ; gain = 0.000 ; free physical = 19880 ; free virtual = 33584
Wrote PulsedLatchDB: Time (s): cpu = 00:00:00 ; elapsed = 00:00:00 . Memory (MB): peak = 3570.391 ; gain = 0.000 ; free physical = 19880 ; free virtual = 33584
Writing XDEF routing.
Writing XDEF routing logical nets.
Write ShapeDB Complete: Time (s): cpu = 00:00:00.34 ; elapsed = 00:00:00.06 . Memory (MB): peak = 3570.391 ; gain = 0.000 ; free physical = 19868 ; free virtual = 33579
Writing XDEF routing special nets.
Wrote RouteStorage: Time (s): cpu = 00:00:00.98 ; elapsed = 00:00:00.19 . Memory (MB): peak = 3570.391 ; gain = 0.000 ; free physical = 19864 ; free virtual = 33582
Wrote PlaceStorage: Time (s): cpu = 00:00:01 ; elapsed = 00:00:00.42 . Memory (MB): peak = 3570.391 ; gain = 0.000 ; free physical = 19842 ; free virtual = 33579
Wrote Netlist Cache: Time (s): cpu = 00:00:00.04 ; elapsed = 00:00:00.02 . Memory (MB): peak = 3570.391 ; gain = 0.000 ; free physical = 19842 ; free virtual = 33582
Wrote Device Cache: Time (s): cpu = 00:00:00.01 ; elapsed = 00:00:00 . Memory (MB): peak = 3570.391 ; gain = 0.000 ; free physical = 19842 ; free virtual = 33582
Write Physdb Complete: Time (s): cpu = 00:00:02 ; elapsed = 00:00:00.64 . Memory (MB): peak = 3570.391 ; gain = 0.000 ; free physical = 19842 ; free virtual = 33582
INFO: [Common 17-1381] The checkpoint '/home/alexander-armitage/Documents/GitHub/AURA-FPGA/Vivado/build/System_Design/System_Design.runs/impl_1/System_wrapper_routed.dcp' has been generated.
INFO: [Memdata 28-167] Found XPM memory block System_i/axi_quad_spi_0/U0/NO_DUAL_QUAD_MODE.QSPI_NORMAL/QSPI_LEGACY_MD_GEN.QSPI_CORE_INTERFACE_I/FIFO_EXISTS.TX_FIFO_II/gnuram_async_fifo.xpm_fifo_base_inst/gen_sdpram.xpm_memory_base_inst with a P_MEMORY_PRIMITIVE property set to auto. A value of block is required. You will not be able to use the updatemem program to update the bitstream with new data for the System_i/axi_quad_spi_0/U0/NO_DUAL_QUAD_MODE.QSPI_NORMAL/QSPI_LEGACY_MD_GEN.QSPI_CORE_INTERFACE_I/FIFO_EXISTS.TX_FIFO_II/gnuram_async_fifo.xpm_fifo_base_inst/gen_sdpram.xpm_memory_base_inst block.
INFO: [Memdata 28-167] Found XPM memory block System_i/axi_quad_spi_0/U0/NO_DUAL_QUAD_MODE.QSPI_NORMAL/QSPI_LEGACY_MD_GEN.QSPI_CORE_INTERFACE_I/FIFO_EXISTS.RX_FIFO_II/gnuram_async_fifo.xpm_fifo_base_inst/gen_sdpram.xpm_memory_base_inst with a P_MEMORY_PRIMITIVE property set to auto. A value of block is required. You will not be able to use the updatemem program to update the bitstream with new data for the System_i/axi_quad_spi_0/U0/NO_DUAL_QUAD_MODE.QSPI_NORMAL/QSPI_LEGACY_MD_GEN.QSPI_CORE_INTERFACE_I/FIFO_EXISTS.RX_FIFO_II/gnuram_async_fifo.xpm_fifo_base_inst/gen_sdpram.xpm_memory_base_inst block.
INFO: [Memdata 28-208] The XPM instance: <System_i/axi_ethernetlite_1/U0/XEMAC_I/TX_PONG_GEN.TX_PONG_I/xpm_mem_gen.xpm_memory_inst_2/xpm_memory_base_inst> is part of IP: <System_i/axi_ethernetlite_1>. This XPM instance will be excluded from the .mmi because updatemem is prohibited from making changes to an XPM that is part of an IP.
INFO: [Memdata 28-208] The XPM instance: <System_i/axi_ethernetlite_1/U0/XEMAC_I/TX_PONG_GEN.TX_PONG_I/xpm_mem_gen.xpm_memory_inst_1/xpm_memory_base_inst> is part of IP: <System_i/axi_ethernetlite_1>. This XPM instance will be excluded from the .mmi because updatemem is prohibited from making changes to an XPM that is part of an IP.
INFO: [Memdata 28-208] The XPM instance: <System_i/axi_ethernetlite_1/U0/XEMAC_I/TX_PING/xpm_mem_gen.xpm_memory_inst_2/xpm_memory_base_inst> is part of IP: <System_i/axi_ethernetlite_1>. This XPM instance will be excluded from the .mmi because updatemem is prohibited from making changes to an XPM that is part of an IP.
INFO: [Memdata 28-208] The XPM instance: <System_i/axi_ethernetlite_1/U0/XEMAC_I/TX_PING/xpm_mem_gen.xpm_memory_inst_1/xpm_memory_base_inst> is part of IP: <System_i/axi_ethernetlite_1>. This XPM instance will be excluded from the .mmi because updatemem is prohibited from making changes to an XPM that is part of an IP.
INFO: [Memdata 28-208] The XPM instance: <System_i/axi_ethernetlite_1/U0/XEMAC_I/RX_PONG_GEN.RX_PONG_I/xpm_mem_gen.xpm_memory_inst_2/xpm_memory_base_inst> is part of IP: <System_i/axi_ethernetlite_1>. This XPM instance will be excluded from the .mmi because updatemem is prohibited from making changes to an XPM that is part of an IP.
INFO: [Memdata 28-208] The XPM instance: <System_i/axi_ethernetlite_1/U0/XEMAC_I/RX_PONG_GEN.RX_PONG_I/xpm_mem_gen.xpm_memory_inst_1/xpm_memory_base_inst> is part of IP: <System_i/axi_ethernetlite_1>. This XPM instance will be excluded from the .mmi because updatemem is prohibited from making changes to an XPM that is part of an IP.
INFO: [Memdata 28-208] The XPM instance: <System_i/axi_ethernetlite_1/U0/XEMAC_I/RX_PING/xpm_mem_gen.xpm_memory_inst_2/xpm_memory_base_inst> is part of IP: <System_i/axi_ethernetlite_1>. This XPM instance will be excluded from the .mmi because updatemem is prohibited from making changes to an XPM that is part of an IP.
INFO: [Memdata 28-208] The XPM instance: <System_i/axi_ethernetlite_1/U0/XEMAC_I/RX_PING/xpm_mem_gen.xpm_memory_inst_1/xpm_memory_base_inst> is part of IP: <System_i/axi_ethernetlite_1>. This XPM instance will be excluded from the .mmi because updatemem is prohibited from making changes to an XPM that is part of an IP.
INFO: [Memdata 28-167] Found XPM memory block System_i/axi_ethernetlite_1/U0/XEMAC_I/EMAC_I/TX/INST_TX_INTRFCE/I_TX_FIFO/gnuram_async_fifo.xpm_fifo_base_inst/gen_sdpram.xpm_memory_base_inst with a P_MEMORY_PRIMITIVE property set to auto. A value of block is required. You will not be able to use the updatemem program to update the bitstream with new data for the System_i/axi_ethernetlite_1/U0/XEMAC_I/EMAC_I/TX/INST_TX_INTRFCE/I_TX_FIFO/gnuram_async_fifo.xpm_fifo_base_inst/gen_sdpram.xpm_memory_base_inst block.
INFO: [Memdata 28-167] Found XPM memory block System_i/axi_ethernetlite_1/U0/XEMAC_I/EMAC_I/RX/INST_RX_INTRFCE/I_RX_FIFO/gnuram_async_fifo.xpm_fifo_base_inst/gen_sdpram.xpm_memory_base_inst with a P_MEMORY_PRIMITIVE property set to auto. A value of block is required. You will not be able to use the updatemem program to update the bitstream with new data for the System_i/axi_ethernetlite_1/U0/XEMAC_I/EMAC_I/RX/INST_RX_INTRFCE/I_RX_FIFO/gnuram_async_fifo.xpm_fifo_base_inst/gen_sdpram.xpm_memory_base_inst block.
INFO: [Memdata 28-208] The XPM instance: <System_i/axi_ethernetlite_0/U0/XEMAC_I/TX_PONG_GEN.TX_PONG_I/xpm_mem_gen.xpm_memory_inst_2/xpm_memory_base_inst> is part of IP: <System_i/axi_ethernetlite_0>. This XPM instance will be excluded from the .mmi because updatemem is prohibited from making changes to an XPM that is part of an IP.
INFO: [Memdata 28-208] The XPM instance: <System_i/axi_ethernetlite_0/U0/XEMAC_I/TX_PONG_GEN.TX_PONG_I/xpm_mem_gen.xpm_memory_inst_1/xpm_memory_base_inst> is part of IP: <System_i/axi_ethernetlite_0>. This XPM instance will be excluded from the .mmi because updatemem is prohibited from making changes to an XPM that is part of an IP.
INFO: [Memdata 28-208] The XPM instance: <System_i/axi_ethernetlite_0/U0/XEMAC_I/TX_PING/xpm_mem_gen.xpm_memory_inst_2/xpm_memory_base_inst> is part of IP: <System_i/axi_ethernetlite_0>. This XPM instance will be excluded from the .mmi because updatemem is prohibited from making changes to an XPM that is part of an IP.
INFO: [Memdata 28-208] The XPM instance: <System_i/axi_ethernetlite_0/U0/XEMAC_I/TX_PING/xpm_mem_gen.xpm_memory_inst_1/xpm_memory_base_inst> is part of IP: <System_i/axi_ethernetlite_0>. This XPM instance will be excluded from the .mmi because updatemem is prohibited from making changes to an XPM that is part of an IP.
INFO: [Memdata 28-208] The XPM instance: <System_i/axi_ethernetlite_0/U0/XEMAC_I/RX_PONG_GEN.RX_PONG_I/xpm_mem_gen.xpm_memory_inst_2/xpm_memory_base_inst> is part of IP: <System_i/axi_ethernetlite_0>. This XPM instance will be excluded from the .mmi because updatemem is prohibited from making changes to an XPM that is part of an IP.
INFO: [Memdata 28-208] The XPM instance: <System_i/axi_ethernetlite_0/U0/XEMAC_I/RX_PONG_GEN.RX_PONG_I/xpm_mem_gen.xpm_memory_inst_1/xpm_memory_base_inst> is part of IP: <System_i/axi_ethernetlite_0>. This XPM instance will be excluded from the .mmi because updatemem is prohibited from making changes to an XPM that is part of an IP.
INFO: [Memdata 28-208] The XPM instance: <System_i/axi_ethernetlite_0/U0/XEMAC_I/RX_PING/xpm_mem_gen.xpm_memory_inst_2/xpm_memory_base_inst> is part of IP: <System_i/axi_ethernetlite_0>. This XPM instance will be excluded from the .mmi because updatemem is prohibited from making changes to an XPM that is part of an IP.
INFO: [Memdata 28-208] The XPM instance: <System_i/axi_ethernetlite_0/U0/XEMAC_I/RX_PING/xpm_mem_gen.xpm_memory_inst_1/xpm_memory_base_inst> is part of IP: <System_i/axi_ethernetlite_0>. This XPM instance will be excluded from the .mmi because updatemem is prohibited from making changes to an XPM that is part of an IP.
INFO: [Memdata 28-167] Found XPM memory block System_i/axi_ethernetlite_0/U0/XEMAC_I/EMAC_I/TX/INST_TX_INTRFCE/I_TX_FIFO/gnuram_async_fifo.xpm_fifo_base_inst/gen_sdpram.xpm_memory_base_inst with a P_MEMORY_PRIMITIVE property set to auto. A value of block is required. You will not be able to use the updatemem program to update the bitstream with new data for the System_i/axi_ethernetlite_0/U0/XEMAC_I/EMAC_I/TX/INST_TX_INTRFCE/I_TX_FIFO/gnuram_async_fifo.xpm_fifo_base_inst/gen_sdpram.xpm_memory_base_inst block.
INFO: [Memdata 28-167] Found XPM memory block System_i/axi_ethernetlite_0/U0/XEMAC_I/EMAC_I/RX/INST_RX_INTRFCE/I_RX_FIFO/gnuram_async_fifo.xpm_fifo_base_inst/gen_sdpram.xpm_memory_base_inst with a P_MEMORY_PRIMITIVE property set to auto. A value of block is required. You will not be able to use the updatemem program to update the bitstream with new data for the System_i/axi_ethernetlite_0/U0/XEMAC_I/EMAC_I/RX/INST_RX_INTRFCE/I_RX_FIFO/gnuram_async_fifo.xpm_fifo_base_inst/gen_sdpram.xpm_memory_base_inst block.
Command: write_bitstream -force System_wrapper.bit
Attempting to get a license for feature 'Vivado_Implementation' and/or device 'xc7a35t'
INFO: [Common 17-349] Got license for feature 'Vivado_Implementation' and/or device 'xc7a35t'
Running DRC as a precondition to command write_bitstream
INFO: [IP_Flow 19-1839] IP Catalog is up to date.
INFO: [DRC 23-27] Running DRC with 8 threads
INFO: [Vivado 12-3199] DRC finished with 0 Errors
INFO: [Vivado 12-3200] Please refer to the DRC report (report_drc) for more information.
Integrating Hard IP ELF/MEM with the PDI.
INFO: [Designutils 20-2272] Running write_bitstream with 8 threads.
Initializing bitstream generation complete. Time (s): cpu = 00:00:00.38 ; elapsed = 00:00:00.39 . Memory (MB): peak = 3570.391 ; gain = 0.000 ; free physical = 19813 ; free virtual = 33530
Loading data files...
Loading site data...
Loading route data...
Processing options...
Creating bitmap...
Creating bitstream...
Writing bitstream ./System_wrapper.bit...
Generate Bitstream complete. Time (s): cpu = 00:00:26 ; elapsed = 00:00:06 . Memory (MB): peak = 3570.391 ; gain = 0.000 ; free physical = 19595 ; free virtual = 33318
INFO: [Vivado 12-1842] Bitgen Completed Successfully.
INFO: [Common 17-83] Releasing license: Vivado_Implementation
185 Infos, 63 Warnings, 0 Critical Warnings and 0 Errors encountered.
write_bitstream completed successfully
write_bitstream: Time (s): cpu = 00:00:32 ; elapsed = 00:00:21 . Memory (MB): peak = 3570.391 ; gain = 0.000 ; free physical = 19583 ; free virtual = 33307
INFO: [Common 17-206] Exiting Vivado at Sun Aug  9 20:36:53 2026...
[Sun Aug  9 20:36:58 2026] impl_1 finished
wait_on_runs: Time (s): cpu = 00:00:01 ; elapsed = 00:02:26 . Memory (MB): peak = 2935.359 ; gain = 0.000 ; free physical = 21837 ; free virtual = 35561
# set impl_status [get_property STATUS [get_runs impl_1]]
# puts ""

# puts "Implementation status:"
Implementation status:
# puts "  $impl_status"
  write_bitstream Complete!
# puts ""

# if {$impl_status ne "write_bitstream Complete!"} {
#     error "Implementation/bitstream generation failed."
# }
# puts ""

# puts "============================================================"
============================================================
# puts " BUILD COMPLETE"
 BUILD COMPLETE
# puts "============================================================"
============================================================
# puts ""

# puts "Project:"
Project:
# puts "  $build_dir/$project_name/$project_name.xpr"
  /home/alexander-armitage/Documents/GitHub/AURA-FPGA/Vivado/build/System_Design/System_Design.xpr
# puts ""

# puts "Bitstream:"
Bitstream:
# puts "  $build_dir/$project_name/$project_name.runs/impl_1/"
  /home/alexander-armitage/Documents/GitHub/AURA-FPGA/Vivado/build/System_Design/System_Design.runs/impl_1/
# puts ""

# puts "============================================================"
============================================================
# puts ""

INFO: [Common 17-206] Exiting Vivado at Sun Aug  9 20:36:58 2026...
