Copyright 1986-2022 Xilinx, Inc. All Rights Reserved. Copyright 2022-2026 Advanced Micro Devices, Inc. All Rights Reserved.
---------------------------------------------------------------------------------------------------------------------------------------------------------------------------
| Tool Version : Vivado v.2026.1 (lin64) Build 6511674 Tue Jun 16 11:01:26 MDT 2026
| Date         : Sun Aug  9 22:13:55 2026
| Host         : alexander-armitage-XPS-9320 running 64-bit Ubuntu 26.04 LTS
| Command      : report_bus_skew -warn_on_violation -file System_wrapper_bus_skew_routed.rpt -pb System_wrapper_bus_skew_routed.pb -rpx System_wrapper_bus_skew_routed.rpx
| Design       : System_wrapper
| Device       : 7a35t-ftg256
| Speed File   : -2  PRODUCTION 1.23 2018-06-13
| Design State : Routed
---------------------------------------------------------------------------------------------------------------------------------------------------------------------------

Bus Skew Report

Table of Contents
-----------------
1. Bus Skew Report Summary
2. Bus Skew Report Per Constraint

1. Bus Skew Report Summary
--------------------------

Id  Position  From                            To                              Corner  Requirement(ns)  Actual(ns)  Slack(ns)
--  --------  ------------------------------  ------------------------------  ------  ---------------  ----------  ---------
1   38        [get_cells [list {System_i/axi_ethernetlite_0/U0/XEMAC_I/EMAC_I/TX/INST_TX_INTRFCE/I_TX_FIFO/gnuram_async_fifo.xpm_fifo_base_inst/gen_cdc_pntr.rd_pntr_cdc_inst/src_gray_ff_reg[0]} {System_i/axi_ethernetlite_0/U0/XEMAC_I/EMAC_I/TX/INST_TX_INTRFCE/I_TX_FIFO/gnuram_async_fifo.xpm_fifo_base_inst/gen_cdc_pntr.rd_pntr_cdc_inst/src_gray_ff_reg[1]} {System_i/axi_ethernetlite_0/U0/XEMAC_I/EMAC_I/TX/INST_TX_INTRFCE/I_TX_FIFO/gnuram_async_fifo.xpm_fifo_base_inst/gen_cdc_pntr.rd_pntr_cdc_inst/src_gray_ff_reg[2]} {System_i/axi_ethernetlite_0/U0/XEMAC_I/EMAC_I/TX/INST_TX_INTRFCE/I_TX_FIFO/gnuram_async_fifo.xpm_fifo_base_inst/gen_cdc_pntr.rd_pntr_cdc_inst/src_gray_ff_reg[3]}]]
                                              [get_cells [list {System_i/axi_ethernetlite_0/U0/XEMAC_I/EMAC_I/TX/INST_TX_INTRFCE/I_TX_FIFO/gnuram_async_fifo.xpm_fifo_base_inst/gen_cdc_pntr.rd_pntr_cdc_inst/dest_graysync_ff_reg[0][0]} {System_i/axi_ethernetlite_0/U0/XEMAC_I/EMAC_I/TX/INST_TX_INTRFCE/I_TX_FIFO/gnuram_async_fifo.xpm_fifo_base_inst/gen_cdc_pntr.rd_pntr_cdc_inst/dest_graysync_ff_reg[0][1]} {System_i/axi_ethernetlite_0/U0/XEMAC_I/EMAC_I/TX/INST_TX_INTRFCE/I_TX_FIFO/gnuram_async_fifo.xpm_fifo_base_inst/gen_cdc_pntr.rd_pntr_cdc_inst/dest_graysync_ff_reg[0][2]} {System_i/axi_ethernetlite_0/U0/XEMAC_I/EMAC_I/TX/INST_TX_INTRFCE/I_TX_FIFO/gnuram_async_fifo.xpm_fifo_base_inst/gen_cdc_pntr.rd_pntr_cdc_inst/dest_graysync_ff_reg[0][3]}]]
                                                                              Slow             10.000       0.454      9.546
2   40        [get_cells [list {System_i/axi_ethernetlite_0/U0/XEMAC_I/EMAC_I/TX/INST_TX_INTRFCE/I_TX_FIFO/gnuram_async_fifo.xpm_fifo_base_inst/gen_cdc_pntr.wr_pntr_cdc_inst/src_gray_ff_reg[0]} {System_i/axi_ethernetlite_0/U0/XEMAC_I/EMAC_I/TX/INST_TX_INTRFCE/I_TX_FIFO/gnuram_async_fifo.xpm_fifo_base_inst/gen_cdc_pntr.wr_pntr_cdc_inst/src_gray_ff_reg[1]} {System_i/axi_ethernetlite_0/U0/XEMAC_I/EMAC_I/TX/INST_TX_INTRFCE/I_TX_FIFO/gnuram_async_fifo.xpm_fifo_base_inst/gen_cdc_pntr.wr_pntr_cdc_inst/src_gray_ff_reg[2]} {System_i/axi_ethernetlite_0/U0/XEMAC_I/EMAC_I/TX/INST_TX_INTRFCE/I_TX_FIFO/gnuram_async_fifo.xpm_fifo_base_inst/gen_cdc_pntr.wr_pntr_cdc_inst/src_gray_ff_reg[3]}]]
                                              [get_cells [list {System_i/axi_ethernetlite_0/U0/XEMAC_I/EMAC_I/TX/INST_TX_INTRFCE/I_TX_FIFO/gnuram_async_fifo.xpm_fifo_base_inst/gen_cdc_pntr.wr_pntr_cdc_inst/dest_graysync_ff_reg[0][0]} {System_i/axi_ethernetlite_0/U0/XEMAC_I/EMAC_I/TX/INST_TX_INTRFCE/I_TX_FIFO/gnuram_async_fifo.xpm_fifo_base_inst/gen_cdc_pntr.wr_pntr_cdc_inst/dest_graysync_ff_reg[0][1]} {System_i/axi_ethernetlite_0/U0/XEMAC_I/EMAC_I/TX/INST_TX_INTRFCE/I_TX_FIFO/gnuram_async_fifo.xpm_fifo_base_inst/gen_cdc_pntr.wr_pntr_cdc_inst/dest_graysync_ff_reg[0][2]} {System_i/axi_ethernetlite_0/U0/XEMAC_I/EMAC_I/TX/INST_TX_INTRFCE/I_TX_FIFO/gnuram_async_fifo.xpm_fifo_base_inst/gen_cdc_pntr.wr_pntr_cdc_inst/dest_graysync_ff_reg[0][3]}]]
                                                                              Slow             10.000       0.636      9.364
3   42        [get_cells [list {System_i/axi_ethernetlite_0/U0/XEMAC_I/EMAC_I/RX/INST_RX_INTRFCE/I_RX_FIFO/gnuram_async_fifo.xpm_fifo_base_inst/gen_cdc_pntr.rd_pntr_cdc_inst/src_gray_ff_reg[0]} {System_i/axi_ethernetlite_0/U0/XEMAC_I/EMAC_I/RX/INST_RX_INTRFCE/I_RX_FIFO/gnuram_async_fifo.xpm_fifo_base_inst/gen_cdc_pntr.rd_pntr_cdc_inst/src_gray_ff_reg[1]} {System_i/axi_ethernetlite_0/U0/XEMAC_I/EMAC_I/RX/INST_RX_INTRFCE/I_RX_FIFO/gnuram_async_fifo.xpm_fifo_base_inst/gen_cdc_pntr.rd_pntr_cdc_inst/src_gray_ff_reg[2]} {System_i/axi_ethernetlite_0/U0/XEMAC_I/EMAC_I/RX/INST_RX_INTRFCE/I_RX_FIFO/gnuram_async_fifo.xpm_fifo_base_inst/gen_cdc_pntr.rd_pntr_cdc_inst/src_gray_ff_reg[3]}]]
                                              [get_cells [list {System_i/axi_ethernetlite_0/U0/XEMAC_I/EMAC_I/RX/INST_RX_INTRFCE/I_RX_FIFO/gnuram_async_fifo.xpm_fifo_base_inst/gen_cdc_pntr.rd_pntr_cdc_inst/dest_graysync_ff_reg[0][0]} {System_i/axi_ethernetlite_0/U0/XEMAC_I/EMAC_I/RX/INST_RX_INTRFCE/I_RX_FIFO/gnuram_async_fifo.xpm_fifo_base_inst/gen_cdc_pntr.rd_pntr_cdc_inst/dest_graysync_ff_reg[0][1]} {System_i/axi_ethernetlite_0/U0/XEMAC_I/EMAC_I/RX/INST_RX_INTRFCE/I_RX_FIFO/gnuram_async_fifo.xpm_fifo_base_inst/gen_cdc_pntr.rd_pntr_cdc_inst/dest_graysync_ff_reg[0][2]} {System_i/axi_ethernetlite_0/U0/XEMAC_I/EMAC_I/RX/INST_RX_INTRFCE/I_RX_FIFO/gnuram_async_fifo.xpm_fifo_base_inst/gen_cdc_pntr.rd_pntr_cdc_inst/dest_graysync_ff_reg[0][3]}]]
                                                                              Slow             10.000       0.498      9.502
4   44        [get_cells [list {System_i/axi_ethernetlite_0/U0/XEMAC_I/EMAC_I/RX/INST_RX_INTRFCE/I_RX_FIFO/gnuram_async_fifo.xpm_fifo_base_inst/gen_cdc_pntr.wr_pntr_cdc_inst/src_gray_ff_reg[0]} {System_i/axi_ethernetlite_0/U0/XEMAC_I/EMAC_I/RX/INST_RX_INTRFCE/I_RX_FIFO/gnuram_async_fifo.xpm_fifo_base_inst/gen_cdc_pntr.wr_pntr_cdc_inst/src_gray_ff_reg[1]} {System_i/axi_ethernetlite_0/U0/XEMAC_I/EMAC_I/RX/INST_RX_INTRFCE/I_RX_FIFO/gnuram_async_fifo.xpm_fifo_base_inst/gen_cdc_pntr.wr_pntr_cdc_inst/src_gray_ff_reg[2]} {System_i/axi_ethernetlite_0/U0/XEMAC_I/EMAC_I/RX/INST_RX_INTRFCE/I_RX_FIFO/gnuram_async_fifo.xpm_fifo_base_inst/gen_cdc_pntr.wr_pntr_cdc_inst/src_gray_ff_reg[3]}]]
                                              [get_cells [list {System_i/axi_ethernetlite_0/U0/XEMAC_I/EMAC_I/RX/INST_RX_INTRFCE/I_RX_FIFO/gnuram_async_fifo.xpm_fifo_base_inst/gen_cdc_pntr.wr_pntr_cdc_inst/dest_graysync_ff_reg[0][0]} {System_i/axi_ethernetlite_0/U0/XEMAC_I/EMAC_I/RX/INST_RX_INTRFCE/I_RX_FIFO/gnuram_async_fifo.xpm_fifo_base_inst/gen_cdc_pntr.wr_pntr_cdc_inst/dest_graysync_ff_reg[0][1]} {System_i/axi_ethernetlite_0/U0/XEMAC_I/EMAC_I/RX/INST_RX_INTRFCE/I_RX_FIFO/gnuram_async_fifo.xpm_fifo_base_inst/gen_cdc_pntr.wr_pntr_cdc_inst/dest_graysync_ff_reg[0][2]} {System_i/axi_ethernetlite_0/U0/XEMAC_I/EMAC_I/RX/INST_RX_INTRFCE/I_RX_FIFO/gnuram_async_fifo.xpm_fifo_base_inst/gen_cdc_pntr.wr_pntr_cdc_inst/dest_graysync_ff_reg[0][3]}]]
                                                                              Slow             10.000       0.584      9.416
5   54        [get_cells [list {System_i/axi_ethernetlite_1/U0/XEMAC_I/EMAC_I/TX/INST_TX_INTRFCE/I_TX_FIFO/gnuram_async_fifo.xpm_fifo_base_inst/gen_cdc_pntr.rd_pntr_cdc_inst/src_gray_ff_reg[0]} {System_i/axi_ethernetlite_1/U0/XEMAC_I/EMAC_I/TX/INST_TX_INTRFCE/I_TX_FIFO/gnuram_async_fifo.xpm_fifo_base_inst/gen_cdc_pntr.rd_pntr_cdc_inst/src_gray_ff_reg[1]} {System_i/axi_ethernetlite_1/U0/XEMAC_I/EMAC_I/TX/INST_TX_INTRFCE/I_TX_FIFO/gnuram_async_fifo.xpm_fifo_base_inst/gen_cdc_pntr.rd_pntr_cdc_inst/src_gray_ff_reg[2]} {System_i/axi_ethernetlite_1/U0/XEMAC_I/EMAC_I/TX/INST_TX_INTRFCE/I_TX_FIFO/gnuram_async_fifo.xpm_fifo_base_inst/gen_cdc_pntr.rd_pntr_cdc_inst/src_gray_ff_reg[3]}]]
                                              [get_cells [list {System_i/axi_ethernetlite_1/U0/XEMAC_I/EMAC_I/TX/INST_TX_INTRFCE/I_TX_FIFO/gnuram_async_fifo.xpm_fifo_base_inst/gen_cdc_pntr.rd_pntr_cdc_inst/dest_graysync_ff_reg[0][0]} {System_i/axi_ethernetlite_1/U0/XEMAC_I/EMAC_I/TX/INST_TX_INTRFCE/I_TX_FIFO/gnuram_async_fifo.xpm_fifo_base_inst/gen_cdc_pntr.rd_pntr_cdc_inst/dest_graysync_ff_reg[0][1]} {System_i/axi_ethernetlite_1/U0/XEMAC_I/EMAC_I/TX/INST_TX_INTRFCE/I_TX_FIFO/gnuram_async_fifo.xpm_fifo_base_inst/gen_cdc_pntr.rd_pntr_cdc_inst/dest_graysync_ff_reg[0][2]} {System_i/axi_ethernetlite_1/U0/XEMAC_I/EMAC_I/TX/INST_TX_INTRFCE/I_TX_FIFO/gnuram_async_fifo.xpm_fifo_base_inst/gen_cdc_pntr.rd_pntr_cdc_inst/dest_graysync_ff_reg[0][3]}]]
                                                                              Slow             10.000       0.463      9.537
6   56        [get_cells [list {System_i/axi_ethernetlite_1/U0/XEMAC_I/EMAC_I/TX/INST_TX_INTRFCE/I_TX_FIFO/gnuram_async_fifo.xpm_fifo_base_inst/gen_cdc_pntr.wr_pntr_cdc_inst/src_gray_ff_reg[0]} {System_i/axi_ethernetlite_1/U0/XEMAC_I/EMAC_I/TX/INST_TX_INTRFCE/I_TX_FIFO/gnuram_async_fifo.xpm_fifo_base_inst/gen_cdc_pntr.wr_pntr_cdc_inst/src_gray_ff_reg[1]} {System_i/axi_ethernetlite_1/U0/XEMAC_I/EMAC_I/TX/INST_TX_INTRFCE/I_TX_FIFO/gnuram_async_fifo.xpm_fifo_base_inst/gen_cdc_pntr.wr_pntr_cdc_inst/src_gray_ff_reg[2]} {System_i/axi_ethernetlite_1/U0/XEMAC_I/EMAC_I/TX/INST_TX_INTRFCE/I_TX_FIFO/gnuram_async_fifo.xpm_fifo_base_inst/gen_cdc_pntr.wr_pntr_cdc_inst/src_gray_ff_reg[3]}]]
                                              [get_cells [list {System_i/axi_ethernetlite_1/U0/XEMAC_I/EMAC_I/TX/INST_TX_INTRFCE/I_TX_FIFO/gnuram_async_fifo.xpm_fifo_base_inst/gen_cdc_pntr.wr_pntr_cdc_inst/dest_graysync_ff_reg[0][0]} {System_i/axi_ethernetlite_1/U0/XEMAC_I/EMAC_I/TX/INST_TX_INTRFCE/I_TX_FIFO/gnuram_async_fifo.xpm_fifo_base_inst/gen_cdc_pntr.wr_pntr_cdc_inst/dest_graysync_ff_reg[0][1]} {System_i/axi_ethernetlite_1/U0/XEMAC_I/EMAC_I/TX/INST_TX_INTRFCE/I_TX_FIFO/gnuram_async_fifo.xpm_fifo_base_inst/gen_cdc_pntr.wr_pntr_cdc_inst/dest_graysync_ff_reg[0][2]} {System_i/axi_ethernetlite_1/U0/XEMAC_I/EMAC_I/TX/INST_TX_INTRFCE/I_TX_FIFO/gnuram_async_fifo.xpm_fifo_base_inst/gen_cdc_pntr.wr_pntr_cdc_inst/dest_graysync_ff_reg[0][3]}]]
                                                                              Slow             10.000       0.688      9.312
7   58        [get_cells [list {System_i/axi_ethernetlite_1/U0/XEMAC_I/EMAC_I/RX/INST_RX_INTRFCE/I_RX_FIFO/gnuram_async_fifo.xpm_fifo_base_inst/gen_cdc_pntr.rd_pntr_cdc_inst/src_gray_ff_reg[0]} {System_i/axi_ethernetlite_1/U0/XEMAC_I/EMAC_I/RX/INST_RX_INTRFCE/I_RX_FIFO/gnuram_async_fifo.xpm_fifo_base_inst/gen_cdc_pntr.rd_pntr_cdc_inst/src_gray_ff_reg[1]} {System_i/axi_ethernetlite_1/U0/XEMAC_I/EMAC_I/RX/INST_RX_INTRFCE/I_RX_FIFO/gnuram_async_fifo.xpm_fifo_base_inst/gen_cdc_pntr.rd_pntr_cdc_inst/src_gray_ff_reg[2]} {System_i/axi_ethernetlite_1/U0/XEMAC_I/EMAC_I/RX/INST_RX_INTRFCE/I_RX_FIFO/gnuram_async_fifo.xpm_fifo_base_inst/gen_cdc_pntr.rd_pntr_cdc_inst/src_gray_ff_reg[3]}]]
                                              [get_cells [list {System_i/axi_ethernetlite_1/U0/XEMAC_I/EMAC_I/RX/INST_RX_INTRFCE/I_RX_FIFO/gnuram_async_fifo.xpm_fifo_base_inst/gen_cdc_pntr.rd_pntr_cdc_inst/dest_graysync_ff_reg[0][0]} {System_i/axi_ethernetlite_1/U0/XEMAC_I/EMAC_I/RX/INST_RX_INTRFCE/I_RX_FIFO/gnuram_async_fifo.xpm_fifo_base_inst/gen_cdc_pntr.rd_pntr_cdc_inst/dest_graysync_ff_reg[0][1]} {System_i/axi_ethernetlite_1/U0/XEMAC_I/EMAC_I/RX/INST_RX_INTRFCE/I_RX_FIFO/gnuram_async_fifo.xpm_fifo_base_inst/gen_cdc_pntr.rd_pntr_cdc_inst/dest_graysync_ff_reg[0][2]} {System_i/axi_ethernetlite_1/U0/XEMAC_I/EMAC_I/RX/INST_RX_INTRFCE/I_RX_FIFO/gnuram_async_fifo.xpm_fifo_base_inst/gen_cdc_pntr.rd_pntr_cdc_inst/dest_graysync_ff_reg[0][3]}]]
                                                                              Slow             10.000       0.516      9.484
8   60        [get_cells [list {System_i/axi_ethernetlite_1/U0/XEMAC_I/EMAC_I/RX/INST_RX_INTRFCE/I_RX_FIFO/gnuram_async_fifo.xpm_fifo_base_inst/gen_cdc_pntr.wr_pntr_cdc_inst/src_gray_ff_reg[0]} {System_i/axi_ethernetlite_1/U0/XEMAC_I/EMAC_I/RX/INST_RX_INTRFCE/I_RX_FIFO/gnuram_async_fifo.xpm_fifo_base_inst/gen_cdc_pntr.wr_pntr_cdc_inst/src_gray_ff_reg[1]} {System_i/axi_ethernetlite_1/U0/XEMAC_I/EMAC_I/RX/INST_RX_INTRFCE/I_RX_FIFO/gnuram_async_fifo.xpm_fifo_base_inst/gen_cdc_pntr.wr_pntr_cdc_inst/src_gray_ff_reg[2]} {System_i/axi_ethernetlite_1/U0/XEMAC_I/EMAC_I/RX/INST_RX_INTRFCE/I_RX_FIFO/gnuram_async_fifo.xpm_fifo_base_inst/gen_cdc_pntr.wr_pntr_cdc_inst/src_gray_ff_reg[3]}]]
                                              [get_cells [list {System_i/axi_ethernetlite_1/U0/XEMAC_I/EMAC_I/RX/INST_RX_INTRFCE/I_RX_FIFO/gnuram_async_fifo.xpm_fifo_base_inst/gen_cdc_pntr.wr_pntr_cdc_inst/dest_graysync_ff_reg[0][0]} {System_i/axi_ethernetlite_1/U0/XEMAC_I/EMAC_I/RX/INST_RX_INTRFCE/I_RX_FIFO/gnuram_async_fifo.xpm_fifo_base_inst/gen_cdc_pntr.wr_pntr_cdc_inst/dest_graysync_ff_reg[0][1]} {System_i/axi_ethernetlite_1/U0/XEMAC_I/EMAC_I/RX/INST_RX_INTRFCE/I_RX_FIFO/gnuram_async_fifo.xpm_fifo_base_inst/gen_cdc_pntr.wr_pntr_cdc_inst/dest_graysync_ff_reg[0][2]} {System_i/axi_ethernetlite_1/U0/XEMAC_I/EMAC_I/RX/INST_RX_INTRFCE/I_RX_FIFO/gnuram_async_fifo.xpm_fifo_base_inst/gen_cdc_pntr.wr_pntr_cdc_inst/dest_graysync_ff_reg[0][3]}]]
                                                                              Slow             10.000       0.770      9.230


2. Bus Skew Report Per Constraint
---------------------------------

Id: 1
set_bus_skew -from [get_cells [list {System_i/axi_ethernetlite_0/U0/XEMAC_I/EMAC_I/TX/INST_TX_INTRFCE/I_TX_FIFO/gnuram_async_fifo.xpm_fifo_base_inst/gen_cdc_pntr.rd_pntr_cdc_inst/src_gray_ff_reg[0]} {System_i/axi_ethernetlite_0/U0/XEMAC_I/EMAC_I/TX/INST_TX_INTRFCE/I_TX_FIFO/gnuram_async_fifo.xpm_fifo_base_inst/gen_cdc_pntr.rd_pntr_cdc_inst/src_gray_ff_reg[1]} {System_i/axi_ethernetlite_0/U0/XEMAC_I/EMAC_I/TX/INST_TX_INTRFCE/I_TX_FIFO/gnuram_async_fifo.xpm_fifo_base_inst/gen_cdc_pntr.rd_pntr_cdc_inst/src_gray_ff_reg[2]} {System_i/axi_ethernetlite_0/U0/XEMAC_I/EMAC_I/TX/INST_TX_INTRFCE/I_TX_FIFO/gnuram_async_fifo.xpm_fifo_base_inst/gen_cdc_pntr.rd_pntr_cdc_inst/src_gray_ff_reg[3]}]] -to [get_cells [list {System_i/axi_ethernetlite_0/U0/XEMAC_I/EMAC_I/TX/INST_TX_INTRFCE/I_TX_FIFO/gnuram_async_fifo.xpm_fifo_base_inst/gen_cdc_pntr.rd_pntr_cdc_inst/dest_graysync_ff_reg[0][0]} {System_i/axi_ethernetlite_0/U0/XEMAC_I/EMAC_I/TX/INST_TX_INTRFCE/I_TX_FIFO/gnuram_async_fifo.xpm_fifo_base_inst/gen_cdc_pntr.rd_pntr_cdc_inst/dest_graysync_ff_reg[0][1]} {System_i/axi_ethernetlite_0/U0/XEMAC_I/EMAC_I/TX/INST_TX_INTRFCE/I_TX_FIFO/gnuram_async_fifo.xpm_fifo_base_inst/gen_cdc_pntr.rd_pntr_cdc_inst/dest_graysync_ff_reg[0][2]} {System_i/axi_ethernetlite_0/U0/XEMAC_I/EMAC_I/TX/INST_TX_INTRFCE/I_TX_FIFO/gnuram_async_fifo.xpm_fifo_base_inst/gen_cdc_pntr.rd_pntr_cdc_inst/dest_graysync_ff_reg[0][3]}]] 10.000
Requirement: 10.000ns
Endpoints: 4

From Clock            To Clock              Endpoint Pin                    Reference Pin                   Corner  Actual(ns)  Slack(ns)
--------------------  --------------------  ------------------------------  ------------------------------  ------  ----------  ---------
MII_0_tx_clk          clk_pll_i             System_i/axi_ethernetlite_0/U0/XEMAC_I/EMAC_I/TX/INST_TX_INTRFCE/I_TX_FIFO/gnuram_async_fifo.xpm_fifo_base_inst/gen_cdc_pntr.rd_pntr_cdc_inst/dest_graysync_ff_reg[0][3]/D
                                                                            System_i/axi_ethernetlite_0/U0/XEMAC_I/EMAC_I/TX/INST_TX_INTRFCE/I_TX_FIFO/gnuram_async_fifo.xpm_fifo_base_inst/gen_cdc_pntr.rd_pntr_cdc_inst/dest_graysync_ff_reg[0][2]/D
                                                                                                            Slow         0.454      9.546


Slack (MET) :             9.546ns  (requirement - actual skew)
  Endpoint Source:        System_i/axi_ethernetlite_0/U0/XEMAC_I/EMAC_I/TX/INST_TX_INTRFCE/I_TX_FIFO/gnuram_async_fifo.xpm_fifo_base_inst/gen_cdc_pntr.rd_pntr_cdc_inst/src_gray_ff_reg[3]/C
                            (rising edge-triggered cell FDRE clocked by MII_0_tx_clk)
  Endpoint Destination:   System_i/axi_ethernetlite_0/U0/XEMAC_I/EMAC_I/TX/INST_TX_INTRFCE/I_TX_FIFO/gnuram_async_fifo.xpm_fifo_base_inst/gen_cdc_pntr.rd_pntr_cdc_inst/dest_graysync_ff_reg[0][3]/D
                            (rising edge-triggered cell FDRE clocked by clk_pll_i)
  Reference Source:       System_i/axi_ethernetlite_0/U0/XEMAC_I/EMAC_I/TX/INST_TX_INTRFCE/I_TX_FIFO/gnuram_async_fifo.xpm_fifo_base_inst/gen_cdc_pntr.rd_pntr_cdc_inst/src_gray_ff_reg[2]/C
                            (rising edge-triggered cell FDRE clocked by MII_0_tx_clk)
  Reference Destination:  System_i/axi_ethernetlite_0/U0/XEMAC_I/EMAC_I/TX/INST_TX_INTRFCE/I_TX_FIFO/gnuram_async_fifo.xpm_fifo_base_inst/gen_cdc_pntr.rd_pntr_cdc_inst/dest_graysync_ff_reg[0][2]/D
                            (rising edge-triggered cell FDRE clocked by clk_pll_i)
  Path Type:              Bus Skew (Max at Slow Process Corner)
  Requirement:            10.000ns
  Endpoint Relative Delay:    4.693ns
  Reference Relative Delay:   3.311ns
  Relative CRPR:              0.928ns
  Actual Bus Skew:            0.454ns  (Endpoint Relative Delay - Reference Relative Delay - Relative CRPR)

Endpoint path:
    Location             Delay type                Incr(ns)  Path(ns)    Netlist Resource(s)
  -------------------------------------------------------------------    -------------------
                         (clock MII_0_tx_clk rise edge)
                                                      0.000     0.000 r  <hidden>
    F4                                                0.000     0.000 r  MII_0_tx_clk
                         net (fo=0)                   0.000     0.000    System_i/axi_ethernetlite_0/U0/phy_tx_clk
    F4                   IBUF (Prop_ibuf_I_O)         1.417     1.417 r  System_i/axi_ethernetlite_0/U0/NO_LOOPBACK_GEN.INCLUDE_BUFG_GEN.TX_IBUF_INST/O
                         net (fo=1, routed)           1.689     3.106    System_i/axi_ethernetlite_0/U0/o
    BUFGCTRL_X0Y19       BUFG (Prop_bufg_I_O)         0.081     3.187 r  System_i/axi_ethernetlite_0/U0/NO_LOOPBACK_GEN.INCLUDE_BUFG_GEN.CLOCK_BUFG_TX/O
                         net (fo=60, routed)          1.443     4.630    System_i/axi_ethernetlite_0/U0/XEMAC_I/EMAC_I/TX/INST_TX_INTRFCE/I_TX_FIFO/gnuram_async_fifo.xpm_fifo_base_inst/gen_cdc_pntr.rd_pntr_cdc_inst/src_clk
    SLICE_X62Y7          FDRE                                         r  System_i/axi_ethernetlite_0/U0/XEMAC_I/EMAC_I/TX/INST_TX_INTRFCE/I_TX_FIFO/gnuram_async_fifo.xpm_fifo_base_inst/gen_cdc_pntr.rd_pntr_cdc_inst/src_gray_ff_reg[3]/C
  -------------------------------------------------------------------    -------------------
    SLICE_X62Y7          FDRE (Prop_fdre_C_Q)         0.348     4.978 r  System_i/axi_ethernetlite_0/U0/XEMAC_I/EMAC_I/TX/INST_TX_INTRFCE/I_TX_FIFO/gnuram_async_fifo.xpm_fifo_base_inst/gen_cdc_pntr.rd_pntr_cdc_inst/src_gray_ff_reg[3]/Q
                         net (fo=1, routed)           0.359     5.337    System_i/axi_ethernetlite_0/U0/XEMAC_I/EMAC_I/TX/INST_TX_INTRFCE/I_TX_FIFO/gnuram_async_fifo.xpm_fifo_base_inst/gen_cdc_pntr.rd_pntr_cdc_inst/async_path[3]
    SLICE_X62Y4          FDRE                                         r  System_i/axi_ethernetlite_0/U0/XEMAC_I/EMAC_I/TX/INST_TX_INTRFCE/I_TX_FIFO/gnuram_async_fifo.xpm_fifo_base_inst/gen_cdc_pntr.rd_pntr_cdc_inst/dest_graysync_ff_reg[0][3]/D
  -------------------------------------------------------------------    -------------------

                         (clock clk_pll_i rise edge)
                                                      0.000     0.000 r  <hidden>
    N11                                               0.000     0.000 r  sys_clk
                         net (fo=0)                   0.000     0.000    System_i/clk_wiz_0/inst/clk_in1
    N11                  IBUF (Prop_ibuf_I_O)         1.384     1.384 r  System_i/clk_wiz_0/inst/clkin1_ibufg/O
                         net (fo=1, routed)           1.004     2.387    System_i/clk_wiz_0/inst/clk_in1_System_clk_wiz_0_0
    MMCME2_ADV_X0Y0      MMCME2_ADV (Prop_mmcme2_adv_CLKIN1_CLKOUT1)
                                                     -6.061    -3.674 r  System_i/clk_wiz_0/inst/mmcm_adv_inst/CLKOUT1
                         net (fo=1, routed)           1.357    -2.317    System_i/clk_wiz_0/inst/clk_out2_System_clk_wiz_0_0
    BUFGCTRL_X0Y0        BUFG (Prop_bufg_I_O)         0.077    -2.240 r  System_i/clk_wiz_0/inst/clkout2_buf/O
                         net (fo=63, routed)          1.289    -0.950    System_i/mig_7series_0/u_System_mig_7series_0_0_mig/u_ddr3_infrastructure/plle2_i_0
    PLLE2_ADV_X0Y1       PLLE2_ADV (Prop_plle2_adv_CLKIN1_CLKOUT3)
                                                      0.073    -0.877 r  System_i/mig_7series_0/u_System_mig_7series_0_0_mig/u_ddr3_infrastructure/plle2_i/CLKOUT3
                         net (fo=1, routed)           0.934     0.057    System_i/mig_7series_0/u_System_mig_7series_0_0_mig/u_ddr3_infrastructure/pll_clk3_out
    BUFHCE_X0Y12         BUFH (Prop_bufh_I_O)         0.069     0.126 r  System_i/mig_7series_0/u_System_mig_7series_0_0_mig/u_ddr3_infrastructure/u_bufh_pll_clk3/O
                         net (fo=1, routed)           0.663     0.789    System_i/mig_7series_0/u_System_mig_7series_0_0_mig/u_ddr3_infrastructure/pll_clk3
    MMCME2_ADV_X0Y1      MMCME2_ADV (Prop_mmcme2_adv_CLKIN1_CLKFBOUT)
                                                     -2.703    -1.914 r  System_i/mig_7series_0/u_System_mig_7series_0_0_mig/u_ddr3_infrastructure/gen_mmcm.mmcm_i/CLKFBOUT
                         net (fo=1, routed)           1.357    -0.557    System_i/mig_7series_0/u_System_mig_7series_0_0_mig/u_ddr3_infrastructure/clk_pll_i
    BUFGCTRL_X0Y16       BUFG (Prop_bufg_I_O)         0.077    -0.480 r  System_i/mig_7series_0/u_System_mig_7series_0_0_mig/u_ddr3_infrastructure/u_bufg_clkdiv0/O
                         net (fo=14635, routed)       1.333     0.853    System_i/axi_ethernetlite_0/U0/XEMAC_I/EMAC_I/TX/INST_TX_INTRFCE/I_TX_FIFO/gnuram_async_fifo.xpm_fifo_base_inst/gen_cdc_pntr.rd_pntr_cdc_inst/dest_clk
    SLICE_X62Y4          FDRE                                         r  System_i/axi_ethernetlite_0/U0/XEMAC_I/EMAC_I/TX/INST_TX_INTRFCE/I_TX_FIFO/gnuram_async_fifo.xpm_fifo_base_inst/gen_cdc_pntr.rd_pntr_cdc_inst/dest_graysync_ff_reg[0][3]/C
                         clock pessimism              0.000     0.853    <hidden>
    SLICE_X62Y4          FDRE (Setup_fdre_C_D)       -0.209     0.644    System_i/axi_ethernetlite_0/U0/XEMAC_I/EMAC_I/TX/INST_TX_INTRFCE/I_TX_FIFO/gnuram_async_fifo.xpm_fifo_base_inst/gen_cdc_pntr.rd_pntr_cdc_inst/dest_graysync_ff_reg[0][3]
  -------------------------------------------------------------------
                         data arrival                           5.337    <hidden>
                         clock arrival                          0.644    <hidden>
  -------------------------------------------------------------------
                         relative delay                         4.693    <hidden>

Reference path:
    Location             Delay type                Incr(ns)  Path(ns)    Netlist Resource(s)
  -------------------------------------------------------------------    -------------------
                         (clock MII_0_tx_clk rise edge)
                                                      0.000     0.000 r  <hidden>
    F4                                                0.000     0.000 r  MII_0_tx_clk
                         net (fo=0)                   0.000     0.000    System_i/axi_ethernetlite_0/U0/phy_tx_clk
    F4                   IBUF (Prop_ibuf_I_O)         1.351     1.351 r  System_i/axi_ethernetlite_0/U0/NO_LOOPBACK_GEN.INCLUDE_BUFG_GEN.TX_IBUF_INST/O
                         net (fo=1, routed)           1.599     2.950    System_i/axi_ethernetlite_0/U0/o
    BUFGCTRL_X0Y19       BUFG (Prop_bufg_I_O)         0.077     3.027 r  System_i/axi_ethernetlite_0/U0/NO_LOOPBACK_GEN.INCLUDE_BUFG_GEN.CLOCK_BUFG_TX/O
                         net (fo=60, routed)          1.333     4.360    System_i/axi_ethernetlite_0/U0/XEMAC_I/EMAC_I/TX/INST_TX_INTRFCE/I_TX_FIFO/gnuram_async_fifo.xpm_fifo_base_inst/gen_cdc_pntr.rd_pntr_cdc_inst/src_clk
    SLICE_X62Y7          FDRE                                         r  System_i/axi_ethernetlite_0/U0/XEMAC_I/EMAC_I/TX/INST_TX_INTRFCE/I_TX_FIFO/gnuram_async_fifo.xpm_fifo_base_inst/gen_cdc_pntr.rd_pntr_cdc_inst/src_gray_ff_reg[2]/C
  -------------------------------------------------------------------    -------------------
    SLICE_X62Y7          FDRE (Prop_fdre_C_Q)         0.304     4.664 r  System_i/axi_ethernetlite_0/U0/XEMAC_I/EMAC_I/TX/INST_TX_INTRFCE/I_TX_FIFO/gnuram_async_fifo.xpm_fifo_base_inst/gen_cdc_pntr.rd_pntr_cdc_inst/src_gray_ff_reg[2]/Q
                         net (fo=1, routed)           0.296     4.961    System_i/axi_ethernetlite_0/U0/XEMAC_I/EMAC_I/TX/INST_TX_INTRFCE/I_TX_FIFO/gnuram_async_fifo.xpm_fifo_base_inst/gen_cdc_pntr.rd_pntr_cdc_inst/async_path[2]
    SLICE_X62Y4          FDRE                                         r  System_i/axi_ethernetlite_0/U0/XEMAC_I/EMAC_I/TX/INST_TX_INTRFCE/I_TX_FIFO/gnuram_async_fifo.xpm_fifo_base_inst/gen_cdc_pntr.rd_pntr_cdc_inst/dest_graysync_ff_reg[0][2]/D
  -------------------------------------------------------------------    -------------------

                         (clock clk_pll_i rise edge)
                                                      0.000     0.000 r  <hidden>
    N11                                               0.000     0.000 r  sys_clk
                         net (fo=0)                   0.000     0.000    System_i/clk_wiz_0/inst/clk_in1
    N11                  IBUF (Prop_ibuf_I_O)         1.450     1.450 r  System_i/clk_wiz_0/inst/clkin1_ibufg/O
                         net (fo=1, routed)           1.065     2.515    System_i/clk_wiz_0/inst/clk_in1_System_clk_wiz_0_0
    MMCME2_ADV_X0Y0      MMCME2_ADV (Prop_mmcme2_adv_CLKIN1_CLKOUT1)
                                                     -5.924    -3.410 r  System_i/clk_wiz_0/inst/mmcm_adv_inst/CLKOUT1
                         net (fo=1, routed)           1.425    -1.985    System_i/clk_wiz_0/inst/clk_out2_System_clk_wiz_0_0
    BUFGCTRL_X0Y0        BUFG (Prop_bufg_I_O)         0.081    -1.904 r  System_i/clk_wiz_0/inst/clkout2_buf/O
                         net (fo=63, routed)          1.393    -0.511    System_i/mig_7series_0/u_System_mig_7series_0_0_mig/u_ddr3_infrastructure/plle2_i_0
    PLLE2_ADV_X0Y1       PLLE2_ADV (Prop_plle2_adv_CLKIN1_CLKOUT3)
                                                      0.077    -0.434 r  System_i/mig_7series_0/u_System_mig_7series_0_0_mig/u_ddr3_infrastructure/plle2_i/CLKOUT3
                         net (fo=1, routed)           1.066     0.632    System_i/mig_7series_0/u_System_mig_7series_0_0_mig/u_ddr3_infrastructure/pll_clk3_out
    BUFHCE_X0Y12         BUFH (Prop_bufh_I_O)         0.106     0.738 r  System_i/mig_7series_0/u_System_mig_7series_0_0_mig/u_ddr3_infrastructure/u_bufh_pll_clk3/O
                         net (fo=1, routed)           0.701     1.439    System_i/mig_7series_0/u_System_mig_7series_0_0_mig/u_ddr3_infrastructure/pll_clk3
    MMCME2_ADV_X0Y1      MMCME2_ADV (Prop_mmcme2_adv_CLKIN1_CLKFBOUT)
                                                     -2.877    -1.438 r  System_i/mig_7series_0/u_System_mig_7series_0_0_mig/u_ddr3_infrastructure/gen_mmcm.mmcm_i/CLKFBOUT
                         net (fo=1, routed)           1.425    -0.013    System_i/mig_7series_0/u_System_mig_7series_0_0_mig/u_ddr3_infrastructure/clk_pll_i
    BUFGCTRL_X0Y16       BUFG (Prop_bufg_I_O)         0.081     0.068 r  System_i/mig_7series_0/u_System_mig_7series_0_0_mig/u_ddr3_infrastructure/u_bufg_clkdiv0/O
                         net (fo=14635, routed)       1.444     1.512    System_i/axi_ethernetlite_0/U0/XEMAC_I/EMAC_I/TX/INST_TX_INTRFCE/I_TX_FIFO/gnuram_async_fifo.xpm_fifo_base_inst/gen_cdc_pntr.rd_pntr_cdc_inst/dest_clk
    SLICE_X62Y4          FDRE                                         r  System_i/axi_ethernetlite_0/U0/XEMAC_I/EMAC_I/TX/INST_TX_INTRFCE/I_TX_FIFO/gnuram_async_fifo.xpm_fifo_base_inst/gen_cdc_pntr.rd_pntr_cdc_inst/dest_graysync_ff_reg[0][2]/C
                         clock pessimism              0.000     1.512    <hidden>
    SLICE_X62Y4          FDRE (Hold_fdre_C_D)         0.138     1.650    System_i/axi_ethernetlite_0/U0/XEMAC_I/EMAC_I/TX/INST_TX_INTRFCE/I_TX_FIFO/gnuram_async_fifo.xpm_fifo_base_inst/gen_cdc_pntr.rd_pntr_cdc_inst/dest_graysync_ff_reg[0][2]
  -------------------------------------------------------------------
                         data arrival                           4.961    <hidden>
                         clock arrival                          1.650    <hidden>
  -------------------------------------------------------------------
                         relative delay                         3.311    <hidden>



Id: 2
set_bus_skew -from [get_cells [list {System_i/axi_ethernetlite_0/U0/XEMAC_I/EMAC_I/TX/INST_TX_INTRFCE/I_TX_FIFO/gnuram_async_fifo.xpm_fifo_base_inst/gen_cdc_pntr.wr_pntr_cdc_inst/src_gray_ff_reg[0]} {System_i/axi_ethernetlite_0/U0/XEMAC_I/EMAC_I/TX/INST_TX_INTRFCE/I_TX_FIFO/gnuram_async_fifo.xpm_fifo_base_inst/gen_cdc_pntr.wr_pntr_cdc_inst/src_gray_ff_reg[1]} {System_i/axi_ethernetlite_0/U0/XEMAC_I/EMAC_I/TX/INST_TX_INTRFCE/I_TX_FIFO/gnuram_async_fifo.xpm_fifo_base_inst/gen_cdc_pntr.wr_pntr_cdc_inst/src_gray_ff_reg[2]} {System_i/axi_ethernetlite_0/U0/XEMAC_I/EMAC_I/TX/INST_TX_INTRFCE/I_TX_FIFO/gnuram_async_fifo.xpm_fifo_base_inst/gen_cdc_pntr.wr_pntr_cdc_inst/src_gray_ff_reg[3]}]] -to [get_cells [list {System_i/axi_ethernetlite_0/U0/XEMAC_I/EMAC_I/TX/INST_TX_INTRFCE/I_TX_FIFO/gnuram_async_fifo.xpm_fifo_base_inst/gen_cdc_pntr.wr_pntr_cdc_inst/dest_graysync_ff_reg[0][0]} {System_i/axi_ethernetlite_0/U0/XEMAC_I/EMAC_I/TX/INST_TX_INTRFCE/I_TX_FIFO/gnuram_async_fifo.xpm_fifo_base_inst/gen_cdc_pntr.wr_pntr_cdc_inst/dest_graysync_ff_reg[0][1]} {System_i/axi_ethernetlite_0/U0/XEMAC_I/EMAC_I/TX/INST_TX_INTRFCE/I_TX_FIFO/gnuram_async_fifo.xpm_fifo_base_inst/gen_cdc_pntr.wr_pntr_cdc_inst/dest_graysync_ff_reg[0][2]} {System_i/axi_ethernetlite_0/U0/XEMAC_I/EMAC_I/TX/INST_TX_INTRFCE/I_TX_FIFO/gnuram_async_fifo.xpm_fifo_base_inst/gen_cdc_pntr.wr_pntr_cdc_inst/dest_graysync_ff_reg[0][3]}]] 10.000
Requirement: 10.000ns
Endpoints: 4

From Clock            To Clock              Endpoint Pin                    Reference Pin                   Corner  Actual(ns)  Slack(ns)
--------------------  --------------------  ------------------------------  ------------------------------  ------  ----------  ---------
clk_pll_i             MII_0_tx_clk          System_i/axi_ethernetlite_0/U0/XEMAC_I/EMAC_I/TX/INST_TX_INTRFCE/I_TX_FIFO/gnuram_async_fifo.xpm_fifo_base_inst/gen_cdc_pntr.wr_pntr_cdc_inst/dest_graysync_ff_reg[0][2]/D
                                                                            System_i/axi_ethernetlite_0/U0/XEMAC_I/EMAC_I/TX/INST_TX_INTRFCE/I_TX_FIFO/gnuram_async_fifo.xpm_fifo_base_inst/gen_cdc_pntr.wr_pntr_cdc_inst/dest_graysync_ff_reg[0][0]/D
                                                                                                            Slow         0.636      9.364


Slack (MET) :             9.364ns  (requirement - actual skew)
  Endpoint Source:        System_i/axi_ethernetlite_0/U0/XEMAC_I/EMAC_I/TX/INST_TX_INTRFCE/I_TX_FIFO/gnuram_async_fifo.xpm_fifo_base_inst/gen_cdc_pntr.wr_pntr_cdc_inst/src_gray_ff_reg[2]/C
                            (rising edge-triggered cell FDRE clocked by clk_pll_i)
  Endpoint Destination:   System_i/axi_ethernetlite_0/U0/XEMAC_I/EMAC_I/TX/INST_TX_INTRFCE/I_TX_FIFO/gnuram_async_fifo.xpm_fifo_base_inst/gen_cdc_pntr.wr_pntr_cdc_inst/dest_graysync_ff_reg[0][2]/D
                            (rising edge-triggered cell FDRE clocked by MII_0_tx_clk)
  Reference Source:       System_i/axi_ethernetlite_0/U0/XEMAC_I/EMAC_I/TX/INST_TX_INTRFCE/I_TX_FIFO/gnuram_async_fifo.xpm_fifo_base_inst/gen_cdc_pntr.wr_pntr_cdc_inst/src_gray_ff_reg[0]/C
                            (rising edge-triggered cell FDRE clocked by clk_pll_i)
  Reference Destination:  System_i/axi_ethernetlite_0/U0/XEMAC_I/EMAC_I/TX/INST_TX_INTRFCE/I_TX_FIFO/gnuram_async_fifo.xpm_fifo_base_inst/gen_cdc_pntr.wr_pntr_cdc_inst/dest_graysync_ff_reg[0][0]/D
                            (rising edge-triggered cell FDRE clocked by MII_0_tx_clk)
  Path Type:              Bus Skew (Max at Slow Process Corner)
  Requirement:            10.000ns
  Endpoint Relative Delay:   -1.837ns
  Reference Relative Delay:  -3.374ns
  Relative CRPR:              0.900ns
  Actual Bus Skew:            0.636ns  (Endpoint Relative Delay - Reference Relative Delay - Relative CRPR)

Endpoint path:
    Location             Delay type                Incr(ns)  Path(ns)    Netlist Resource(s)
  -------------------------------------------------------------------    -------------------
                         (clock clk_pll_i rise edge)
                                                      0.000     0.000 r  <hidden>
    N11                                               0.000     0.000 r  sys_clk
                         net (fo=0)                   0.000     0.000    System_i/clk_wiz_0/inst/clk_in1
    N11                  IBUF (Prop_ibuf_I_O)         1.450     1.450 r  System_i/clk_wiz_0/inst/clkin1_ibufg/O
                         net (fo=1, routed)           1.065     2.515    System_i/clk_wiz_0/inst/clk_in1_System_clk_wiz_0_0
    MMCME2_ADV_X0Y0      MMCME2_ADV (Prop_mmcme2_adv_CLKIN1_CLKOUT1)
                                                     -5.924    -3.410 r  System_i/clk_wiz_0/inst/mmcm_adv_inst/CLKOUT1
                         net (fo=1, routed)           1.425    -1.985    System_i/clk_wiz_0/inst/clk_out2_System_clk_wiz_0_0
    BUFGCTRL_X0Y0        BUFG (Prop_bufg_I_O)         0.081    -1.904 r  System_i/clk_wiz_0/inst/clkout2_buf/O
                         net (fo=63, routed)          1.393    -0.511    System_i/mig_7series_0/u_System_mig_7series_0_0_mig/u_ddr3_infrastructure/plle2_i_0
    PLLE2_ADV_X0Y1       PLLE2_ADV (Prop_plle2_adv_CLKIN1_CLKOUT3)
                                                      0.077    -0.434 r  System_i/mig_7series_0/u_System_mig_7series_0_0_mig/u_ddr3_infrastructure/plle2_i/CLKOUT3
                         net (fo=1, routed)           1.066     0.632    System_i/mig_7series_0/u_System_mig_7series_0_0_mig/u_ddr3_infrastructure/pll_clk3_out
    BUFHCE_X0Y12         BUFH (Prop_bufh_I_O)         0.106     0.738 r  System_i/mig_7series_0/u_System_mig_7series_0_0_mig/u_ddr3_infrastructure/u_bufh_pll_clk3/O
                         net (fo=1, routed)           0.701     1.439    System_i/mig_7series_0/u_System_mig_7series_0_0_mig/u_ddr3_infrastructure/pll_clk3
    MMCME2_ADV_X0Y1      MMCME2_ADV (Prop_mmcme2_adv_CLKIN1_CLKFBOUT)
                                                     -2.877    -1.438 r  System_i/mig_7series_0/u_System_mig_7series_0_0_mig/u_ddr3_infrastructure/gen_mmcm.mmcm_i/CLKFBOUT
                         net (fo=1, routed)           1.425    -0.013    System_i/mig_7series_0/u_System_mig_7series_0_0_mig/u_ddr3_infrastructure/clk_pll_i
    BUFGCTRL_X0Y16       BUFG (Prop_bufg_I_O)         0.081     0.068 r  System_i/mig_7series_0/u_System_mig_7series_0_0_mig/u_ddr3_infrastructure/u_bufg_clkdiv0/O
                         net (fo=14635, routed)       1.442     1.510    System_i/axi_ethernetlite_0/U0/XEMAC_I/EMAC_I/TX/INST_TX_INTRFCE/I_TX_FIFO/gnuram_async_fifo.xpm_fifo_base_inst/gen_cdc_pntr.wr_pntr_cdc_inst/src_clk
    SLICE_X64Y9          FDRE                                         r  System_i/axi_ethernetlite_0/U0/XEMAC_I/EMAC_I/TX/INST_TX_INTRFCE/I_TX_FIFO/gnuram_async_fifo.xpm_fifo_base_inst/gen_cdc_pntr.wr_pntr_cdc_inst/src_gray_ff_reg[2]/C
  -------------------------------------------------------------------    -------------------
    SLICE_X64Y9          FDRE (Prop_fdre_C_Q)         0.433     1.943 r  System_i/axi_ethernetlite_0/U0/XEMAC_I/EMAC_I/TX/INST_TX_INTRFCE/I_TX_FIFO/gnuram_async_fifo.xpm_fifo_base_inst/gen_cdc_pntr.wr_pntr_cdc_inst/src_gray_ff_reg[2]/Q
                         net (fo=1, routed)           0.507     2.450    System_i/axi_ethernetlite_0/U0/XEMAC_I/EMAC_I/TX/INST_TX_INTRFCE/I_TX_FIFO/gnuram_async_fifo.xpm_fifo_base_inst/gen_cdc_pntr.wr_pntr_cdc_inst/async_path[2]
    SLICE_X62Y7          FDRE                                         r  System_i/axi_ethernetlite_0/U0/XEMAC_I/EMAC_I/TX/INST_TX_INTRFCE/I_TX_FIFO/gnuram_async_fifo.xpm_fifo_base_inst/gen_cdc_pntr.wr_pntr_cdc_inst/dest_graysync_ff_reg[0][2]/D
  -------------------------------------------------------------------    -------------------

                         (clock MII_0_tx_clk rise edge)
                                                      0.000     0.000 r  <hidden>
    F4                                                0.000     0.000 r  MII_0_tx_clk
                         net (fo=0)                   0.000     0.000    System_i/axi_ethernetlite_0/U0/phy_tx_clk
    F4                   IBUF (Prop_ibuf_I_O)         1.351     1.351 r  System_i/axi_ethernetlite_0/U0/NO_LOOPBACK_GEN.INCLUDE_BUFG_GEN.TX_IBUF_INST/O
                         net (fo=1, routed)           1.599     2.950    System_i/axi_ethernetlite_0/U0/o
    BUFGCTRL_X0Y19       BUFG (Prop_bufg_I_O)         0.077     3.027 r  System_i/axi_ethernetlite_0/U0/NO_LOOPBACK_GEN.INCLUDE_BUFG_GEN.CLOCK_BUFG_TX/O
                         net (fo=60, routed)          1.333     4.360    System_i/axi_ethernetlite_0/U0/XEMAC_I/EMAC_I/TX/INST_TX_INTRFCE/I_TX_FIFO/gnuram_async_fifo.xpm_fifo_base_inst/gen_cdc_pntr.wr_pntr_cdc_inst/dest_clk
    SLICE_X62Y7          FDRE                                         r  System_i/axi_ethernetlite_0/U0/XEMAC_I/EMAC_I/TX/INST_TX_INTRFCE/I_TX_FIFO/gnuram_async_fifo.xpm_fifo_base_inst/gen_cdc_pntr.wr_pntr_cdc_inst/dest_graysync_ff_reg[0][2]/C
                         clock pessimism              0.000     4.360    <hidden>
    SLICE_X62Y7          FDRE (Setup_fdre_C_D)       -0.073     4.287    System_i/axi_ethernetlite_0/U0/XEMAC_I/EMAC_I/TX/INST_TX_INTRFCE/I_TX_FIFO/gnuram_async_fifo.xpm_fifo_base_inst/gen_cdc_pntr.wr_pntr_cdc_inst/dest_graysync_ff_reg[0][2]
  -------------------------------------------------------------------
                         data arrival                           2.450    <hidden>
                         clock arrival                          4.287    <hidden>
  -------------------------------------------------------------------
                         relative delay                        -1.837    <hidden>

Reference path:
    Location             Delay type                Incr(ns)  Path(ns)    Netlist Resource(s)
  -------------------------------------------------------------------    -------------------
                         (clock clk_pll_i rise edge)
                                                      0.000     0.000 r  <hidden>
    N11                                               0.000     0.000 r  sys_clk
                         net (fo=0)                   0.000     0.000    System_i/clk_wiz_0/inst/clk_in1
    N11                  IBUF (Prop_ibuf_I_O)         1.384     1.384 r  System_i/clk_wiz_0/inst/clkin1_ibufg/O
                         net (fo=1, routed)           1.004     2.387    System_i/clk_wiz_0/inst/clk_in1_System_clk_wiz_0_0
    MMCME2_ADV_X0Y0      MMCME2_ADV (Prop_mmcme2_adv_CLKIN1_CLKOUT1)
                                                     -6.061    -3.674 r  System_i/clk_wiz_0/inst/mmcm_adv_inst/CLKOUT1
                         net (fo=1, routed)           1.357    -2.317    System_i/clk_wiz_0/inst/clk_out2_System_clk_wiz_0_0
    BUFGCTRL_X0Y0        BUFG (Prop_bufg_I_O)         0.077    -2.240 r  System_i/clk_wiz_0/inst/clkout2_buf/O
                         net (fo=63, routed)          1.289    -0.950    System_i/mig_7series_0/u_System_mig_7series_0_0_mig/u_ddr3_infrastructure/plle2_i_0
    PLLE2_ADV_X0Y1       PLLE2_ADV (Prop_plle2_adv_CLKIN1_CLKOUT3)
                                                      0.073    -0.877 r  System_i/mig_7series_0/u_System_mig_7series_0_0_mig/u_ddr3_infrastructure/plle2_i/CLKOUT3
                         net (fo=1, routed)           0.934     0.057    System_i/mig_7series_0/u_System_mig_7series_0_0_mig/u_ddr3_infrastructure/pll_clk3_out
    BUFHCE_X0Y12         BUFH (Prop_bufh_I_O)         0.069     0.126 r  System_i/mig_7series_0/u_System_mig_7series_0_0_mig/u_ddr3_infrastructure/u_bufh_pll_clk3/O
                         net (fo=1, routed)           0.663     0.789    System_i/mig_7series_0/u_System_mig_7series_0_0_mig/u_ddr3_infrastructure/pll_clk3
    MMCME2_ADV_X0Y1      MMCME2_ADV (Prop_mmcme2_adv_CLKIN1_CLKFBOUT)
                                                     -2.703    -1.914 r  System_i/mig_7series_0/u_System_mig_7series_0_0_mig/u_ddr3_infrastructure/gen_mmcm.mmcm_i/CLKFBOUT
                         net (fo=1, routed)           1.357    -0.557    System_i/mig_7series_0/u_System_mig_7series_0_0_mig/u_ddr3_infrastructure/clk_pll_i
    BUFGCTRL_X0Y16       BUFG (Prop_bufg_I_O)         0.077    -0.480 r  System_i/mig_7series_0/u_System_mig_7series_0_0_mig/u_ddr3_infrastructure/u_bufg_clkdiv0/O
                         net (fo=14635, routed)       1.332     0.852    System_i/axi_ethernetlite_0/U0/XEMAC_I/EMAC_I/TX/INST_TX_INTRFCE/I_TX_FIFO/gnuram_async_fifo.xpm_fifo_base_inst/gen_cdc_pntr.wr_pntr_cdc_inst/src_clk
    SLICE_X64Y9          FDRE                                         r  System_i/axi_ethernetlite_0/U0/XEMAC_I/EMAC_I/TX/INST_TX_INTRFCE/I_TX_FIFO/gnuram_async_fifo.xpm_fifo_base_inst/gen_cdc_pntr.wr_pntr_cdc_inst/src_gray_ff_reg[0]/C
  -------------------------------------------------------------------    -------------------
    SLICE_X64Y9          FDRE (Prop_fdre_C_Q)         0.347     1.199 r  System_i/axi_ethernetlite_0/U0/XEMAC_I/EMAC_I/TX/INST_TX_INTRFCE/I_TX_FIFO/gnuram_async_fifo.xpm_fifo_base_inst/gen_cdc_pntr.wr_pntr_cdc_inst/src_gray_ff_reg[0]/Q
                         net (fo=1, routed)           0.191     1.390    System_i/axi_ethernetlite_0/U0/XEMAC_I/EMAC_I/TX/INST_TX_INTRFCE/I_TX_FIFO/gnuram_async_fifo.xpm_fifo_base_inst/gen_cdc_pntr.wr_pntr_cdc_inst/async_path[0]
    SLICE_X65Y10         FDRE                                         r  System_i/axi_ethernetlite_0/U0/XEMAC_I/EMAC_I/TX/INST_TX_INTRFCE/I_TX_FIFO/gnuram_async_fifo.xpm_fifo_base_inst/gen_cdc_pntr.wr_pntr_cdc_inst/dest_graysync_ff_reg[0][0]/D
  -------------------------------------------------------------------    -------------------

                         (clock MII_0_tx_clk rise edge)
                                                      0.000     0.000 r  <hidden>
    F4                                                0.000     0.000 r  MII_0_tx_clk
                         net (fo=0)                   0.000     0.000    System_i/axi_ethernetlite_0/U0/phy_tx_clk
    F4                   IBUF (Prop_ibuf_I_O)         1.417     1.417 r  System_i/axi_ethernetlite_0/U0/NO_LOOPBACK_GEN.INCLUDE_BUFG_GEN.TX_IBUF_INST/O
                         net (fo=1, routed)           1.689     3.106    System_i/axi_ethernetlite_0/U0/o
    BUFGCTRL_X0Y19       BUFG (Prop_bufg_I_O)         0.081     3.187 r  System_i/axi_ethernetlite_0/U0/NO_LOOPBACK_GEN.INCLUDE_BUFG_GEN.CLOCK_BUFG_TX/O
                         net (fo=60, routed)          1.441     4.628    System_i/axi_ethernetlite_0/U0/XEMAC_I/EMAC_I/TX/INST_TX_INTRFCE/I_TX_FIFO/gnuram_async_fifo.xpm_fifo_base_inst/gen_cdc_pntr.wr_pntr_cdc_inst/dest_clk
    SLICE_X65Y10         FDRE                                         r  System_i/axi_ethernetlite_0/U0/XEMAC_I/EMAC_I/TX/INST_TX_INTRFCE/I_TX_FIFO/gnuram_async_fifo.xpm_fifo_base_inst/gen_cdc_pntr.wr_pntr_cdc_inst/dest_graysync_ff_reg[0][0]/C
                         clock pessimism              0.000     4.628    <hidden>
    SLICE_X65Y10         FDRE (Hold_fdre_C_D)         0.136     4.764    System_i/axi_ethernetlite_0/U0/XEMAC_I/EMAC_I/TX/INST_TX_INTRFCE/I_TX_FIFO/gnuram_async_fifo.xpm_fifo_base_inst/gen_cdc_pntr.wr_pntr_cdc_inst/dest_graysync_ff_reg[0][0]
  -------------------------------------------------------------------
                         data arrival                           1.390    <hidden>
                         clock arrival                          4.764    <hidden>
  -------------------------------------------------------------------
                         relative delay                        -3.374    <hidden>



Id: 3
set_bus_skew -from [get_cells [list {System_i/axi_ethernetlite_0/U0/XEMAC_I/EMAC_I/RX/INST_RX_INTRFCE/I_RX_FIFO/gnuram_async_fifo.xpm_fifo_base_inst/gen_cdc_pntr.rd_pntr_cdc_inst/src_gray_ff_reg[0]} {System_i/axi_ethernetlite_0/U0/XEMAC_I/EMAC_I/RX/INST_RX_INTRFCE/I_RX_FIFO/gnuram_async_fifo.xpm_fifo_base_inst/gen_cdc_pntr.rd_pntr_cdc_inst/src_gray_ff_reg[1]} {System_i/axi_ethernetlite_0/U0/XEMAC_I/EMAC_I/RX/INST_RX_INTRFCE/I_RX_FIFO/gnuram_async_fifo.xpm_fifo_base_inst/gen_cdc_pntr.rd_pntr_cdc_inst/src_gray_ff_reg[2]} {System_i/axi_ethernetlite_0/U0/XEMAC_I/EMAC_I/RX/INST_RX_INTRFCE/I_RX_FIFO/gnuram_async_fifo.xpm_fifo_base_inst/gen_cdc_pntr.rd_pntr_cdc_inst/src_gray_ff_reg[3]}]] -to [get_cells [list {System_i/axi_ethernetlite_0/U0/XEMAC_I/EMAC_I/RX/INST_RX_INTRFCE/I_RX_FIFO/gnuram_async_fifo.xpm_fifo_base_inst/gen_cdc_pntr.rd_pntr_cdc_inst/dest_graysync_ff_reg[0][0]} {System_i/axi_ethernetlite_0/U0/XEMAC_I/EMAC_I/RX/INST_RX_INTRFCE/I_RX_FIFO/gnuram_async_fifo.xpm_fifo_base_inst/gen_cdc_pntr.rd_pntr_cdc_inst/dest_graysync_ff_reg[0][1]} {System_i/axi_ethernetlite_0/U0/XEMAC_I/EMAC_I/RX/INST_RX_INTRFCE/I_RX_FIFO/gnuram_async_fifo.xpm_fifo_base_inst/gen_cdc_pntr.rd_pntr_cdc_inst/dest_graysync_ff_reg[0][2]} {System_i/axi_ethernetlite_0/U0/XEMAC_I/EMAC_I/RX/INST_RX_INTRFCE/I_RX_FIFO/gnuram_async_fifo.xpm_fifo_base_inst/gen_cdc_pntr.rd_pntr_cdc_inst/dest_graysync_ff_reg[0][3]}]] 10.000
Requirement: 10.000ns
Endpoints: 4

From Clock            To Clock              Endpoint Pin                    Reference Pin                   Corner  Actual(ns)  Slack(ns)
--------------------  --------------------  ------------------------------  ------------------------------  ------  ----------  ---------
clk_pll_i             MII_0_rx_clk          System_i/axi_ethernetlite_0/U0/XEMAC_I/EMAC_I/RX/INST_RX_INTRFCE/I_RX_FIFO/gnuram_async_fifo.xpm_fifo_base_inst/gen_cdc_pntr.rd_pntr_cdc_inst/dest_graysync_ff_reg[0][3]/D
                                                                            System_i/axi_ethernetlite_0/U0/XEMAC_I/EMAC_I/RX/INST_RX_INTRFCE/I_RX_FIFO/gnuram_async_fifo.xpm_fifo_base_inst/gen_cdc_pntr.rd_pntr_cdc_inst/dest_graysync_ff_reg[0][2]/D
                                                                                                            Slow         0.498      9.502


Slack (MET) :             9.502ns  (requirement - actual skew)
  Endpoint Source:        System_i/axi_ethernetlite_0/U0/XEMAC_I/EMAC_I/RX/INST_RX_INTRFCE/I_RX_FIFO/gnuram_async_fifo.xpm_fifo_base_inst/gen_cdc_pntr.rd_pntr_cdc_inst/src_gray_ff_reg[3]/C
                            (rising edge-triggered cell FDRE clocked by clk_pll_i)
  Endpoint Destination:   System_i/axi_ethernetlite_0/U0/XEMAC_I/EMAC_I/RX/INST_RX_INTRFCE/I_RX_FIFO/gnuram_async_fifo.xpm_fifo_base_inst/gen_cdc_pntr.rd_pntr_cdc_inst/dest_graysync_ff_reg[0][3]/D
                            (rising edge-triggered cell FDRE clocked by MII_0_rx_clk)
  Reference Source:       System_i/axi_ethernetlite_0/U0/XEMAC_I/EMAC_I/RX/INST_RX_INTRFCE/I_RX_FIFO/gnuram_async_fifo.xpm_fifo_base_inst/gen_cdc_pntr.rd_pntr_cdc_inst/src_gray_ff_reg[2]/C
                            (rising edge-triggered cell FDRE clocked by clk_pll_i)
  Reference Destination:  System_i/axi_ethernetlite_0/U0/XEMAC_I/EMAC_I/RX/INST_RX_INTRFCE/I_RX_FIFO/gnuram_async_fifo.xpm_fifo_base_inst/gen_cdc_pntr.rd_pntr_cdc_inst/dest_graysync_ff_reg[0][2]/D
                            (rising edge-triggered cell FDRE clocked by MII_0_rx_clk)
  Path Type:              Bus Skew (Max at Slow Process Corner)
  Requirement:            10.000ns
  Endpoint Relative Delay:   -1.991ns
  Reference Relative Delay:  -3.345ns
  Relative CRPR:              0.856ns
  Actual Bus Skew:            0.498ns  (Endpoint Relative Delay - Reference Relative Delay - Relative CRPR)

Endpoint path:
    Location             Delay type                Incr(ns)  Path(ns)    Netlist Resource(s)
  -------------------------------------------------------------------    -------------------
                         (clock clk_pll_i rise edge)
                                                      0.000     0.000 r  <hidden>
    N11                                               0.000     0.000 r  sys_clk
                         net (fo=0)                   0.000     0.000    System_i/clk_wiz_0/inst/clk_in1
    N11                  IBUF (Prop_ibuf_I_O)         1.450     1.450 r  System_i/clk_wiz_0/inst/clkin1_ibufg/O
                         net (fo=1, routed)           1.065     2.515    System_i/clk_wiz_0/inst/clk_in1_System_clk_wiz_0_0
    MMCME2_ADV_X0Y0      MMCME2_ADV (Prop_mmcme2_adv_CLKIN1_CLKOUT1)
                                                     -5.924    -3.410 r  System_i/clk_wiz_0/inst/mmcm_adv_inst/CLKOUT1
                         net (fo=1, routed)           1.425    -1.985    System_i/clk_wiz_0/inst/clk_out2_System_clk_wiz_0_0
    BUFGCTRL_X0Y0        BUFG (Prop_bufg_I_O)         0.081    -1.904 r  System_i/clk_wiz_0/inst/clkout2_buf/O
                         net (fo=63, routed)          1.393    -0.511    System_i/mig_7series_0/u_System_mig_7series_0_0_mig/u_ddr3_infrastructure/plle2_i_0
    PLLE2_ADV_X0Y1       PLLE2_ADV (Prop_plle2_adv_CLKIN1_CLKOUT3)
                                                      0.077    -0.434 r  System_i/mig_7series_0/u_System_mig_7series_0_0_mig/u_ddr3_infrastructure/plle2_i/CLKOUT3
                         net (fo=1, routed)           1.066     0.632    System_i/mig_7series_0/u_System_mig_7series_0_0_mig/u_ddr3_infrastructure/pll_clk3_out
    BUFHCE_X0Y12         BUFH (Prop_bufh_I_O)         0.106     0.738 r  System_i/mig_7series_0/u_System_mig_7series_0_0_mig/u_ddr3_infrastructure/u_bufh_pll_clk3/O
                         net (fo=1, routed)           0.701     1.439    System_i/mig_7series_0/u_System_mig_7series_0_0_mig/u_ddr3_infrastructure/pll_clk3
    MMCME2_ADV_X0Y1      MMCME2_ADV (Prop_mmcme2_adv_CLKIN1_CLKFBOUT)
                                                     -2.877    -1.438 r  System_i/mig_7series_0/u_System_mig_7series_0_0_mig/u_ddr3_infrastructure/gen_mmcm.mmcm_i/CLKFBOUT
                         net (fo=1, routed)           1.425    -0.013    System_i/mig_7series_0/u_System_mig_7series_0_0_mig/u_ddr3_infrastructure/clk_pll_i
    BUFGCTRL_X0Y16       BUFG (Prop_bufg_I_O)         0.081     0.068 r  System_i/mig_7series_0/u_System_mig_7series_0_0_mig/u_ddr3_infrastructure/u_bufg_clkdiv0/O
                         net (fo=14635, routed)       1.442     1.510    System_i/axi_ethernetlite_0/U0/XEMAC_I/EMAC_I/RX/INST_RX_INTRFCE/I_RX_FIFO/gnuram_async_fifo.xpm_fifo_base_inst/gen_cdc_pntr.rd_pntr_cdc_inst/src_clk
    SLICE_X60Y1          FDRE                                         r  System_i/axi_ethernetlite_0/U0/XEMAC_I/EMAC_I/RX/INST_RX_INTRFCE/I_RX_FIFO/gnuram_async_fifo.xpm_fifo_base_inst/gen_cdc_pntr.rd_pntr_cdc_inst/src_gray_ff_reg[3]/C
  -------------------------------------------------------------------    -------------------
    SLICE_X60Y1          FDRE (Prop_fdre_C_Q)         0.433     1.943 r  System_i/axi_ethernetlite_0/U0/XEMAC_I/EMAC_I/RX/INST_RX_INTRFCE/I_RX_FIFO/gnuram_async_fifo.xpm_fifo_base_inst/gen_cdc_pntr.rd_pntr_cdc_inst/src_gray_ff_reg[3]/Q
                         net (fo=1, routed)           0.351     2.294    System_i/axi_ethernetlite_0/U0/XEMAC_I/EMAC_I/RX/INST_RX_INTRFCE/I_RX_FIFO/gnuram_async_fifo.xpm_fifo_base_inst/gen_cdc_pntr.rd_pntr_cdc_inst/async_path[3]
    SLICE_X63Y1          FDRE                                         r  System_i/axi_ethernetlite_0/U0/XEMAC_I/EMAC_I/RX/INST_RX_INTRFCE/I_RX_FIFO/gnuram_async_fifo.xpm_fifo_base_inst/gen_cdc_pntr.rd_pntr_cdc_inst/dest_graysync_ff_reg[0][3]/D
  -------------------------------------------------------------------    -------------------

                         (clock MII_0_rx_clk rise edge)
                                                      0.000     0.000 r  <hidden>
    F5                                                0.000     0.000 r  MII_0_rx_clk
                         net (fo=0)                   0.000     0.000    System_i/axi_ethernetlite_0/U0/phy_rx_clk
    F5                   IBUF (Prop_ibuf_I_O)         1.351     1.351 r  System_i/axi_ethernetlite_0/U0/NO_LOOPBACK_GEN.INCLUDE_BUFG_GEN.RX_IBUF_INST/O
                         net (fo=1, routed)           1.599     2.950    System_i/axi_ethernetlite_0/U0/NO_LOOPBACK_GEN.INCLUDE_BUFG_GEN.RX_IBUF_INST_n_0
    BUFGCTRL_X0Y17       BUFG (Prop_bufg_I_O)         0.077     3.027 r  System_i/axi_ethernetlite_0/U0/NO_LOOPBACK_GEN.INCLUDE_BUFG_GEN.CLOCK_BUFG_RX/O
                         net (fo=64, routed)          1.333     4.359    System_i/axi_ethernetlite_0/U0/XEMAC_I/EMAC_I/RX/INST_RX_INTRFCE/I_RX_FIFO/gnuram_async_fifo.xpm_fifo_base_inst/gen_cdc_pntr.rd_pntr_cdc_inst/dest_clk
    SLICE_X63Y1          FDRE                                         r  System_i/axi_ethernetlite_0/U0/XEMAC_I/EMAC_I/RX/INST_RX_INTRFCE/I_RX_FIFO/gnuram_async_fifo.xpm_fifo_base_inst/gen_cdc_pntr.rd_pntr_cdc_inst/dest_graysync_ff_reg[0][3]/C
                         clock pessimism              0.000     4.359    <hidden>
    SLICE_X63Y1          FDRE (Setup_fdre_C_D)       -0.075     4.284    System_i/axi_ethernetlite_0/U0/XEMAC_I/EMAC_I/RX/INST_RX_INTRFCE/I_RX_FIFO/gnuram_async_fifo.xpm_fifo_base_inst/gen_cdc_pntr.rd_pntr_cdc_inst/dest_graysync_ff_reg[0][3]
  -------------------------------------------------------------------
                         data arrival                           2.294    <hidden>
                         clock arrival                          4.284    <hidden>
  -------------------------------------------------------------------
                         relative delay                        -1.991    <hidden>

Reference path:
    Location             Delay type                Incr(ns)  Path(ns)    Netlist Resource(s)
  -------------------------------------------------------------------    -------------------
                         (clock clk_pll_i rise edge)
                                                      0.000     0.000 r  <hidden>
    N11                                               0.000     0.000 r  sys_clk
                         net (fo=0)                   0.000     0.000    System_i/clk_wiz_0/inst/clk_in1
    N11                  IBUF (Prop_ibuf_I_O)         1.384     1.384 r  System_i/clk_wiz_0/inst/clkin1_ibufg/O
                         net (fo=1, routed)           1.004     2.387    System_i/clk_wiz_0/inst/clk_in1_System_clk_wiz_0_0
    MMCME2_ADV_X0Y0      MMCME2_ADV (Prop_mmcme2_adv_CLKIN1_CLKOUT1)
                                                     -6.061    -3.674 r  System_i/clk_wiz_0/inst/mmcm_adv_inst/CLKOUT1
                         net (fo=1, routed)           1.357    -2.317    System_i/clk_wiz_0/inst/clk_out2_System_clk_wiz_0_0
    BUFGCTRL_X0Y0        BUFG (Prop_bufg_I_O)         0.077    -2.240 r  System_i/clk_wiz_0/inst/clkout2_buf/O
                         net (fo=63, routed)          1.289    -0.950    System_i/mig_7series_0/u_System_mig_7series_0_0_mig/u_ddr3_infrastructure/plle2_i_0
    PLLE2_ADV_X0Y1       PLLE2_ADV (Prop_plle2_adv_CLKIN1_CLKOUT3)
                                                      0.073    -0.877 r  System_i/mig_7series_0/u_System_mig_7series_0_0_mig/u_ddr3_infrastructure/plle2_i/CLKOUT3
                         net (fo=1, routed)           0.934     0.057    System_i/mig_7series_0/u_System_mig_7series_0_0_mig/u_ddr3_infrastructure/pll_clk3_out
    BUFHCE_X0Y12         BUFH (Prop_bufh_I_O)         0.069     0.126 r  System_i/mig_7series_0/u_System_mig_7series_0_0_mig/u_ddr3_infrastructure/u_bufh_pll_clk3/O
                         net (fo=1, routed)           0.663     0.789    System_i/mig_7series_0/u_System_mig_7series_0_0_mig/u_ddr3_infrastructure/pll_clk3
    MMCME2_ADV_X0Y1      MMCME2_ADV (Prop_mmcme2_adv_CLKIN1_CLKFBOUT)
                                                     -2.703    -1.914 r  System_i/mig_7series_0/u_System_mig_7series_0_0_mig/u_ddr3_infrastructure/gen_mmcm.mmcm_i/CLKFBOUT
                         net (fo=1, routed)           1.357    -0.557    System_i/mig_7series_0/u_System_mig_7series_0_0_mig/u_ddr3_infrastructure/clk_pll_i
    BUFGCTRL_X0Y16       BUFG (Prop_bufg_I_O)         0.077    -0.480 r  System_i/mig_7series_0/u_System_mig_7series_0_0_mig/u_ddr3_infrastructure/u_bufg_clkdiv0/O
                         net (fo=14635, routed)       1.332     0.852    System_i/axi_ethernetlite_0/U0/XEMAC_I/EMAC_I/RX/INST_RX_INTRFCE/I_RX_FIFO/gnuram_async_fifo.xpm_fifo_base_inst/gen_cdc_pntr.rd_pntr_cdc_inst/src_clk
    SLICE_X61Y3          FDRE                                         r  System_i/axi_ethernetlite_0/U0/XEMAC_I/EMAC_I/RX/INST_RX_INTRFCE/I_RX_FIFO/gnuram_async_fifo.xpm_fifo_base_inst/gen_cdc_pntr.rd_pntr_cdc_inst/src_gray_ff_reg[2]/C
  -------------------------------------------------------------------    -------------------
    SLICE_X61Y3          FDRE (Prop_fdre_C_Q)         0.304     1.156 r  System_i/axi_ethernetlite_0/U0/XEMAC_I/EMAC_I/RX/INST_RX_INTRFCE/I_RX_FIFO/gnuram_async_fifo.xpm_fifo_base_inst/gen_cdc_pntr.rd_pntr_cdc_inst/src_gray_ff_reg[2]/Q
                         net (fo=1, routed)           0.318     1.474    System_i/axi_ethernetlite_0/U0/XEMAC_I/EMAC_I/RX/INST_RX_INTRFCE/I_RX_FIFO/gnuram_async_fifo.xpm_fifo_base_inst/gen_cdc_pntr.rd_pntr_cdc_inst/async_path[2]
    SLICE_X60Y2          FDRE                                         r  System_i/axi_ethernetlite_0/U0/XEMAC_I/EMAC_I/RX/INST_RX_INTRFCE/I_RX_FIFO/gnuram_async_fifo.xpm_fifo_base_inst/gen_cdc_pntr.rd_pntr_cdc_inst/dest_graysync_ff_reg[0][2]/D
  -------------------------------------------------------------------    -------------------

                         (clock MII_0_rx_clk rise edge)
                                                      0.000     0.000 r  <hidden>
    F5                                                0.000     0.000 r  MII_0_rx_clk
                         net (fo=0)                   0.000     0.000    System_i/axi_ethernetlite_0/U0/phy_rx_clk
    F5                   IBUF (Prop_ibuf_I_O)         1.417     1.417 r  System_i/axi_ethernetlite_0/U0/NO_LOOPBACK_GEN.INCLUDE_BUFG_GEN.RX_IBUF_INST/O
                         net (fo=1, routed)           1.689     3.105    System_i/axi_ethernetlite_0/U0/NO_LOOPBACK_GEN.INCLUDE_BUFG_GEN.RX_IBUF_INST_n_0
    BUFGCTRL_X0Y17       BUFG (Prop_bufg_I_O)         0.081     3.186 r  System_i/axi_ethernetlite_0/U0/NO_LOOPBACK_GEN.INCLUDE_BUFG_GEN.CLOCK_BUFG_RX/O
                         net (fo=64, routed)          1.442     4.628    System_i/axi_ethernetlite_0/U0/XEMAC_I/EMAC_I/RX/INST_RX_INTRFCE/I_RX_FIFO/gnuram_async_fifo.xpm_fifo_base_inst/gen_cdc_pntr.rd_pntr_cdc_inst/dest_clk
    SLICE_X60Y2          FDRE                                         r  System_i/axi_ethernetlite_0/U0/XEMAC_I/EMAC_I/RX/INST_RX_INTRFCE/I_RX_FIFO/gnuram_async_fifo.xpm_fifo_base_inst/gen_cdc_pntr.rd_pntr_cdc_inst/dest_graysync_ff_reg[0][2]/C
                         clock pessimism              0.000     4.628    <hidden>
    SLICE_X60Y2          FDRE (Hold_fdre_C_D)         0.191     4.819    System_i/axi_ethernetlite_0/U0/XEMAC_I/EMAC_I/RX/INST_RX_INTRFCE/I_RX_FIFO/gnuram_async_fifo.xpm_fifo_base_inst/gen_cdc_pntr.rd_pntr_cdc_inst/dest_graysync_ff_reg[0][2]
  -------------------------------------------------------------------
                         data arrival                           1.474    <hidden>
                         clock arrival                          4.819    <hidden>
  -------------------------------------------------------------------
                         relative delay                        -3.345    <hidden>



Id: 4
set_bus_skew -from [get_cells [list {System_i/axi_ethernetlite_0/U0/XEMAC_I/EMAC_I/RX/INST_RX_INTRFCE/I_RX_FIFO/gnuram_async_fifo.xpm_fifo_base_inst/gen_cdc_pntr.wr_pntr_cdc_inst/src_gray_ff_reg[0]} {System_i/axi_ethernetlite_0/U0/XEMAC_I/EMAC_I/RX/INST_RX_INTRFCE/I_RX_FIFO/gnuram_async_fifo.xpm_fifo_base_inst/gen_cdc_pntr.wr_pntr_cdc_inst/src_gray_ff_reg[1]} {System_i/axi_ethernetlite_0/U0/XEMAC_I/EMAC_I/RX/INST_RX_INTRFCE/I_RX_FIFO/gnuram_async_fifo.xpm_fifo_base_inst/gen_cdc_pntr.wr_pntr_cdc_inst/src_gray_ff_reg[2]} {System_i/axi_ethernetlite_0/U0/XEMAC_I/EMAC_I/RX/INST_RX_INTRFCE/I_RX_FIFO/gnuram_async_fifo.xpm_fifo_base_inst/gen_cdc_pntr.wr_pntr_cdc_inst/src_gray_ff_reg[3]}]] -to [get_cells [list {System_i/axi_ethernetlite_0/U0/XEMAC_I/EMAC_I/RX/INST_RX_INTRFCE/I_RX_FIFO/gnuram_async_fifo.xpm_fifo_base_inst/gen_cdc_pntr.wr_pntr_cdc_inst/dest_graysync_ff_reg[0][0]} {System_i/axi_ethernetlite_0/U0/XEMAC_I/EMAC_I/RX/INST_RX_INTRFCE/I_RX_FIFO/gnuram_async_fifo.xpm_fifo_base_inst/gen_cdc_pntr.wr_pntr_cdc_inst/dest_graysync_ff_reg[0][1]} {System_i/axi_ethernetlite_0/U0/XEMAC_I/EMAC_I/RX/INST_RX_INTRFCE/I_RX_FIFO/gnuram_async_fifo.xpm_fifo_base_inst/gen_cdc_pntr.wr_pntr_cdc_inst/dest_graysync_ff_reg[0][2]} {System_i/axi_ethernetlite_0/U0/XEMAC_I/EMAC_I/RX/INST_RX_INTRFCE/I_RX_FIFO/gnuram_async_fifo.xpm_fifo_base_inst/gen_cdc_pntr.wr_pntr_cdc_inst/dest_graysync_ff_reg[0][3]}]] 10.000
Requirement: 10.000ns
Endpoints: 4

From Clock            To Clock              Endpoint Pin                    Reference Pin                   Corner  Actual(ns)  Slack(ns)
--------------------  --------------------  ------------------------------  ------------------------------  ------  ----------  ---------
MII_0_rx_clk          clk_pll_i             System_i/axi_ethernetlite_0/U0/XEMAC_I/EMAC_I/RX/INST_RX_INTRFCE/I_RX_FIFO/gnuram_async_fifo.xpm_fifo_base_inst/gen_cdc_pntr.wr_pntr_cdc_inst/dest_graysync_ff_reg[0][1]/D
                                                                            System_i/axi_ethernetlite_0/U0/XEMAC_I/EMAC_I/RX/INST_RX_INTRFCE/I_RX_FIFO/gnuram_async_fifo.xpm_fifo_base_inst/gen_cdc_pntr.wr_pntr_cdc_inst/dest_graysync_ff_reg[0][0]/D
                                                                                                            Slow         0.584      9.416


Slack (MET) :             9.416ns  (requirement - actual skew)
  Endpoint Source:        System_i/axi_ethernetlite_0/U0/XEMAC_I/EMAC_I/RX/INST_RX_INTRFCE/I_RX_FIFO/gnuram_async_fifo.xpm_fifo_base_inst/gen_cdc_pntr.wr_pntr_cdc_inst/src_gray_ff_reg[1]/C
                            (rising edge-triggered cell FDRE clocked by MII_0_rx_clk)
  Endpoint Destination:   System_i/axi_ethernetlite_0/U0/XEMAC_I/EMAC_I/RX/INST_RX_INTRFCE/I_RX_FIFO/gnuram_async_fifo.xpm_fifo_base_inst/gen_cdc_pntr.wr_pntr_cdc_inst/dest_graysync_ff_reg[0][1]/D
                            (rising edge-triggered cell FDRE clocked by clk_pll_i)
  Reference Source:       System_i/axi_ethernetlite_0/U0/XEMAC_I/EMAC_I/RX/INST_RX_INTRFCE/I_RX_FIFO/gnuram_async_fifo.xpm_fifo_base_inst/gen_cdc_pntr.wr_pntr_cdc_inst/src_gray_ff_reg[0]/C
                            (rising edge-triggered cell FDRE clocked by MII_0_rx_clk)
  Reference Destination:  System_i/axi_ethernetlite_0/U0/XEMAC_I/EMAC_I/RX/INST_RX_INTRFCE/I_RX_FIFO/gnuram_async_fifo.xpm_fifo_base_inst/gen_cdc_pntr.wr_pntr_cdc_inst/dest_graysync_ff_reg[0][0]/D
                            (rising edge-triggered cell FDRE clocked by clk_pll_i)
  Path Type:              Bus Skew (Max at Slow Process Corner)
  Requirement:            10.000ns
  Endpoint Relative Delay:    4.711ns
  Reference Relative Delay:   3.200ns
  Relative CRPR:              0.927ns
  Actual Bus Skew:            0.584ns  (Endpoint Relative Delay - Reference Relative Delay - Relative CRPR)

Endpoint path:
    Location             Delay type                Incr(ns)  Path(ns)    Netlist Resource(s)
  -------------------------------------------------------------------    -------------------
                         (clock MII_0_rx_clk rise edge)
                                                      0.000     0.000 r  <hidden>
    F5                                                0.000     0.000 r  MII_0_rx_clk
                         net (fo=0)                   0.000     0.000    System_i/axi_ethernetlite_0/U0/phy_rx_clk
    F5                   IBUF (Prop_ibuf_I_O)         1.417     1.417 r  System_i/axi_ethernetlite_0/U0/NO_LOOPBACK_GEN.INCLUDE_BUFG_GEN.RX_IBUF_INST/O
                         net (fo=1, routed)           1.689     3.105    System_i/axi_ethernetlite_0/U0/NO_LOOPBACK_GEN.INCLUDE_BUFG_GEN.RX_IBUF_INST_n_0
    BUFGCTRL_X0Y17       BUFG (Prop_bufg_I_O)         0.081     3.186 r  System_i/axi_ethernetlite_0/U0/NO_LOOPBACK_GEN.INCLUDE_BUFG_GEN.CLOCK_BUFG_RX/O
                         net (fo=64, routed)          1.442     4.628    System_i/axi_ethernetlite_0/U0/XEMAC_I/EMAC_I/RX/INST_RX_INTRFCE/I_RX_FIFO/gnuram_async_fifo.xpm_fifo_base_inst/gen_cdc_pntr.wr_pntr_cdc_inst/src_clk
    SLICE_X60Y2          FDRE                                         r  System_i/axi_ethernetlite_0/U0/XEMAC_I/EMAC_I/RX/INST_RX_INTRFCE/I_RX_FIFO/gnuram_async_fifo.xpm_fifo_base_inst/gen_cdc_pntr.wr_pntr_cdc_inst/src_gray_ff_reg[1]/C
  -------------------------------------------------------------------    -------------------
    SLICE_X60Y2          FDRE (Prop_fdre_C_Q)         0.398     5.026 r  System_i/axi_ethernetlite_0/U0/XEMAC_I/EMAC_I/RX/INST_RX_INTRFCE/I_RX_FIFO/gnuram_async_fifo.xpm_fifo_base_inst/gen_cdc_pntr.wr_pntr_cdc_inst/src_gray_ff_reg[1]/Q
                         net (fo=1, routed)           0.379     5.405    System_i/axi_ethernetlite_0/U0/XEMAC_I/EMAC_I/RX/INST_RX_INTRFCE/I_RX_FIFO/gnuram_async_fifo.xpm_fifo_base_inst/gen_cdc_pntr.wr_pntr_cdc_inst/async_path[1]
    SLICE_X60Y3          FDRE                                         r  System_i/axi_ethernetlite_0/U0/XEMAC_I/EMAC_I/RX/INST_RX_INTRFCE/I_RX_FIFO/gnuram_async_fifo.xpm_fifo_base_inst/gen_cdc_pntr.wr_pntr_cdc_inst/dest_graysync_ff_reg[0][1]/D
  -------------------------------------------------------------------    -------------------

                         (clock clk_pll_i rise edge)
                                                      0.000     0.000 r  <hidden>
    N11                                               0.000     0.000 r  sys_clk
                         net (fo=0)                   0.000     0.000    System_i/clk_wiz_0/inst/clk_in1
    N11                  IBUF (Prop_ibuf_I_O)         1.384     1.384 r  System_i/clk_wiz_0/inst/clkin1_ibufg/O
                         net (fo=1, routed)           1.004     2.387    System_i/clk_wiz_0/inst/clk_in1_System_clk_wiz_0_0
    MMCME2_ADV_X0Y0      MMCME2_ADV (Prop_mmcme2_adv_CLKIN1_CLKOUT1)
                                                     -6.061    -3.674 r  System_i/clk_wiz_0/inst/mmcm_adv_inst/CLKOUT1
                         net (fo=1, routed)           1.357    -2.317    System_i/clk_wiz_0/inst/clk_out2_System_clk_wiz_0_0
    BUFGCTRL_X0Y0        BUFG (Prop_bufg_I_O)         0.077    -2.240 r  System_i/clk_wiz_0/inst/clkout2_buf/O
                         net (fo=63, routed)          1.289    -0.950    System_i/mig_7series_0/u_System_mig_7series_0_0_mig/u_ddr3_infrastructure/plle2_i_0
    PLLE2_ADV_X0Y1       PLLE2_ADV (Prop_plle2_adv_CLKIN1_CLKOUT3)
                                                      0.073    -0.877 r  System_i/mig_7series_0/u_System_mig_7series_0_0_mig/u_ddr3_infrastructure/plle2_i/CLKOUT3
                         net (fo=1, routed)           0.934     0.057    System_i/mig_7series_0/u_System_mig_7series_0_0_mig/u_ddr3_infrastructure/pll_clk3_out
    BUFHCE_X0Y12         BUFH (Prop_bufh_I_O)         0.069     0.126 r  System_i/mig_7series_0/u_System_mig_7series_0_0_mig/u_ddr3_infrastructure/u_bufh_pll_clk3/O
                         net (fo=1, routed)           0.663     0.789    System_i/mig_7series_0/u_System_mig_7series_0_0_mig/u_ddr3_infrastructure/pll_clk3
    MMCME2_ADV_X0Y1      MMCME2_ADV (Prop_mmcme2_adv_CLKIN1_CLKFBOUT)
                                                     -2.703    -1.914 r  System_i/mig_7series_0/u_System_mig_7series_0_0_mig/u_ddr3_infrastructure/gen_mmcm.mmcm_i/CLKFBOUT
                         net (fo=1, routed)           1.357    -0.557    System_i/mig_7series_0/u_System_mig_7series_0_0_mig/u_ddr3_infrastructure/clk_pll_i
    BUFGCTRL_X0Y16       BUFG (Prop_bufg_I_O)         0.077    -0.480 r  System_i/mig_7series_0/u_System_mig_7series_0_0_mig/u_ddr3_infrastructure/u_bufg_clkdiv0/O
                         net (fo=14635, routed)       1.332     0.852    System_i/axi_ethernetlite_0/U0/XEMAC_I/EMAC_I/RX/INST_RX_INTRFCE/I_RX_FIFO/gnuram_async_fifo.xpm_fifo_base_inst/gen_cdc_pntr.wr_pntr_cdc_inst/dest_clk
    SLICE_X60Y3          FDRE                                         r  System_i/axi_ethernetlite_0/U0/XEMAC_I/EMAC_I/RX/INST_RX_INTRFCE/I_RX_FIFO/gnuram_async_fifo.xpm_fifo_base_inst/gen_cdc_pntr.wr_pntr_cdc_inst/dest_graysync_ff_reg[0][1]/C
                         clock pessimism              0.000     0.852    <hidden>
    SLICE_X60Y3          FDRE (Setup_fdre_C_D)       -0.158     0.694    System_i/axi_ethernetlite_0/U0/XEMAC_I/EMAC_I/RX/INST_RX_INTRFCE/I_RX_FIFO/gnuram_async_fifo.xpm_fifo_base_inst/gen_cdc_pntr.wr_pntr_cdc_inst/dest_graysync_ff_reg[0][1]
  -------------------------------------------------------------------
                         data arrival                           5.405    <hidden>
                         clock arrival                          0.694    <hidden>
  -------------------------------------------------------------------
                         relative delay                         4.711    <hidden>

Reference path:
    Location             Delay type                Incr(ns)  Path(ns)    Netlist Resource(s)
  -------------------------------------------------------------------    -------------------
                         (clock MII_0_rx_clk rise edge)
                                                      0.000     0.000 r  <hidden>
    F5                                                0.000     0.000 r  MII_0_rx_clk
                         net (fo=0)                   0.000     0.000    System_i/axi_ethernetlite_0/U0/phy_rx_clk
    F5                   IBUF (Prop_ibuf_I_O)         1.351     1.351 r  System_i/axi_ethernetlite_0/U0/NO_LOOPBACK_GEN.INCLUDE_BUFG_GEN.RX_IBUF_INST/O
                         net (fo=1, routed)           1.599     2.950    System_i/axi_ethernetlite_0/U0/NO_LOOPBACK_GEN.INCLUDE_BUFG_GEN.RX_IBUF_INST_n_0
    BUFGCTRL_X0Y17       BUFG (Prop_bufg_I_O)         0.077     3.027 r  System_i/axi_ethernetlite_0/U0/NO_LOOPBACK_GEN.INCLUDE_BUFG_GEN.CLOCK_BUFG_RX/O
                         net (fo=64, routed)          1.332     4.358    System_i/axi_ethernetlite_0/U0/XEMAC_I/EMAC_I/RX/INST_RX_INTRFCE/I_RX_FIFO/gnuram_async_fifo.xpm_fifo_base_inst/gen_cdc_pntr.wr_pntr_cdc_inst/src_clk
    SLICE_X60Y2          FDRE                                         r  System_i/axi_ethernetlite_0/U0/XEMAC_I/EMAC_I/RX/INST_RX_INTRFCE/I_RX_FIFO/gnuram_async_fifo.xpm_fifo_base_inst/gen_cdc_pntr.wr_pntr_cdc_inst/src_gray_ff_reg[0]/C
  -------------------------------------------------------------------    -------------------
    SLICE_X60Y2          FDRE (Prop_fdre_C_Q)         0.347     4.705 r  System_i/axi_ethernetlite_0/U0/XEMAC_I/EMAC_I/RX/INST_RX_INTRFCE/I_RX_FIFO/gnuram_async_fifo.xpm_fifo_base_inst/gen_cdc_pntr.wr_pntr_cdc_inst/src_gray_ff_reg[0]/Q
                         net (fo=1, routed)           0.196     4.901    System_i/axi_ethernetlite_0/U0/XEMAC_I/EMAC_I/RX/INST_RX_INTRFCE/I_RX_FIFO/gnuram_async_fifo.xpm_fifo_base_inst/gen_cdc_pntr.wr_pntr_cdc_inst/async_path[0]
    SLICE_X60Y3          FDRE                                         r  System_i/axi_ethernetlite_0/U0/XEMAC_I/EMAC_I/RX/INST_RX_INTRFCE/I_RX_FIFO/gnuram_async_fifo.xpm_fifo_base_inst/gen_cdc_pntr.wr_pntr_cdc_inst/dest_graysync_ff_reg[0][0]/D
  -------------------------------------------------------------------    -------------------

                         (clock clk_pll_i rise edge)
                                                      0.000     0.000 r  <hidden>
    N11                                               0.000     0.000 r  sys_clk
                         net (fo=0)                   0.000     0.000    System_i/clk_wiz_0/inst/clk_in1
    N11                  IBUF (Prop_ibuf_I_O)         1.450     1.450 r  System_i/clk_wiz_0/inst/clkin1_ibufg/O
                         net (fo=1, routed)           1.065     2.515    System_i/clk_wiz_0/inst/clk_in1_System_clk_wiz_0_0
    MMCME2_ADV_X0Y0      MMCME2_ADV (Prop_mmcme2_adv_CLKIN1_CLKOUT1)
                                                     -5.924    -3.410 r  System_i/clk_wiz_0/inst/mmcm_adv_inst/CLKOUT1
                         net (fo=1, routed)           1.425    -1.985    System_i/clk_wiz_0/inst/clk_out2_System_clk_wiz_0_0
    BUFGCTRL_X0Y0        BUFG (Prop_bufg_I_O)         0.081    -1.904 r  System_i/clk_wiz_0/inst/clkout2_buf/O
                         net (fo=63, routed)          1.393    -0.511    System_i/mig_7series_0/u_System_mig_7series_0_0_mig/u_ddr3_infrastructure/plle2_i_0
    PLLE2_ADV_X0Y1       PLLE2_ADV (Prop_plle2_adv_CLKIN1_CLKOUT3)
                                                      0.077    -0.434 r  System_i/mig_7series_0/u_System_mig_7series_0_0_mig/u_ddr3_infrastructure/plle2_i/CLKOUT3
                         net (fo=1, routed)           1.066     0.632    System_i/mig_7series_0/u_System_mig_7series_0_0_mig/u_ddr3_infrastructure/pll_clk3_out
    BUFHCE_X0Y12         BUFH (Prop_bufh_I_O)         0.106     0.738 r  System_i/mig_7series_0/u_System_mig_7series_0_0_mig/u_ddr3_infrastructure/u_bufh_pll_clk3/O
                         net (fo=1, routed)           0.701     1.439    System_i/mig_7series_0/u_System_mig_7series_0_0_mig/u_ddr3_infrastructure/pll_clk3
    MMCME2_ADV_X0Y1      MMCME2_ADV (Prop_mmcme2_adv_CLKIN1_CLKFBOUT)
                                                     -2.877    -1.438 r  System_i/mig_7series_0/u_System_mig_7series_0_0_mig/u_ddr3_infrastructure/gen_mmcm.mmcm_i/CLKFBOUT
                         net (fo=1, routed)           1.425    -0.013    System_i/mig_7series_0/u_System_mig_7series_0_0_mig/u_ddr3_infrastructure/clk_pll_i
    BUFGCTRL_X0Y16       BUFG (Prop_bufg_I_O)         0.081     0.068 r  System_i/mig_7series_0/u_System_mig_7series_0_0_mig/u_ddr3_infrastructure/u_bufg_clkdiv0/O
                         net (fo=14635, routed)       1.442     1.510    System_i/axi_ethernetlite_0/U0/XEMAC_I/EMAC_I/RX/INST_RX_INTRFCE/I_RX_FIFO/gnuram_async_fifo.xpm_fifo_base_inst/gen_cdc_pntr.wr_pntr_cdc_inst/dest_clk
    SLICE_X60Y3          FDRE                                         r  System_i/axi_ethernetlite_0/U0/XEMAC_I/EMAC_I/RX/INST_RX_INTRFCE/I_RX_FIFO/gnuram_async_fifo.xpm_fifo_base_inst/gen_cdc_pntr.wr_pntr_cdc_inst/dest_graysync_ff_reg[0][0]/C
                         clock pessimism              0.000     1.510    <hidden>
    SLICE_X60Y3          FDRE (Hold_fdre_C_D)         0.191     1.701    System_i/axi_ethernetlite_0/U0/XEMAC_I/EMAC_I/RX/INST_RX_INTRFCE/I_RX_FIFO/gnuram_async_fifo.xpm_fifo_base_inst/gen_cdc_pntr.wr_pntr_cdc_inst/dest_graysync_ff_reg[0][0]
  -------------------------------------------------------------------
                         data arrival                           4.901    <hidden>
                         clock arrival                          1.701    <hidden>
  -------------------------------------------------------------------
                         relative delay                         3.200    <hidden>



Id: 5
set_bus_skew -from [get_cells [list {System_i/axi_ethernetlite_1/U0/XEMAC_I/EMAC_I/TX/INST_TX_INTRFCE/I_TX_FIFO/gnuram_async_fifo.xpm_fifo_base_inst/gen_cdc_pntr.rd_pntr_cdc_inst/src_gray_ff_reg[0]} {System_i/axi_ethernetlite_1/U0/XEMAC_I/EMAC_I/TX/INST_TX_INTRFCE/I_TX_FIFO/gnuram_async_fifo.xpm_fifo_base_inst/gen_cdc_pntr.rd_pntr_cdc_inst/src_gray_ff_reg[1]} {System_i/axi_ethernetlite_1/U0/XEMAC_I/EMAC_I/TX/INST_TX_INTRFCE/I_TX_FIFO/gnuram_async_fifo.xpm_fifo_base_inst/gen_cdc_pntr.rd_pntr_cdc_inst/src_gray_ff_reg[2]} {System_i/axi_ethernetlite_1/U0/XEMAC_I/EMAC_I/TX/INST_TX_INTRFCE/I_TX_FIFO/gnuram_async_fifo.xpm_fifo_base_inst/gen_cdc_pntr.rd_pntr_cdc_inst/src_gray_ff_reg[3]}]] -to [get_cells [list {System_i/axi_ethernetlite_1/U0/XEMAC_I/EMAC_I/TX/INST_TX_INTRFCE/I_TX_FIFO/gnuram_async_fifo.xpm_fifo_base_inst/gen_cdc_pntr.rd_pntr_cdc_inst/dest_graysync_ff_reg[0][0]} {System_i/axi_ethernetlite_1/U0/XEMAC_I/EMAC_I/TX/INST_TX_INTRFCE/I_TX_FIFO/gnuram_async_fifo.xpm_fifo_base_inst/gen_cdc_pntr.rd_pntr_cdc_inst/dest_graysync_ff_reg[0][1]} {System_i/axi_ethernetlite_1/U0/XEMAC_I/EMAC_I/TX/INST_TX_INTRFCE/I_TX_FIFO/gnuram_async_fifo.xpm_fifo_base_inst/gen_cdc_pntr.rd_pntr_cdc_inst/dest_graysync_ff_reg[0][2]} {System_i/axi_ethernetlite_1/U0/XEMAC_I/EMAC_I/TX/INST_TX_INTRFCE/I_TX_FIFO/gnuram_async_fifo.xpm_fifo_base_inst/gen_cdc_pntr.rd_pntr_cdc_inst/dest_graysync_ff_reg[0][3]}]] 10.000
Requirement: 10.000ns
Endpoints: 4

From Clock            To Clock              Endpoint Pin                    Reference Pin                   Corner  Actual(ns)  Slack(ns)
--------------------  --------------------  ------------------------------  ------------------------------  ------  ----------  ---------
MII_1_tx_clk          clk_pll_i             System_i/axi_ethernetlite_1/U0/XEMAC_I/EMAC_I/TX/INST_TX_INTRFCE/I_TX_FIFO/gnuram_async_fifo.xpm_fifo_base_inst/gen_cdc_pntr.rd_pntr_cdc_inst/dest_graysync_ff_reg[0][1]/D
                                                                            System_i/axi_ethernetlite_1/U0/XEMAC_I/EMAC_I/TX/INST_TX_INTRFCE/I_TX_FIFO/gnuram_async_fifo.xpm_fifo_base_inst/gen_cdc_pntr.rd_pntr_cdc_inst/dest_graysync_ff_reg[0][2]/D
                                                                                                            Slow         0.463      9.537


Slack (MET) :             9.537ns  (requirement - actual skew)
  Endpoint Source:        System_i/axi_ethernetlite_1/U0/XEMAC_I/EMAC_I/TX/INST_TX_INTRFCE/I_TX_FIFO/gnuram_async_fifo.xpm_fifo_base_inst/gen_cdc_pntr.rd_pntr_cdc_inst/src_gray_ff_reg[1]/C
                            (rising edge-triggered cell FDRE clocked by MII_1_tx_clk)
  Endpoint Destination:   System_i/axi_ethernetlite_1/U0/XEMAC_I/EMAC_I/TX/INST_TX_INTRFCE/I_TX_FIFO/gnuram_async_fifo.xpm_fifo_base_inst/gen_cdc_pntr.rd_pntr_cdc_inst/dest_graysync_ff_reg[0][1]/D
                            (rising edge-triggered cell FDRE clocked by clk_pll_i)
  Reference Source:       System_i/axi_ethernetlite_1/U0/XEMAC_I/EMAC_I/TX/INST_TX_INTRFCE/I_TX_FIFO/gnuram_async_fifo.xpm_fifo_base_inst/gen_cdc_pntr.rd_pntr_cdc_inst/src_gray_ff_reg[2]/C
                            (rising edge-triggered cell FDRE clocked by MII_1_tx_clk)
  Reference Destination:  System_i/axi_ethernetlite_1/U0/XEMAC_I/EMAC_I/TX/INST_TX_INTRFCE/I_TX_FIFO/gnuram_async_fifo.xpm_fifo_base_inst/gen_cdc_pntr.rd_pntr_cdc_inst/dest_graysync_ff_reg[0][2]/D
                            (rising edge-triggered cell FDRE clocked by clk_pll_i)
  Path Type:              Bus Skew (Max at Slow Process Corner)
  Requirement:            10.000ns
  Endpoint Relative Delay:    4.605ns
  Reference Relative Delay:   3.283ns
  Relative CRPR:              0.858ns
  Actual Bus Skew:            0.463ns  (Endpoint Relative Delay - Reference Relative Delay - Relative CRPR)

Endpoint path:
    Location             Delay type                Incr(ns)  Path(ns)    Netlist Resource(s)
  -------------------------------------------------------------------    -------------------
                         (clock MII_1_tx_clk rise edge)
                                                      0.000     0.000 r  <hidden>
    E3                                                0.000     0.000 r  MII_1_tx_clk
                         net (fo=0)                   0.000     0.000    System_i/axi_ethernetlite_1/U0/phy_tx_clk
    E3                   IBUF (Prop_ibuf_I_O)         1.423     1.423 r  System_i/axi_ethernetlite_1/U0/NO_LOOPBACK_GEN.INCLUDE_BUFG_GEN.TX_IBUF_INST/O
                         net (fo=1, routed)           1.689     3.112    System_i/axi_ethernetlite_1/U0/o
    BUFGCTRL_X0Y20       BUFG (Prop_bufg_I_O)         0.081     3.193 r  System_i/axi_ethernetlite_1/U0/NO_LOOPBACK_GEN.INCLUDE_BUFG_GEN.CLOCK_BUFG_TX/O
                         net (fo=60, routed)          1.377     4.570    System_i/axi_ethernetlite_1/U0/XEMAC_I/EMAC_I/TX/INST_TX_INTRFCE/I_TX_FIFO/gnuram_async_fifo.xpm_fifo_base_inst/gen_cdc_pntr.rd_pntr_cdc_inst/src_clk
    SLICE_X49Y1          FDRE                                         r  System_i/axi_ethernetlite_1/U0/XEMAC_I/EMAC_I/TX/INST_TX_INTRFCE/I_TX_FIFO/gnuram_async_fifo.xpm_fifo_base_inst/gen_cdc_pntr.rd_pntr_cdc_inst/src_gray_ff_reg[1]/C
  -------------------------------------------------------------------    -------------------
    SLICE_X49Y1          FDRE (Prop_fdre_C_Q)         0.348     4.918 r  System_i/axi_ethernetlite_1/U0/XEMAC_I/EMAC_I/TX/INST_TX_INTRFCE/I_TX_FIFO/gnuram_async_fifo.xpm_fifo_base_inst/gen_cdc_pntr.rd_pntr_cdc_inst/src_gray_ff_reg[1]/Q
                         net (fo=1, routed)           0.265     5.183    System_i/axi_ethernetlite_1/U0/XEMAC_I/EMAC_I/TX/INST_TX_INTRFCE/I_TX_FIFO/gnuram_async_fifo.xpm_fifo_base_inst/gen_cdc_pntr.rd_pntr_cdc_inst/async_path[1]
    SLICE_X48Y1          FDRE                                         r  System_i/axi_ethernetlite_1/U0/XEMAC_I/EMAC_I/TX/INST_TX_INTRFCE/I_TX_FIFO/gnuram_async_fifo.xpm_fifo_base_inst/gen_cdc_pntr.rd_pntr_cdc_inst/dest_graysync_ff_reg[0][1]/D
  -------------------------------------------------------------------    -------------------

                         (clock clk_pll_i rise edge)
                                                      0.000     0.000 r  <hidden>
    N11                                               0.000     0.000 r  sys_clk
                         net (fo=0)                   0.000     0.000    System_i/clk_wiz_0/inst/clk_in1
    N11                  IBUF (Prop_ibuf_I_O)         1.384     1.384 r  System_i/clk_wiz_0/inst/clkin1_ibufg/O
                         net (fo=1, routed)           1.004     2.387    System_i/clk_wiz_0/inst/clk_in1_System_clk_wiz_0_0
    MMCME2_ADV_X0Y0      MMCME2_ADV (Prop_mmcme2_adv_CLKIN1_CLKOUT1)
                                                     -6.061    -3.674 r  System_i/clk_wiz_0/inst/mmcm_adv_inst/CLKOUT1
                         net (fo=1, routed)           1.357    -2.317    System_i/clk_wiz_0/inst/clk_out2_System_clk_wiz_0_0
    BUFGCTRL_X0Y0        BUFG (Prop_bufg_I_O)         0.077    -2.240 r  System_i/clk_wiz_0/inst/clkout2_buf/O
                         net (fo=63, routed)          1.289    -0.950    System_i/mig_7series_0/u_System_mig_7series_0_0_mig/u_ddr3_infrastructure/plle2_i_0
    PLLE2_ADV_X0Y1       PLLE2_ADV (Prop_plle2_adv_CLKIN1_CLKOUT3)
                                                      0.073    -0.877 r  System_i/mig_7series_0/u_System_mig_7series_0_0_mig/u_ddr3_infrastructure/plle2_i/CLKOUT3
                         net (fo=1, routed)           0.934     0.057    System_i/mig_7series_0/u_System_mig_7series_0_0_mig/u_ddr3_infrastructure/pll_clk3_out
    BUFHCE_X0Y12         BUFH (Prop_bufh_I_O)         0.069     0.126 r  System_i/mig_7series_0/u_System_mig_7series_0_0_mig/u_ddr3_infrastructure/u_bufh_pll_clk3/O
                         net (fo=1, routed)           0.663     0.789    System_i/mig_7series_0/u_System_mig_7series_0_0_mig/u_ddr3_infrastructure/pll_clk3
    MMCME2_ADV_X0Y1      MMCME2_ADV (Prop_mmcme2_adv_CLKIN1_CLKFBOUT)
                                                     -2.703    -1.914 r  System_i/mig_7series_0/u_System_mig_7series_0_0_mig/u_ddr3_infrastructure/gen_mmcm.mmcm_i/CLKFBOUT
                         net (fo=1, routed)           1.357    -0.557    System_i/mig_7series_0/u_System_mig_7series_0_0_mig/u_ddr3_infrastructure/clk_pll_i
    BUFGCTRL_X0Y16       BUFG (Prop_bufg_I_O)         0.077    -0.480 r  System_i/mig_7series_0/u_System_mig_7series_0_0_mig/u_ddr3_infrastructure/u_bufg_clkdiv0/O
                         net (fo=14635, routed)       1.265     0.785    System_i/axi_ethernetlite_1/U0/XEMAC_I/EMAC_I/TX/INST_TX_INTRFCE/I_TX_FIFO/gnuram_async_fifo.xpm_fifo_base_inst/gen_cdc_pntr.rd_pntr_cdc_inst/dest_clk
    SLICE_X48Y1          FDRE                                         r  System_i/axi_ethernetlite_1/U0/XEMAC_I/EMAC_I/TX/INST_TX_INTRFCE/I_TX_FIFO/gnuram_async_fifo.xpm_fifo_base_inst/gen_cdc_pntr.rd_pntr_cdc_inst/dest_graysync_ff_reg[0][1]/C
                         clock pessimism              0.000     0.785    <hidden>
    SLICE_X48Y1          FDRE (Setup_fdre_C_D)       -0.207     0.578    System_i/axi_ethernetlite_1/U0/XEMAC_I/EMAC_I/TX/INST_TX_INTRFCE/I_TX_FIFO/gnuram_async_fifo.xpm_fifo_base_inst/gen_cdc_pntr.rd_pntr_cdc_inst/dest_graysync_ff_reg[0][1]
  -------------------------------------------------------------------
                         data arrival                           5.183    <hidden>
                         clock arrival                          0.578    <hidden>
  -------------------------------------------------------------------
                         relative delay                         4.605    <hidden>

Reference path:
    Location             Delay type                Incr(ns)  Path(ns)    Netlist Resource(s)
  -------------------------------------------------------------------    -------------------
                         (clock MII_1_tx_clk rise edge)
                                                      0.000     0.000 r  <hidden>
    E3                                                0.000     0.000 r  MII_1_tx_clk
                         net (fo=0)                   0.000     0.000    System_i/axi_ethernetlite_1/U0/phy_tx_clk
    E3                   IBUF (Prop_ibuf_I_O)         1.357     1.357 r  System_i/axi_ethernetlite_1/U0/NO_LOOPBACK_GEN.INCLUDE_BUFG_GEN.TX_IBUF_INST/O
                         net (fo=1, routed)           1.599     2.956    System_i/axi_ethernetlite_1/U0/o
    BUFGCTRL_X0Y20       BUFG (Prop_bufg_I_O)         0.077     3.033 r  System_i/axi_ethernetlite_1/U0/NO_LOOPBACK_GEN.INCLUDE_BUFG_GEN.CLOCK_BUFG_TX/O
                         net (fo=60, routed)          1.265     4.298    System_i/axi_ethernetlite_1/U0/XEMAC_I/EMAC_I/TX/INST_TX_INTRFCE/I_TX_FIFO/gnuram_async_fifo.xpm_fifo_base_inst/gen_cdc_pntr.rd_pntr_cdc_inst/src_clk
    SLICE_X50Y1          FDRE                                         r  System_i/axi_ethernetlite_1/U0/XEMAC_I/EMAC_I/TX/INST_TX_INTRFCE/I_TX_FIFO/gnuram_async_fifo.xpm_fifo_base_inst/gen_cdc_pntr.rd_pntr_cdc_inst/src_gray_ff_reg[2]/C
  -------------------------------------------------------------------    -------------------
    SLICE_X50Y1          FDRE (Prop_fdre_C_Q)         0.347     4.645 r  System_i/axi_ethernetlite_1/U0/XEMAC_I/EMAC_I/TX/INST_TX_INTRFCE/I_TX_FIFO/gnuram_async_fifo.xpm_fifo_base_inst/gen_cdc_pntr.rd_pntr_cdc_inst/src_gray_ff_reg[2]/Q
                         net (fo=1, routed)           0.219     4.864    System_i/axi_ethernetlite_1/U0/XEMAC_I/EMAC_I/TX/INST_TX_INTRFCE/I_TX_FIFO/gnuram_async_fifo.xpm_fifo_base_inst/gen_cdc_pntr.rd_pntr_cdc_inst/async_path[2]
    SLICE_X49Y0          FDRE                                         r  System_i/axi_ethernetlite_1/U0/XEMAC_I/EMAC_I/TX/INST_TX_INTRFCE/I_TX_FIFO/gnuram_async_fifo.xpm_fifo_base_inst/gen_cdc_pntr.rd_pntr_cdc_inst/dest_graysync_ff_reg[0][2]/D
  -------------------------------------------------------------------    -------------------

                         (clock clk_pll_i rise edge)
                                                      0.000     0.000 r  <hidden>
    N11                                               0.000     0.000 r  sys_clk
                         net (fo=0)                   0.000     0.000    System_i/clk_wiz_0/inst/clk_in1
    N11                  IBUF (Prop_ibuf_I_O)         1.450     1.450 r  System_i/clk_wiz_0/inst/clkin1_ibufg/O
                         net (fo=1, routed)           1.065     2.515    System_i/clk_wiz_0/inst/clk_in1_System_clk_wiz_0_0
    MMCME2_ADV_X0Y0      MMCME2_ADV (Prop_mmcme2_adv_CLKIN1_CLKOUT1)
                                                     -5.924    -3.410 r  System_i/clk_wiz_0/inst/mmcm_adv_inst/CLKOUT1
                         net (fo=1, routed)           1.425    -1.985    System_i/clk_wiz_0/inst/clk_out2_System_clk_wiz_0_0
    BUFGCTRL_X0Y0        BUFG (Prop_bufg_I_O)         0.081    -1.904 r  System_i/clk_wiz_0/inst/clkout2_buf/O
                         net (fo=63, routed)          1.393    -0.511    System_i/mig_7series_0/u_System_mig_7series_0_0_mig/u_ddr3_infrastructure/plle2_i_0
    PLLE2_ADV_X0Y1       PLLE2_ADV (Prop_plle2_adv_CLKIN1_CLKOUT3)
                                                      0.077    -0.434 r  System_i/mig_7series_0/u_System_mig_7series_0_0_mig/u_ddr3_infrastructure/plle2_i/CLKOUT3
                         net (fo=1, routed)           1.066     0.632    System_i/mig_7series_0/u_System_mig_7series_0_0_mig/u_ddr3_infrastructure/pll_clk3_out
    BUFHCE_X0Y12         BUFH (Prop_bufh_I_O)         0.106     0.738 r  System_i/mig_7series_0/u_System_mig_7series_0_0_mig/u_ddr3_infrastructure/u_bufh_pll_clk3/O
                         net (fo=1, routed)           0.701     1.439    System_i/mig_7series_0/u_System_mig_7series_0_0_mig/u_ddr3_infrastructure/pll_clk3
    MMCME2_ADV_X0Y1      MMCME2_ADV (Prop_mmcme2_adv_CLKIN1_CLKFBOUT)
                                                     -2.877    -1.438 r  System_i/mig_7series_0/u_System_mig_7series_0_0_mig/u_ddr3_infrastructure/gen_mmcm.mmcm_i/CLKFBOUT
                         net (fo=1, routed)           1.425    -0.013    System_i/mig_7series_0/u_System_mig_7series_0_0_mig/u_ddr3_infrastructure/clk_pll_i
    BUFGCTRL_X0Y16       BUFG (Prop_bufg_I_O)         0.081     0.068 r  System_i/mig_7series_0/u_System_mig_7series_0_0_mig/u_ddr3_infrastructure/u_bufg_clkdiv0/O
                         net (fo=14635, routed)       1.377     1.445    System_i/axi_ethernetlite_1/U0/XEMAC_I/EMAC_I/TX/INST_TX_INTRFCE/I_TX_FIFO/gnuram_async_fifo.xpm_fifo_base_inst/gen_cdc_pntr.rd_pntr_cdc_inst/dest_clk
    SLICE_X49Y0          FDRE                                         r  System_i/axi_ethernetlite_1/U0/XEMAC_I/EMAC_I/TX/INST_TX_INTRFCE/I_TX_FIFO/gnuram_async_fifo.xpm_fifo_base_inst/gen_cdc_pntr.rd_pntr_cdc_inst/dest_graysync_ff_reg[0][2]/C
                         clock pessimism              0.000     1.445    <hidden>
    SLICE_X49Y0          FDRE (Hold_fdre_C_D)         0.136     1.581    System_i/axi_ethernetlite_1/U0/XEMAC_I/EMAC_I/TX/INST_TX_INTRFCE/I_TX_FIFO/gnuram_async_fifo.xpm_fifo_base_inst/gen_cdc_pntr.rd_pntr_cdc_inst/dest_graysync_ff_reg[0][2]
  -------------------------------------------------------------------
                         data arrival                           4.864    <hidden>
                         clock arrival                          1.581    <hidden>
  -------------------------------------------------------------------
                         relative delay                         3.283    <hidden>



Id: 6
set_bus_skew -from [get_cells [list {System_i/axi_ethernetlite_1/U0/XEMAC_I/EMAC_I/TX/INST_TX_INTRFCE/I_TX_FIFO/gnuram_async_fifo.xpm_fifo_base_inst/gen_cdc_pntr.wr_pntr_cdc_inst/src_gray_ff_reg[0]} {System_i/axi_ethernetlite_1/U0/XEMAC_I/EMAC_I/TX/INST_TX_INTRFCE/I_TX_FIFO/gnuram_async_fifo.xpm_fifo_base_inst/gen_cdc_pntr.wr_pntr_cdc_inst/src_gray_ff_reg[1]} {System_i/axi_ethernetlite_1/U0/XEMAC_I/EMAC_I/TX/INST_TX_INTRFCE/I_TX_FIFO/gnuram_async_fifo.xpm_fifo_base_inst/gen_cdc_pntr.wr_pntr_cdc_inst/src_gray_ff_reg[2]} {System_i/axi_ethernetlite_1/U0/XEMAC_I/EMAC_I/TX/INST_TX_INTRFCE/I_TX_FIFO/gnuram_async_fifo.xpm_fifo_base_inst/gen_cdc_pntr.wr_pntr_cdc_inst/src_gray_ff_reg[3]}]] -to [get_cells [list {System_i/axi_ethernetlite_1/U0/XEMAC_I/EMAC_I/TX/INST_TX_INTRFCE/I_TX_FIFO/gnuram_async_fifo.xpm_fifo_base_inst/gen_cdc_pntr.wr_pntr_cdc_inst/dest_graysync_ff_reg[0][0]} {System_i/axi_ethernetlite_1/U0/XEMAC_I/EMAC_I/TX/INST_TX_INTRFCE/I_TX_FIFO/gnuram_async_fifo.xpm_fifo_base_inst/gen_cdc_pntr.wr_pntr_cdc_inst/dest_graysync_ff_reg[0][1]} {System_i/axi_ethernetlite_1/U0/XEMAC_I/EMAC_I/TX/INST_TX_INTRFCE/I_TX_FIFO/gnuram_async_fifo.xpm_fifo_base_inst/gen_cdc_pntr.wr_pntr_cdc_inst/dest_graysync_ff_reg[0][2]} {System_i/axi_ethernetlite_1/U0/XEMAC_I/EMAC_I/TX/INST_TX_INTRFCE/I_TX_FIFO/gnuram_async_fifo.xpm_fifo_base_inst/gen_cdc_pntr.wr_pntr_cdc_inst/dest_graysync_ff_reg[0][3]}]] 10.000
Requirement: 10.000ns
Endpoints: 4

From Clock            To Clock              Endpoint Pin                    Reference Pin                   Corner  Actual(ns)  Slack(ns)
--------------------  --------------------  ------------------------------  ------------------------------  ------  ----------  ---------
clk_pll_i             MII_1_tx_clk          System_i/axi_ethernetlite_1/U0/XEMAC_I/EMAC_I/TX/INST_TX_INTRFCE/I_TX_FIFO/gnuram_async_fifo.xpm_fifo_base_inst/gen_cdc_pntr.wr_pntr_cdc_inst/dest_graysync_ff_reg[0][1]/D
                                                                            System_i/axi_ethernetlite_1/U0/XEMAC_I/EMAC_I/TX/INST_TX_INTRFCE/I_TX_FIFO/gnuram_async_fifo.xpm_fifo_base_inst/gen_cdc_pntr.wr_pntr_cdc_inst/dest_graysync_ff_reg[0][2]/D
                                                                                                            Slow         0.688      9.312


Slack (MET) :             9.312ns  (requirement - actual skew)
  Endpoint Source:        System_i/axi_ethernetlite_1/U0/XEMAC_I/EMAC_I/TX/INST_TX_INTRFCE/I_TX_FIFO/gnuram_async_fifo.xpm_fifo_base_inst/gen_cdc_pntr.wr_pntr_cdc_inst/src_gray_ff_reg[1]/C
                            (rising edge-triggered cell FDRE clocked by clk_pll_i)
  Endpoint Destination:   System_i/axi_ethernetlite_1/U0/XEMAC_I/EMAC_I/TX/INST_TX_INTRFCE/I_TX_FIFO/gnuram_async_fifo.xpm_fifo_base_inst/gen_cdc_pntr.wr_pntr_cdc_inst/dest_graysync_ff_reg[0][1]/D
                            (rising edge-triggered cell FDRE clocked by MII_1_tx_clk)
  Reference Source:       System_i/axi_ethernetlite_1/U0/XEMAC_I/EMAC_I/TX/INST_TX_INTRFCE/I_TX_FIFO/gnuram_async_fifo.xpm_fifo_base_inst/gen_cdc_pntr.wr_pntr_cdc_inst/src_gray_ff_reg[2]/C
                            (rising edge-triggered cell FDRE clocked by clk_pll_i)
  Reference Destination:  System_i/axi_ethernetlite_1/U0/XEMAC_I/EMAC_I/TX/INST_TX_INTRFCE/I_TX_FIFO/gnuram_async_fifo.xpm_fifo_base_inst/gen_cdc_pntr.wr_pntr_cdc_inst/dest_graysync_ff_reg[0][2]/D
                            (rising edge-triggered cell FDRE clocked by MII_1_tx_clk)
  Path Type:              Bus Skew (Max at Slow Process Corner)
  Requirement:            10.000ns
  Endpoint Relative Delay:   -1.872ns
  Reference Relative Delay:  -3.418ns
  Relative CRPR:              0.858ns
  Actual Bus Skew:            0.688ns  (Endpoint Relative Delay - Reference Relative Delay - Relative CRPR)

Endpoint path:
    Location             Delay type                Incr(ns)  Path(ns)    Netlist Resource(s)
  -------------------------------------------------------------------    -------------------
                         (clock clk_pll_i rise edge)
                                                      0.000     0.000 r  <hidden>
    N11                                               0.000     0.000 r  sys_clk
                         net (fo=0)                   0.000     0.000    System_i/clk_wiz_0/inst/clk_in1
    N11                  IBUF (Prop_ibuf_I_O)         1.450     1.450 r  System_i/clk_wiz_0/inst/clkin1_ibufg/O
                         net (fo=1, routed)           1.065     2.515    System_i/clk_wiz_0/inst/clk_in1_System_clk_wiz_0_0
    MMCME2_ADV_X0Y0      MMCME2_ADV (Prop_mmcme2_adv_CLKIN1_CLKOUT1)
                                                     -5.924    -3.410 r  System_i/clk_wiz_0/inst/mmcm_adv_inst/CLKOUT1
                         net (fo=1, routed)           1.425    -1.985    System_i/clk_wiz_0/inst/clk_out2_System_clk_wiz_0_0
    BUFGCTRL_X0Y0        BUFG (Prop_bufg_I_O)         0.081    -1.904 r  System_i/clk_wiz_0/inst/clkout2_buf/O
                         net (fo=63, routed)          1.393    -0.511    System_i/mig_7series_0/u_System_mig_7series_0_0_mig/u_ddr3_infrastructure/plle2_i_0
    PLLE2_ADV_X0Y1       PLLE2_ADV (Prop_plle2_adv_CLKIN1_CLKOUT3)
                                                      0.077    -0.434 r  System_i/mig_7series_0/u_System_mig_7series_0_0_mig/u_ddr3_infrastructure/plle2_i/CLKOUT3
                         net (fo=1, routed)           1.066     0.632    System_i/mig_7series_0/u_System_mig_7series_0_0_mig/u_ddr3_infrastructure/pll_clk3_out
    BUFHCE_X0Y12         BUFH (Prop_bufh_I_O)         0.106     0.738 r  System_i/mig_7series_0/u_System_mig_7series_0_0_mig/u_ddr3_infrastructure/u_bufh_pll_clk3/O
                         net (fo=1, routed)           0.701     1.439    System_i/mig_7series_0/u_System_mig_7series_0_0_mig/u_ddr3_infrastructure/pll_clk3
    MMCME2_ADV_X0Y1      MMCME2_ADV (Prop_mmcme2_adv_CLKIN1_CLKFBOUT)
                                                     -2.877    -1.438 r  System_i/mig_7series_0/u_System_mig_7series_0_0_mig/u_ddr3_infrastructure/gen_mmcm.mmcm_i/CLKFBOUT
                         net (fo=1, routed)           1.425    -0.013    System_i/mig_7series_0/u_System_mig_7series_0_0_mig/u_ddr3_infrastructure/clk_pll_i
    BUFGCTRL_X0Y16       BUFG (Prop_bufg_I_O)         0.081     0.068 r  System_i/mig_7series_0/u_System_mig_7series_0_0_mig/u_ddr3_infrastructure/u_bufg_clkdiv0/O
                         net (fo=14635, routed)       1.373     1.441    System_i/axi_ethernetlite_1/U0/XEMAC_I/EMAC_I/TX/INST_TX_INTRFCE/I_TX_FIFO/gnuram_async_fifo.xpm_fifo_base_inst/gen_cdc_pntr.wr_pntr_cdc_inst/src_clk
    SLICE_X47Y0          FDRE                                         r  System_i/axi_ethernetlite_1/U0/XEMAC_I/EMAC_I/TX/INST_TX_INTRFCE/I_TX_FIFO/gnuram_async_fifo.xpm_fifo_base_inst/gen_cdc_pntr.wr_pntr_cdc_inst/src_gray_ff_reg[1]/C
  -------------------------------------------------------------------    -------------------
    SLICE_X47Y0          FDRE (Prop_fdre_C_Q)         0.348     1.789 r  System_i/axi_ethernetlite_1/U0/XEMAC_I/EMAC_I/TX/INST_TX_INTRFCE/I_TX_FIFO/gnuram_async_fifo.xpm_fifo_base_inst/gen_cdc_pntr.wr_pntr_cdc_inst/src_gray_ff_reg[1]/Q
                         net (fo=1, routed)           0.428     2.217    System_i/axi_ethernetlite_1/U0/XEMAC_I/EMAC_I/TX/INST_TX_INTRFCE/I_TX_FIFO/gnuram_async_fifo.xpm_fifo_base_inst/gen_cdc_pntr.wr_pntr_cdc_inst/async_path[1]
    SLICE_X49Y1          FDRE                                         r  System_i/axi_ethernetlite_1/U0/XEMAC_I/EMAC_I/TX/INST_TX_INTRFCE/I_TX_FIFO/gnuram_async_fifo.xpm_fifo_base_inst/gen_cdc_pntr.wr_pntr_cdc_inst/dest_graysync_ff_reg[0][1]/D
  -------------------------------------------------------------------    -------------------

                         (clock MII_1_tx_clk rise edge)
                                                      0.000     0.000 r  <hidden>
    E3                                                0.000     0.000 r  MII_1_tx_clk
                         net (fo=0)                   0.000     0.000    System_i/axi_ethernetlite_1/U0/phy_tx_clk
    E3                   IBUF (Prop_ibuf_I_O)         1.357     1.357 r  System_i/axi_ethernetlite_1/U0/NO_LOOPBACK_GEN.INCLUDE_BUFG_GEN.TX_IBUF_INST/O
                         net (fo=1, routed)           1.599     2.956    System_i/axi_ethernetlite_1/U0/o
    BUFGCTRL_X0Y20       BUFG (Prop_bufg_I_O)         0.077     3.033 r  System_i/axi_ethernetlite_1/U0/NO_LOOPBACK_GEN.INCLUDE_BUFG_GEN.CLOCK_BUFG_TX/O
                         net (fo=60, routed)          1.265     4.298    System_i/axi_ethernetlite_1/U0/XEMAC_I/EMAC_I/TX/INST_TX_INTRFCE/I_TX_FIFO/gnuram_async_fifo.xpm_fifo_base_inst/gen_cdc_pntr.wr_pntr_cdc_inst/dest_clk
    SLICE_X49Y1          FDRE                                         r  System_i/axi_ethernetlite_1/U0/XEMAC_I/EMAC_I/TX/INST_TX_INTRFCE/I_TX_FIFO/gnuram_async_fifo.xpm_fifo_base_inst/gen_cdc_pntr.wr_pntr_cdc_inst/dest_graysync_ff_reg[0][1]/C
                         clock pessimism              0.000     4.298    <hidden>
    SLICE_X49Y1          FDRE (Setup_fdre_C_D)       -0.209     4.089    System_i/axi_ethernetlite_1/U0/XEMAC_I/EMAC_I/TX/INST_TX_INTRFCE/I_TX_FIFO/gnuram_async_fifo.xpm_fifo_base_inst/gen_cdc_pntr.wr_pntr_cdc_inst/dest_graysync_ff_reg[0][1]
  -------------------------------------------------------------------
                         data arrival                           2.217    <hidden>
                         clock arrival                          4.089    <hidden>
  -------------------------------------------------------------------
                         relative delay                        -1.872    <hidden>

Reference path:
    Location             Delay type                Incr(ns)  Path(ns)    Netlist Resource(s)
  -------------------------------------------------------------------    -------------------
                         (clock clk_pll_i rise edge)
                                                      0.000     0.000 r  <hidden>
    N11                                               0.000     0.000 r  sys_clk
                         net (fo=0)                   0.000     0.000    System_i/clk_wiz_0/inst/clk_in1
    N11                  IBUF (Prop_ibuf_I_O)         1.384     1.384 r  System_i/clk_wiz_0/inst/clkin1_ibufg/O
                         net (fo=1, routed)           1.004     2.387    System_i/clk_wiz_0/inst/clk_in1_System_clk_wiz_0_0
    MMCME2_ADV_X0Y0      MMCME2_ADV (Prop_mmcme2_adv_CLKIN1_CLKOUT1)
                                                     -6.061    -3.674 r  System_i/clk_wiz_0/inst/mmcm_adv_inst/CLKOUT1
                         net (fo=1, routed)           1.357    -2.317    System_i/clk_wiz_0/inst/clk_out2_System_clk_wiz_0_0
    BUFGCTRL_X0Y0        BUFG (Prop_bufg_I_O)         0.077    -2.240 r  System_i/clk_wiz_0/inst/clkout2_buf/O
                         net (fo=63, routed)          1.289    -0.950    System_i/mig_7series_0/u_System_mig_7series_0_0_mig/u_ddr3_infrastructure/plle2_i_0
    PLLE2_ADV_X0Y1       PLLE2_ADV (Prop_plle2_adv_CLKIN1_CLKOUT3)
                                                      0.073    -0.877 r  System_i/mig_7series_0/u_System_mig_7series_0_0_mig/u_ddr3_infrastructure/plle2_i/CLKOUT3
                         net (fo=1, routed)           0.934     0.057    System_i/mig_7series_0/u_System_mig_7series_0_0_mig/u_ddr3_infrastructure/pll_clk3_out
    BUFHCE_X0Y12         BUFH (Prop_bufh_I_O)         0.069     0.126 r  System_i/mig_7series_0/u_System_mig_7series_0_0_mig/u_ddr3_infrastructure/u_bufh_pll_clk3/O
                         net (fo=1, routed)           0.663     0.789    System_i/mig_7series_0/u_System_mig_7series_0_0_mig/u_ddr3_infrastructure/pll_clk3
    MMCME2_ADV_X0Y1      MMCME2_ADV (Prop_mmcme2_adv_CLKIN1_CLKFBOUT)
                                                     -2.703    -1.914 r  System_i/mig_7series_0/u_System_mig_7series_0_0_mig/u_ddr3_infrastructure/gen_mmcm.mmcm_i/CLKFBOUT
                         net (fo=1, routed)           1.357    -0.557    System_i/mig_7series_0/u_System_mig_7series_0_0_mig/u_ddr3_infrastructure/clk_pll_i
    BUFGCTRL_X0Y16       BUFG (Prop_bufg_I_O)         0.077    -0.480 r  System_i/mig_7series_0/u_System_mig_7series_0_0_mig/u_ddr3_infrastructure/u_bufg_clkdiv0/O
                         net (fo=14635, routed)       1.265     0.785    System_i/axi_ethernetlite_1/U0/XEMAC_I/EMAC_I/TX/INST_TX_INTRFCE/I_TX_FIFO/gnuram_async_fifo.xpm_fifo_base_inst/gen_cdc_pntr.wr_pntr_cdc_inst/src_clk
    SLICE_X48Y1          FDRE                                         r  System_i/axi_ethernetlite_1/U0/XEMAC_I/EMAC_I/TX/INST_TX_INTRFCE/I_TX_FIFO/gnuram_async_fifo.xpm_fifo_base_inst/gen_cdc_pntr.wr_pntr_cdc_inst/src_gray_ff_reg[2]/C
  -------------------------------------------------------------------    -------------------
    SLICE_X48Y1          FDRE (Prop_fdre_C_Q)         0.304     1.089 r  System_i/axi_ethernetlite_1/U0/XEMAC_I/EMAC_I/TX/INST_TX_INTRFCE/I_TX_FIFO/gnuram_async_fifo.xpm_fifo_base_inst/gen_cdc_pntr.wr_pntr_cdc_inst/src_gray_ff_reg[2]/Q
                         net (fo=1, routed)           0.198     1.288    System_i/axi_ethernetlite_1/U0/XEMAC_I/EMAC_I/TX/INST_TX_INTRFCE/I_TX_FIFO/gnuram_async_fifo.xpm_fifo_base_inst/gen_cdc_pntr.wr_pntr_cdc_inst/async_path[2]
    SLICE_X48Y2          FDRE                                         r  System_i/axi_ethernetlite_1/U0/XEMAC_I/EMAC_I/TX/INST_TX_INTRFCE/I_TX_FIFO/gnuram_async_fifo.xpm_fifo_base_inst/gen_cdc_pntr.wr_pntr_cdc_inst/dest_graysync_ff_reg[0][2]/D
  -------------------------------------------------------------------    -------------------

                         (clock MII_1_tx_clk rise edge)
                                                      0.000     0.000 r  <hidden>
    E3                                                0.000     0.000 r  MII_1_tx_clk
                         net (fo=0)                   0.000     0.000    System_i/axi_ethernetlite_1/U0/phy_tx_clk
    E3                   IBUF (Prop_ibuf_I_O)         1.423     1.423 r  System_i/axi_ethernetlite_1/U0/NO_LOOPBACK_GEN.INCLUDE_BUFG_GEN.TX_IBUF_INST/O
                         net (fo=1, routed)           1.689     3.112    System_i/axi_ethernetlite_1/U0/o
    BUFGCTRL_X0Y20       BUFG (Prop_bufg_I_O)         0.081     3.193 r  System_i/axi_ethernetlite_1/U0/NO_LOOPBACK_GEN.INCLUDE_BUFG_GEN.CLOCK_BUFG_TX/O
                         net (fo=60, routed)          1.377     4.570    System_i/axi_ethernetlite_1/U0/XEMAC_I/EMAC_I/TX/INST_TX_INTRFCE/I_TX_FIFO/gnuram_async_fifo.xpm_fifo_base_inst/gen_cdc_pntr.wr_pntr_cdc_inst/dest_clk
    SLICE_X48Y2          FDRE                                         r  System_i/axi_ethernetlite_1/U0/XEMAC_I/EMAC_I/TX/INST_TX_INTRFCE/I_TX_FIFO/gnuram_async_fifo.xpm_fifo_base_inst/gen_cdc_pntr.wr_pntr_cdc_inst/dest_graysync_ff_reg[0][2]/C
                         clock pessimism              0.000     4.570    <hidden>
    SLICE_X48Y2          FDRE (Hold_fdre_C_D)         0.136     4.706    System_i/axi_ethernetlite_1/U0/XEMAC_I/EMAC_I/TX/INST_TX_INTRFCE/I_TX_FIFO/gnuram_async_fifo.xpm_fifo_base_inst/gen_cdc_pntr.wr_pntr_cdc_inst/dest_graysync_ff_reg[0][2]
  -------------------------------------------------------------------
                         data arrival                           1.288    <hidden>
                         clock arrival                          4.706    <hidden>
  -------------------------------------------------------------------
                         relative delay                        -3.418    <hidden>



Id: 7
set_bus_skew -from [get_cells [list {System_i/axi_ethernetlite_1/U0/XEMAC_I/EMAC_I/RX/INST_RX_INTRFCE/I_RX_FIFO/gnuram_async_fifo.xpm_fifo_base_inst/gen_cdc_pntr.rd_pntr_cdc_inst/src_gray_ff_reg[0]} {System_i/axi_ethernetlite_1/U0/XEMAC_I/EMAC_I/RX/INST_RX_INTRFCE/I_RX_FIFO/gnuram_async_fifo.xpm_fifo_base_inst/gen_cdc_pntr.rd_pntr_cdc_inst/src_gray_ff_reg[1]} {System_i/axi_ethernetlite_1/U0/XEMAC_I/EMAC_I/RX/INST_RX_INTRFCE/I_RX_FIFO/gnuram_async_fifo.xpm_fifo_base_inst/gen_cdc_pntr.rd_pntr_cdc_inst/src_gray_ff_reg[2]} {System_i/axi_ethernetlite_1/U0/XEMAC_I/EMAC_I/RX/INST_RX_INTRFCE/I_RX_FIFO/gnuram_async_fifo.xpm_fifo_base_inst/gen_cdc_pntr.rd_pntr_cdc_inst/src_gray_ff_reg[3]}]] -to [get_cells [list {System_i/axi_ethernetlite_1/U0/XEMAC_I/EMAC_I/RX/INST_RX_INTRFCE/I_RX_FIFO/gnuram_async_fifo.xpm_fifo_base_inst/gen_cdc_pntr.rd_pntr_cdc_inst/dest_graysync_ff_reg[0][0]} {System_i/axi_ethernetlite_1/U0/XEMAC_I/EMAC_I/RX/INST_RX_INTRFCE/I_RX_FIFO/gnuram_async_fifo.xpm_fifo_base_inst/gen_cdc_pntr.rd_pntr_cdc_inst/dest_graysync_ff_reg[0][1]} {System_i/axi_ethernetlite_1/U0/XEMAC_I/EMAC_I/RX/INST_RX_INTRFCE/I_RX_FIFO/gnuram_async_fifo.xpm_fifo_base_inst/gen_cdc_pntr.rd_pntr_cdc_inst/dest_graysync_ff_reg[0][2]} {System_i/axi_ethernetlite_1/U0/XEMAC_I/EMAC_I/RX/INST_RX_INTRFCE/I_RX_FIFO/gnuram_async_fifo.xpm_fifo_base_inst/gen_cdc_pntr.rd_pntr_cdc_inst/dest_graysync_ff_reg[0][3]}]] 10.000
Requirement: 10.000ns
Endpoints: 4

From Clock            To Clock              Endpoint Pin                    Reference Pin                   Corner  Actual(ns)  Slack(ns)
--------------------  --------------------  ------------------------------  ------------------------------  ------  ----------  ---------
clk_pll_i             MII_1_rx_clk          System_i/axi_ethernetlite_1/U0/XEMAC_I/EMAC_I/RX/INST_RX_INTRFCE/I_RX_FIFO/gnuram_async_fifo.xpm_fifo_base_inst/gen_cdc_pntr.rd_pntr_cdc_inst/dest_graysync_ff_reg[0][3]/D
                                                                            System_i/axi_ethernetlite_1/U0/XEMAC_I/EMAC_I/RX/INST_RX_INTRFCE/I_RX_FIFO/gnuram_async_fifo.xpm_fifo_base_inst/gen_cdc_pntr.rd_pntr_cdc_inst/dest_graysync_ff_reg[0][1]/D
                                                                                                            Slow         0.516      9.484


Slack (MET) :             9.484ns  (requirement - actual skew)
  Endpoint Source:        System_i/axi_ethernetlite_1/U0/XEMAC_I/EMAC_I/RX/INST_RX_INTRFCE/I_RX_FIFO/gnuram_async_fifo.xpm_fifo_base_inst/gen_cdc_pntr.rd_pntr_cdc_inst/src_gray_ff_reg[3]/C
                            (rising edge-triggered cell FDRE clocked by clk_pll_i)
  Endpoint Destination:   System_i/axi_ethernetlite_1/U0/XEMAC_I/EMAC_I/RX/INST_RX_INTRFCE/I_RX_FIFO/gnuram_async_fifo.xpm_fifo_base_inst/gen_cdc_pntr.rd_pntr_cdc_inst/dest_graysync_ff_reg[0][3]/D
                            (rising edge-triggered cell FDRE clocked by MII_1_rx_clk)
  Reference Source:       System_i/axi_ethernetlite_1/U0/XEMAC_I/EMAC_I/RX/INST_RX_INTRFCE/I_RX_FIFO/gnuram_async_fifo.xpm_fifo_base_inst/gen_cdc_pntr.rd_pntr_cdc_inst/src_gray_ff_reg[1]/C
                            (rising edge-triggered cell FDRE clocked by clk_pll_i)
  Reference Destination:  System_i/axi_ethernetlite_1/U0/XEMAC_I/EMAC_I/RX/INST_RX_INTRFCE/I_RX_FIFO/gnuram_async_fifo.xpm_fifo_base_inst/gen_cdc_pntr.rd_pntr_cdc_inst/dest_graysync_ff_reg[0][1]/D
                            (rising edge-triggered cell FDRE clocked by MII_1_rx_clk)
  Path Type:              Bus Skew (Max at Slow Process Corner)
  Requirement:            10.000ns
  Endpoint Relative Delay:   -1.942ns
  Reference Relative Delay:  -3.362ns
  Relative CRPR:              0.904ns
  Actual Bus Skew:            0.516ns  (Endpoint Relative Delay - Reference Relative Delay - Relative CRPR)

Endpoint path:
    Location             Delay type                Incr(ns)  Path(ns)    Netlist Resource(s)
  -------------------------------------------------------------------    -------------------
                         (clock clk_pll_i rise edge)
                                                      0.000     0.000 r  <hidden>
    N11                                               0.000     0.000 r  sys_clk
                         net (fo=0)                   0.000     0.000    System_i/clk_wiz_0/inst/clk_in1
    N11                  IBUF (Prop_ibuf_I_O)         1.450     1.450 r  System_i/clk_wiz_0/inst/clkin1_ibufg/O
                         net (fo=1, routed)           1.065     2.515    System_i/clk_wiz_0/inst/clk_in1_System_clk_wiz_0_0
    MMCME2_ADV_X0Y0      MMCME2_ADV (Prop_mmcme2_adv_CLKIN1_CLKOUT1)
                                                     -5.924    -3.410 r  System_i/clk_wiz_0/inst/mmcm_adv_inst/CLKOUT1
                         net (fo=1, routed)           1.425    -1.985    System_i/clk_wiz_0/inst/clk_out2_System_clk_wiz_0_0
    BUFGCTRL_X0Y0        BUFG (Prop_bufg_I_O)         0.081    -1.904 r  System_i/clk_wiz_0/inst/clkout2_buf/O
                         net (fo=63, routed)          1.393    -0.511    System_i/mig_7series_0/u_System_mig_7series_0_0_mig/u_ddr3_infrastructure/plle2_i_0
    PLLE2_ADV_X0Y1       PLLE2_ADV (Prop_plle2_adv_CLKIN1_CLKOUT3)
                                                      0.077    -0.434 r  System_i/mig_7series_0/u_System_mig_7series_0_0_mig/u_ddr3_infrastructure/plle2_i/CLKOUT3
                         net (fo=1, routed)           1.066     0.632    System_i/mig_7series_0/u_System_mig_7series_0_0_mig/u_ddr3_infrastructure/pll_clk3_out
    BUFHCE_X0Y12         BUFH (Prop_bufh_I_O)         0.106     0.738 r  System_i/mig_7series_0/u_System_mig_7series_0_0_mig/u_ddr3_infrastructure/u_bufh_pll_clk3/O
                         net (fo=1, routed)           0.701     1.439    System_i/mig_7series_0/u_System_mig_7series_0_0_mig/u_ddr3_infrastructure/pll_clk3
    MMCME2_ADV_X0Y1      MMCME2_ADV (Prop_mmcme2_adv_CLKIN1_CLKFBOUT)
                                                     -2.877    -1.438 r  System_i/mig_7series_0/u_System_mig_7series_0_0_mig/u_ddr3_infrastructure/gen_mmcm.mmcm_i/CLKFBOUT
                         net (fo=1, routed)           1.425    -0.013    System_i/mig_7series_0/u_System_mig_7series_0_0_mig/u_ddr3_infrastructure/clk_pll_i
    BUFGCTRL_X0Y16       BUFG (Prop_bufg_I_O)         0.081     0.068 r  System_i/mig_7series_0/u_System_mig_7series_0_0_mig/u_ddr3_infrastructure/u_bufg_clkdiv0/O
                         net (fo=14635, routed)       1.377     1.445    System_i/axi_ethernetlite_1/U0/XEMAC_I/EMAC_I/RX/INST_RX_INTRFCE/I_RX_FIFO/gnuram_async_fifo.xpm_fifo_base_inst/gen_cdc_pntr.rd_pntr_cdc_inst/src_clk
    SLICE_X48Y4          FDRE                                         r  System_i/axi_ethernetlite_1/U0/XEMAC_I/EMAC_I/RX/INST_RX_INTRFCE/I_RX_FIFO/gnuram_async_fifo.xpm_fifo_base_inst/gen_cdc_pntr.rd_pntr_cdc_inst/src_gray_ff_reg[3]/C
  -------------------------------------------------------------------    -------------------
    SLICE_X48Y4          FDRE (Prop_fdre_C_Q)         0.348     1.793 r  System_i/axi_ethernetlite_1/U0/XEMAC_I/EMAC_I/RX/INST_RX_INTRFCE/I_RX_FIFO/gnuram_async_fifo.xpm_fifo_base_inst/gen_cdc_pntr.rd_pntr_cdc_inst/src_gray_ff_reg[3]/Q
                         net (fo=1, routed)           0.380     2.173    System_i/axi_ethernetlite_1/U0/XEMAC_I/EMAC_I/RX/INST_RX_INTRFCE/I_RX_FIFO/gnuram_async_fifo.xpm_fifo_base_inst/gen_cdc_pntr.rd_pntr_cdc_inst/async_path[3]
    SLICE_X48Y5          FDRE                                         r  System_i/axi_ethernetlite_1/U0/XEMAC_I/EMAC_I/RX/INST_RX_INTRFCE/I_RX_FIFO/gnuram_async_fifo.xpm_fifo_base_inst/gen_cdc_pntr.rd_pntr_cdc_inst/dest_graysync_ff_reg[0][3]/D
  -------------------------------------------------------------------    -------------------

                         (clock MII_1_rx_clk rise edge)
                                                      0.000     0.000 r  <hidden>
    D4                                                0.000     0.000 r  MII_1_rx_clk
                         net (fo=0)                   0.000     0.000    System_i/axi_ethernetlite_1/U0/phy_rx_clk
    D4                   IBUF (Prop_ibuf_I_O)         1.384     1.384 r  System_i/axi_ethernetlite_1/U0/NO_LOOPBACK_GEN.INCLUDE_BUFG_GEN.RX_IBUF_INST/O
                         net (fo=1, routed)           1.599     2.983    System_i/axi_ethernetlite_1/U0/NO_LOOPBACK_GEN.INCLUDE_BUFG_GEN.RX_IBUF_INST_n_0
    BUFGCTRL_X0Y18       BUFG (Prop_bufg_I_O)         0.077     3.060 r  System_i/axi_ethernetlite_1/U0/NO_LOOPBACK_GEN.INCLUDE_BUFG_GEN.CLOCK_BUFG_RX/O
                         net (fo=64, routed)          1.265     4.325    System_i/axi_ethernetlite_1/U0/XEMAC_I/EMAC_I/RX/INST_RX_INTRFCE/I_RX_FIFO/gnuram_async_fifo.xpm_fifo_base_inst/gen_cdc_pntr.rd_pntr_cdc_inst/dest_clk
    SLICE_X48Y5          FDRE                                         r  System_i/axi_ethernetlite_1/U0/XEMAC_I/EMAC_I/RX/INST_RX_INTRFCE/I_RX_FIFO/gnuram_async_fifo.xpm_fifo_base_inst/gen_cdc_pntr.rd_pntr_cdc_inst/dest_graysync_ff_reg[0][3]/C
                         clock pessimism              0.000     4.325    <hidden>
    SLICE_X48Y5          FDRE (Setup_fdre_C_D)       -0.210     4.115    System_i/axi_ethernetlite_1/U0/XEMAC_I/EMAC_I/RX/INST_RX_INTRFCE/I_RX_FIFO/gnuram_async_fifo.xpm_fifo_base_inst/gen_cdc_pntr.rd_pntr_cdc_inst/dest_graysync_ff_reg[0][3]
  -------------------------------------------------------------------
                         data arrival                           2.173    <hidden>
                         clock arrival                          4.115    <hidden>
  -------------------------------------------------------------------
                         relative delay                        -1.942    <hidden>

Reference path:
    Location             Delay type                Incr(ns)  Path(ns)    Netlist Resource(s)
  -------------------------------------------------------------------    -------------------
                         (clock clk_pll_i rise edge)
                                                      0.000     0.000 r  <hidden>
    N11                                               0.000     0.000 r  sys_clk
                         net (fo=0)                   0.000     0.000    System_i/clk_wiz_0/inst/clk_in1
    N11                  IBUF (Prop_ibuf_I_O)         1.384     1.384 r  System_i/clk_wiz_0/inst/clkin1_ibufg/O
                         net (fo=1, routed)           1.004     2.387    System_i/clk_wiz_0/inst/clk_in1_System_clk_wiz_0_0
    MMCME2_ADV_X0Y0      MMCME2_ADV (Prop_mmcme2_adv_CLKIN1_CLKOUT1)
                                                     -6.061    -3.674 r  System_i/clk_wiz_0/inst/mmcm_adv_inst/CLKOUT1
                         net (fo=1, routed)           1.357    -2.317    System_i/clk_wiz_0/inst/clk_out2_System_clk_wiz_0_0
    BUFGCTRL_X0Y0        BUFG (Prop_bufg_I_O)         0.077    -2.240 r  System_i/clk_wiz_0/inst/clkout2_buf/O
                         net (fo=63, routed)          1.289    -0.950    System_i/mig_7series_0/u_System_mig_7series_0_0_mig/u_ddr3_infrastructure/plle2_i_0
    PLLE2_ADV_X0Y1       PLLE2_ADV (Prop_plle2_adv_CLKIN1_CLKOUT3)
                                                      0.073    -0.877 r  System_i/mig_7series_0/u_System_mig_7series_0_0_mig/u_ddr3_infrastructure/plle2_i/CLKOUT3
                         net (fo=1, routed)           0.934     0.057    System_i/mig_7series_0/u_System_mig_7series_0_0_mig/u_ddr3_infrastructure/pll_clk3_out
    BUFHCE_X0Y12         BUFH (Prop_bufh_I_O)         0.069     0.126 r  System_i/mig_7series_0/u_System_mig_7series_0_0_mig/u_ddr3_infrastructure/u_bufh_pll_clk3/O
                         net (fo=1, routed)           0.663     0.789    System_i/mig_7series_0/u_System_mig_7series_0_0_mig/u_ddr3_infrastructure/pll_clk3
    MMCME2_ADV_X0Y1      MMCME2_ADV (Prop_mmcme2_adv_CLKIN1_CLKFBOUT)
                                                     -2.703    -1.914 r  System_i/mig_7series_0/u_System_mig_7series_0_0_mig/u_ddr3_infrastructure/gen_mmcm.mmcm_i/CLKFBOUT
                         net (fo=1, routed)           1.357    -0.557    System_i/mig_7series_0/u_System_mig_7series_0_0_mig/u_ddr3_infrastructure/clk_pll_i
    BUFGCTRL_X0Y16       BUFG (Prop_bufg_I_O)         0.077    -0.480 r  System_i/mig_7series_0/u_System_mig_7series_0_0_mig/u_ddr3_infrastructure/u_bufg_clkdiv0/O
                         net (fo=14635, routed)       1.265     0.785    System_i/axi_ethernetlite_1/U0/XEMAC_I/EMAC_I/RX/INST_RX_INTRFCE/I_RX_FIFO/gnuram_async_fifo.xpm_fifo_base_inst/gen_cdc_pntr.rd_pntr_cdc_inst/src_clk
    SLICE_X48Y4          FDRE                                         r  System_i/axi_ethernetlite_1/U0/XEMAC_I/EMAC_I/RX/INST_RX_INTRFCE/I_RX_FIFO/gnuram_async_fifo.xpm_fifo_base_inst/gen_cdc_pntr.rd_pntr_cdc_inst/src_gray_ff_reg[1]/C
  -------------------------------------------------------------------    -------------------
    SLICE_X48Y4          FDRE (Prop_fdre_C_Q)         0.279     1.064 r  System_i/axi_ethernetlite_1/U0/XEMAC_I/EMAC_I/RX/INST_RX_INTRFCE/I_RX_FIFO/gnuram_async_fifo.xpm_fifo_base_inst/gen_cdc_pntr.rd_pntr_cdc_inst/src_gray_ff_reg[1]/Q
                         net (fo=1, routed)           0.197     1.261    System_i/axi_ethernetlite_1/U0/XEMAC_I/EMAC_I/RX/INST_RX_INTRFCE/I_RX_FIFO/gnuram_async_fifo.xpm_fifo_base_inst/gen_cdc_pntr.rd_pntr_cdc_inst/async_path[1]
    SLICE_X48Y3          FDRE                                         r  System_i/axi_ethernetlite_1/U0/XEMAC_I/EMAC_I/RX/INST_RX_INTRFCE/I_RX_FIFO/gnuram_async_fifo.xpm_fifo_base_inst/gen_cdc_pntr.rd_pntr_cdc_inst/dest_graysync_ff_reg[0][1]/D
  -------------------------------------------------------------------    -------------------

                         (clock MII_1_rx_clk rise edge)
                                                      0.000     0.000 r  <hidden>
    D4                                                0.000     0.000 r  MII_1_rx_clk
                         net (fo=0)                   0.000     0.000    System_i/axi_ethernetlite_1/U0/phy_rx_clk
    D4                   IBUF (Prop_ibuf_I_O)         1.450     1.450 r  System_i/axi_ethernetlite_1/U0/NO_LOOPBACK_GEN.INCLUDE_BUFG_GEN.RX_IBUF_INST/O
                         net (fo=1, routed)           1.689     3.139    System_i/axi_ethernetlite_1/U0/NO_LOOPBACK_GEN.INCLUDE_BUFG_GEN.RX_IBUF_INST_n_0
    BUFGCTRL_X0Y18       BUFG (Prop_bufg_I_O)         0.081     3.220 r  System_i/axi_ethernetlite_1/U0/NO_LOOPBACK_GEN.INCLUDE_BUFG_GEN.CLOCK_BUFG_RX/O
                         net (fo=64, routed)          1.377     4.597    System_i/axi_ethernetlite_1/U0/XEMAC_I/EMAC_I/RX/INST_RX_INTRFCE/I_RX_FIFO/gnuram_async_fifo.xpm_fifo_base_inst/gen_cdc_pntr.rd_pntr_cdc_inst/dest_clk
    SLICE_X48Y3          FDRE                                         r  System_i/axi_ethernetlite_1/U0/XEMAC_I/EMAC_I/RX/INST_RX_INTRFCE/I_RX_FIFO/gnuram_async_fifo.xpm_fifo_base_inst/gen_cdc_pntr.rd_pntr_cdc_inst/dest_graysync_ff_reg[0][1]/C
                         clock pessimism              0.000     4.597    <hidden>
    SLICE_X48Y3          FDRE (Hold_fdre_C_D)         0.026     4.623    System_i/axi_ethernetlite_1/U0/XEMAC_I/EMAC_I/RX/INST_RX_INTRFCE/I_RX_FIFO/gnuram_async_fifo.xpm_fifo_base_inst/gen_cdc_pntr.rd_pntr_cdc_inst/dest_graysync_ff_reg[0][1]
  -------------------------------------------------------------------
                         data arrival                           1.261    <hidden>
                         clock arrival                          4.623    <hidden>
  -------------------------------------------------------------------
                         relative delay                        -3.362    <hidden>



Id: 8
set_bus_skew -from [get_cells [list {System_i/axi_ethernetlite_1/U0/XEMAC_I/EMAC_I/RX/INST_RX_INTRFCE/I_RX_FIFO/gnuram_async_fifo.xpm_fifo_base_inst/gen_cdc_pntr.wr_pntr_cdc_inst/src_gray_ff_reg[0]} {System_i/axi_ethernetlite_1/U0/XEMAC_I/EMAC_I/RX/INST_RX_INTRFCE/I_RX_FIFO/gnuram_async_fifo.xpm_fifo_base_inst/gen_cdc_pntr.wr_pntr_cdc_inst/src_gray_ff_reg[1]} {System_i/axi_ethernetlite_1/U0/XEMAC_I/EMAC_I/RX/INST_RX_INTRFCE/I_RX_FIFO/gnuram_async_fifo.xpm_fifo_base_inst/gen_cdc_pntr.wr_pntr_cdc_inst/src_gray_ff_reg[2]} {System_i/axi_ethernetlite_1/U0/XEMAC_I/EMAC_I/RX/INST_RX_INTRFCE/I_RX_FIFO/gnuram_async_fifo.xpm_fifo_base_inst/gen_cdc_pntr.wr_pntr_cdc_inst/src_gray_ff_reg[3]}]] -to [get_cells [list {System_i/axi_ethernetlite_1/U0/XEMAC_I/EMAC_I/RX/INST_RX_INTRFCE/I_RX_FIFO/gnuram_async_fifo.xpm_fifo_base_inst/gen_cdc_pntr.wr_pntr_cdc_inst/dest_graysync_ff_reg[0][0]} {System_i/axi_ethernetlite_1/U0/XEMAC_I/EMAC_I/RX/INST_RX_INTRFCE/I_RX_FIFO/gnuram_async_fifo.xpm_fifo_base_inst/gen_cdc_pntr.wr_pntr_cdc_inst/dest_graysync_ff_reg[0][1]} {System_i/axi_ethernetlite_1/U0/XEMAC_I/EMAC_I/RX/INST_RX_INTRFCE/I_RX_FIFO/gnuram_async_fifo.xpm_fifo_base_inst/gen_cdc_pntr.wr_pntr_cdc_inst/dest_graysync_ff_reg[0][2]} {System_i/axi_ethernetlite_1/U0/XEMAC_I/EMAC_I/RX/INST_RX_INTRFCE/I_RX_FIFO/gnuram_async_fifo.xpm_fifo_base_inst/gen_cdc_pntr.wr_pntr_cdc_inst/dest_graysync_ff_reg[0][3]}]] 10.000
Requirement: 10.000ns
Endpoints: 4

From Clock            To Clock              Endpoint Pin                    Reference Pin                   Corner  Actual(ns)  Slack(ns)
--------------------  --------------------  ------------------------------  ------------------------------  ------  ----------  ---------
MII_1_rx_clk          clk_pll_i             System_i/axi_ethernetlite_1/U0/XEMAC_I/EMAC_I/RX/INST_RX_INTRFCE/I_RX_FIFO/gnuram_async_fifo.xpm_fifo_base_inst/gen_cdc_pntr.wr_pntr_cdc_inst/dest_graysync_ff_reg[0][1]/D
                                                                            System_i/axi_ethernetlite_1/U0/XEMAC_I/EMAC_I/RX/INST_RX_INTRFCE/I_RX_FIFO/gnuram_async_fifo.xpm_fifo_base_inst/gen_cdc_pntr.wr_pntr_cdc_inst/dest_graysync_ff_reg[0][2]/D
                                                                                                            Slow         0.770      9.230


Slack (MET) :             9.230ns  (requirement - actual skew)
  Endpoint Source:        System_i/axi_ethernetlite_1/U0/XEMAC_I/EMAC_I/RX/INST_RX_INTRFCE/I_RX_FIFO/gnuram_async_fifo.xpm_fifo_base_inst/gen_cdc_pntr.wr_pntr_cdc_inst/src_gray_ff_reg[1]/C
                            (rising edge-triggered cell FDRE clocked by MII_1_rx_clk)
  Endpoint Destination:   System_i/axi_ethernetlite_1/U0/XEMAC_I/EMAC_I/RX/INST_RX_INTRFCE/I_RX_FIFO/gnuram_async_fifo.xpm_fifo_base_inst/gen_cdc_pntr.wr_pntr_cdc_inst/dest_graysync_ff_reg[0][1]/D
                            (rising edge-triggered cell FDRE clocked by clk_pll_i)
  Reference Source:       System_i/axi_ethernetlite_1/U0/XEMAC_I/EMAC_I/RX/INST_RX_INTRFCE/I_RX_FIFO/gnuram_async_fifo.xpm_fifo_base_inst/gen_cdc_pntr.wr_pntr_cdc_inst/src_gray_ff_reg[2]/C
                            (rising edge-triggered cell FDRE clocked by MII_1_rx_clk)
  Reference Destination:  System_i/axi_ethernetlite_1/U0/XEMAC_I/EMAC_I/RX/INST_RX_INTRFCE/I_RX_FIFO/gnuram_async_fifo.xpm_fifo_base_inst/gen_cdc_pntr.wr_pntr_cdc_inst/dest_graysync_ff_reg[0][2]/D
                            (rising edge-triggered cell FDRE clocked by clk_pll_i)
  Path Type:              Bus Skew (Max at Slow Process Corner)
  Requirement:            10.000ns
  Endpoint Relative Delay:    4.875ns
  Reference Relative Delay:   3.247ns
  Relative CRPR:              0.859ns
  Actual Bus Skew:            0.770ns  (Endpoint Relative Delay - Reference Relative Delay - Relative CRPR)

Endpoint path:
    Location             Delay type                Incr(ns)  Path(ns)    Netlist Resource(s)
  -------------------------------------------------------------------    -------------------
                         (clock MII_1_rx_clk rise edge)
                                                      0.000     0.000 r  <hidden>
    D4                                                0.000     0.000 r  MII_1_rx_clk
                         net (fo=0)                   0.000     0.000    System_i/axi_ethernetlite_1/U0/phy_rx_clk
    D4                   IBUF (Prop_ibuf_I_O)         1.450     1.450 r  System_i/axi_ethernetlite_1/U0/NO_LOOPBACK_GEN.INCLUDE_BUFG_GEN.RX_IBUF_INST/O
                         net (fo=1, routed)           1.689     3.139    System_i/axi_ethernetlite_1/U0/NO_LOOPBACK_GEN.INCLUDE_BUFG_GEN.RX_IBUF_INST_n_0
    BUFGCTRL_X0Y18       BUFG (Prop_bufg_I_O)         0.081     3.220 r  System_i/axi_ethernetlite_1/U0/NO_LOOPBACK_GEN.INCLUDE_BUFG_GEN.CLOCK_BUFG_RX/O
                         net (fo=64, routed)          1.377     4.597    System_i/axi_ethernetlite_1/U0/XEMAC_I/EMAC_I/RX/INST_RX_INTRFCE/I_RX_FIFO/gnuram_async_fifo.xpm_fifo_base_inst/gen_cdc_pntr.wr_pntr_cdc_inst/src_clk
    SLICE_X48Y5          FDRE                                         r  System_i/axi_ethernetlite_1/U0/XEMAC_I/EMAC_I/RX/INST_RX_INTRFCE/I_RX_FIFO/gnuram_async_fifo.xpm_fifo_base_inst/gen_cdc_pntr.wr_pntr_cdc_inst/src_gray_ff_reg[1]/C
  -------------------------------------------------------------------    -------------------
    SLICE_X48Y5          FDRE (Prop_fdre_C_Q)         0.348     4.945 r  System_i/axi_ethernetlite_1/U0/XEMAC_I/EMAC_I/RX/INST_RX_INTRFCE/I_RX_FIFO/gnuram_async_fifo.xpm_fifo_base_inst/gen_cdc_pntr.wr_pntr_cdc_inst/src_gray_ff_reg[1]/Q
                         net (fo=1, routed)           0.546     5.491    System_i/axi_ethernetlite_1/U0/XEMAC_I/EMAC_I/RX/INST_RX_INTRFCE/I_RX_FIFO/gnuram_async_fifo.xpm_fifo_base_inst/gen_cdc_pntr.wr_pntr_cdc_inst/async_path[1]
    SLICE_X46Y6          FDRE                                         r  System_i/axi_ethernetlite_1/U0/XEMAC_I/EMAC_I/RX/INST_RX_INTRFCE/I_RX_FIFO/gnuram_async_fifo.xpm_fifo_base_inst/gen_cdc_pntr.wr_pntr_cdc_inst/dest_graysync_ff_reg[0][1]/D
  -------------------------------------------------------------------    -------------------

                         (clock clk_pll_i rise edge)
                                                      0.000     0.000 r  <hidden>
    N11                                               0.000     0.000 r  sys_clk
                         net (fo=0)                   0.000     0.000    System_i/clk_wiz_0/inst/clk_in1
    N11                  IBUF (Prop_ibuf_I_O)         1.384     1.384 r  System_i/clk_wiz_0/inst/clkin1_ibufg/O
                         net (fo=1, routed)           1.004     2.387    System_i/clk_wiz_0/inst/clk_in1_System_clk_wiz_0_0
    MMCME2_ADV_X0Y0      MMCME2_ADV (Prop_mmcme2_adv_CLKIN1_CLKOUT1)
                                                     -6.061    -3.674 r  System_i/clk_wiz_0/inst/mmcm_adv_inst/CLKOUT1
                         net (fo=1, routed)           1.357    -2.317    System_i/clk_wiz_0/inst/clk_out2_System_clk_wiz_0_0
    BUFGCTRL_X0Y0        BUFG (Prop_bufg_I_O)         0.077    -2.240 r  System_i/clk_wiz_0/inst/clkout2_buf/O
                         net (fo=63, routed)          1.289    -0.950    System_i/mig_7series_0/u_System_mig_7series_0_0_mig/u_ddr3_infrastructure/plle2_i_0
    PLLE2_ADV_X0Y1       PLLE2_ADV (Prop_plle2_adv_CLKIN1_CLKOUT3)
                                                      0.073    -0.877 r  System_i/mig_7series_0/u_System_mig_7series_0_0_mig/u_ddr3_infrastructure/plle2_i/CLKOUT3
                         net (fo=1, routed)           0.934     0.057    System_i/mig_7series_0/u_System_mig_7series_0_0_mig/u_ddr3_infrastructure/pll_clk3_out
    BUFHCE_X0Y12         BUFH (Prop_bufh_I_O)         0.069     0.126 r  System_i/mig_7series_0/u_System_mig_7series_0_0_mig/u_ddr3_infrastructure/u_bufh_pll_clk3/O
                         net (fo=1, routed)           0.663     0.789    System_i/mig_7series_0/u_System_mig_7series_0_0_mig/u_ddr3_infrastructure/pll_clk3
    MMCME2_ADV_X0Y1      MMCME2_ADV (Prop_mmcme2_adv_CLKIN1_CLKFBOUT)
                                                     -2.703    -1.914 r  System_i/mig_7series_0/u_System_mig_7series_0_0_mig/u_ddr3_infrastructure/gen_mmcm.mmcm_i/CLKFBOUT
                         net (fo=1, routed)           1.357    -0.557    System_i/mig_7series_0/u_System_mig_7series_0_0_mig/u_ddr3_infrastructure/clk_pll_i
    BUFGCTRL_X0Y16       BUFG (Prop_bufg_I_O)         0.077    -0.480 r  System_i/mig_7series_0/u_System_mig_7series_0_0_mig/u_ddr3_infrastructure/u_bufg_clkdiv0/O
                         net (fo=14635, routed)       1.262     0.782    System_i/axi_ethernetlite_1/U0/XEMAC_I/EMAC_I/RX/INST_RX_INTRFCE/I_RX_FIFO/gnuram_async_fifo.xpm_fifo_base_inst/gen_cdc_pntr.wr_pntr_cdc_inst/dest_clk
    SLICE_X46Y6          FDRE                                         r  System_i/axi_ethernetlite_1/U0/XEMAC_I/EMAC_I/RX/INST_RX_INTRFCE/I_RX_FIFO/gnuram_async_fifo.xpm_fifo_base_inst/gen_cdc_pntr.wr_pntr_cdc_inst/dest_graysync_ff_reg[0][1]/C
                         clock pessimism              0.000     0.782    <hidden>
    SLICE_X46Y6          FDRE (Setup_fdre_C_D)       -0.166     0.616    System_i/axi_ethernetlite_1/U0/XEMAC_I/EMAC_I/RX/INST_RX_INTRFCE/I_RX_FIFO/gnuram_async_fifo.xpm_fifo_base_inst/gen_cdc_pntr.wr_pntr_cdc_inst/dest_graysync_ff_reg[0][1]
  -------------------------------------------------------------------
                         data arrival                           5.491    <hidden>
                         clock arrival                          0.616    <hidden>
  -------------------------------------------------------------------
                         relative delay                         4.875    <hidden>

Reference path:
    Location             Delay type                Incr(ns)  Path(ns)    Netlist Resource(s)
  -------------------------------------------------------------------    -------------------
                         (clock MII_1_rx_clk rise edge)
                                                      0.000     0.000 r  <hidden>
    D4                                                0.000     0.000 r  MII_1_rx_clk
                         net (fo=0)                   0.000     0.000    System_i/axi_ethernetlite_1/U0/phy_rx_clk
    D4                   IBUF (Prop_ibuf_I_O)         1.384     1.384 r  System_i/axi_ethernetlite_1/U0/NO_LOOPBACK_GEN.INCLUDE_BUFG_GEN.RX_IBUF_INST/O
                         net (fo=1, routed)           1.599     2.983    System_i/axi_ethernetlite_1/U0/NO_LOOPBACK_GEN.INCLUDE_BUFG_GEN.RX_IBUF_INST_n_0
    BUFGCTRL_X0Y18       BUFG (Prop_bufg_I_O)         0.077     3.060 r  System_i/axi_ethernetlite_1/U0/NO_LOOPBACK_GEN.INCLUDE_BUFG_GEN.CLOCK_BUFG_RX/O
                         net (fo=64, routed)          1.265     4.325    System_i/axi_ethernetlite_1/U0/XEMAC_I/EMAC_I/RX/INST_RX_INTRFCE/I_RX_FIFO/gnuram_async_fifo.xpm_fifo_base_inst/gen_cdc_pntr.wr_pntr_cdc_inst/src_clk
    SLICE_X48Y3          FDRE                                         r  System_i/axi_ethernetlite_1/U0/XEMAC_I/EMAC_I/RX/INST_RX_INTRFCE/I_RX_FIFO/gnuram_async_fifo.xpm_fifo_base_inst/gen_cdc_pntr.wr_pntr_cdc_inst/src_gray_ff_reg[2]/C
  -------------------------------------------------------------------    -------------------
    SLICE_X48Y3          FDRE (Prop_fdre_C_Q)         0.304     4.629 r  System_i/axi_ethernetlite_1/U0/XEMAC_I/EMAC_I/RX/INST_RX_INTRFCE/I_RX_FIFO/gnuram_async_fifo.xpm_fifo_base_inst/gen_cdc_pntr.wr_pntr_cdc_inst/src_gray_ff_reg[2]/Q
                         net (fo=1, routed)           0.202     4.831    System_i/axi_ethernetlite_1/U0/XEMAC_I/EMAC_I/RX/INST_RX_INTRFCE/I_RX_FIFO/gnuram_async_fifo.xpm_fifo_base_inst/gen_cdc_pntr.wr_pntr_cdc_inst/async_path[2]
    SLICE_X48Y4          FDRE                                         r  System_i/axi_ethernetlite_1/U0/XEMAC_I/EMAC_I/RX/INST_RX_INTRFCE/I_RX_FIFO/gnuram_async_fifo.xpm_fifo_base_inst/gen_cdc_pntr.wr_pntr_cdc_inst/dest_graysync_ff_reg[0][2]/D
  -------------------------------------------------------------------    -------------------

                         (clock clk_pll_i rise edge)
                                                      0.000     0.000 r  <hidden>
    N11                                               0.000     0.000 r  sys_clk
                         net (fo=0)                   0.000     0.000    System_i/clk_wiz_0/inst/clk_in1
    N11                  IBUF (Prop_ibuf_I_O)         1.450     1.450 r  System_i/clk_wiz_0/inst/clkin1_ibufg/O
                         net (fo=1, routed)           1.065     2.515    System_i/clk_wiz_0/inst/clk_in1_System_clk_wiz_0_0
    MMCME2_ADV_X0Y0      MMCME2_ADV (Prop_mmcme2_adv_CLKIN1_CLKOUT1)
                                                     -5.924    -3.410 r  System_i/clk_wiz_0/inst/mmcm_adv_inst/CLKOUT1
                         net (fo=1, routed)           1.425    -1.985    System_i/clk_wiz_0/inst/clk_out2_System_clk_wiz_0_0
    BUFGCTRL_X0Y0        BUFG (Prop_bufg_I_O)         0.081    -1.904 r  System_i/clk_wiz_0/inst/clkout2_buf/O
                         net (fo=63, routed)          1.393    -0.511    System_i/mig_7series_0/u_System_mig_7series_0_0_mig/u_ddr3_infrastructure/plle2_i_0
    PLLE2_ADV_X0Y1       PLLE2_ADV (Prop_plle2_adv_CLKIN1_CLKOUT3)
                                                      0.077    -0.434 r  System_i/mig_7series_0/u_System_mig_7series_0_0_mig/u_ddr3_infrastructure/plle2_i/CLKOUT3
                         net (fo=1, routed)           1.066     0.632    System_i/mig_7series_0/u_System_mig_7series_0_0_mig/u_ddr3_infrastructure/pll_clk3_out
    BUFHCE_X0Y12         BUFH (Prop_bufh_I_O)         0.106     0.738 r  System_i/mig_7series_0/u_System_mig_7series_0_0_mig/u_ddr3_infrastructure/u_bufh_pll_clk3/O
                         net (fo=1, routed)           0.701     1.439    System_i/mig_7series_0/u_System_mig_7series_0_0_mig/u_ddr3_infrastructure/pll_clk3
    MMCME2_ADV_X0Y1      MMCME2_ADV (Prop_mmcme2_adv_CLKIN1_CLKFBOUT)
                                                     -2.877    -1.438 r  System_i/mig_7series_0/u_System_mig_7series_0_0_mig/u_ddr3_infrastructure/gen_mmcm.mmcm_i/CLKFBOUT
                         net (fo=1, routed)           1.425    -0.013    System_i/mig_7series_0/u_System_mig_7series_0_0_mig/u_ddr3_infrastructure/clk_pll_i
    BUFGCTRL_X0Y16       BUFG (Prop_bufg_I_O)         0.081     0.068 r  System_i/mig_7series_0/u_System_mig_7series_0_0_mig/u_ddr3_infrastructure/u_bufg_clkdiv0/O
                         net (fo=14635, routed)       1.377     1.445    System_i/axi_ethernetlite_1/U0/XEMAC_I/EMAC_I/RX/INST_RX_INTRFCE/I_RX_FIFO/gnuram_async_fifo.xpm_fifo_base_inst/gen_cdc_pntr.wr_pntr_cdc_inst/dest_clk
    SLICE_X48Y4          FDRE                                         r  System_i/axi_ethernetlite_1/U0/XEMAC_I/EMAC_I/RX/INST_RX_INTRFCE/I_RX_FIFO/gnuram_async_fifo.xpm_fifo_base_inst/gen_cdc_pntr.wr_pntr_cdc_inst/dest_graysync_ff_reg[0][2]/C
                         clock pessimism              0.000     1.445    <hidden>
    SLICE_X48Y4          FDRE (Hold_fdre_C_D)         0.139     1.584    System_i/axi_ethernetlite_1/U0/XEMAC_I/EMAC_I/RX/INST_RX_INTRFCE/I_RX_FIFO/gnuram_async_fifo.xpm_fifo_base_inst/gen_cdc_pntr.wr_pntr_cdc_inst/dest_graysync_ff_reg[0][2]
  -------------------------------------------------------------------
                         data arrival                           4.831    <hidden>
                         clock arrival                          1.584    <hidden>
  -------------------------------------------------------------------
                         relative delay                         3.247    <hidden>



